,bt,transmission,ownerNo,model,modelYear,variantName,City,Insurance Validity,Fuel Type,Kms Driven,Seating Capacity,Mileage,price,Age_of_the_Car
0,Hatchback,Manual,3,Maruti Celerio,2015,VXI,Bangalore,Third Party insurance,Petrol,120000.0,5,29.0,400000,9
1,Hatchback,Manual,1,Tata Tiago,2018,1.2 Revotron XZ,Bangalore,Comprehensive,Petrol,11949.0,5,29.0,585000,6
2,Sedan,Manual,1,Hyundai Xcent,2014,1.2 Kappa S Option,Bangalore,Comprehensive,Petrol,17794.0,5,29.0,462000,10
3,SUV,Manual,1,Maruti SX4 S Cross,2015,DDiS 200 Zeta,Bangalore,Third Party insurance,Diesel,60000.0,5,29.0,790000,9
4,Hatchback,Manual,1,Datsun GO,2017,T Option BSIV,Bangalore,Comprehensive,Petrol,37772.0,5,29.0,345000,7
5,SUV,Automatic,1,Hyundai Venue,2021,SX Plus Turbo DCT BSIV,Bangalore,Third Party insurance,Petrol,30000.0,5,29.0,1200000,3
6,Sedan,Automatic,1,Maruti Ciaz,2018,Alpha Automatic BSIV,Bangalore,Comprehensive,Petrol,37000.0,5,29.0,960000,6
7,Hatchback,Manual,1,Tata Tiago,2017,1.2 Revotron XZ WO Alloy,Bangalore,Comprehensive,Petrol,11949.0,5,29.0,585000,7
8,Hatchback,Manual,1,Maruti Baleno,2018,1.2 Delta,Bangalore,Third Party insurance,Petrol,50000.0,5,29.0,690000,6
9,Hatchback,Automatic,1,Hyundai Grand i10,2019,1.2 Kappa Sportz Option AT,Bangalore,Third Party insurance,Petrol,24887.0,5,29.0,682000,5
10,Hatchback,Automatic,1,Honda Jazz,2018,VX CVT,Bangalore,Comprehensive,Petrol,23000.0,5,29.0,825000,6
11,Hatchback,Automatic,1,Tata Tiago,2018,1.2 Revotron XZA,Bangalore,Comprehensive,Petrol,48928.0,5,29.0,595000,6
12,SUV,Manual,1,Jeep Compass,2018,2.0 Limited,Bangalore,Third Party insurance,Diesel,80000.0,5,29.0,1350000,6
13,Hatchback,Manual,2,Hyundai i20,2014,Asta 1.4 CRDi,Bangalore,Comprehensive,Diesel,65376.0,5,29.0,521000,10
14,SUV,Manual,1,Tata Nexon,2022,XM Plus S BSVI,Bangalore,Third Party insurance,Petrol,10000.0,5,29.0,1005000,2
15,Sedan,Manual,2,Honda City,2016,i VTEC V,Bangalore,Comprehensive,Petrol,67000.0,5,29.0,775000,8
16,Hatchback,Manual,1,Maruti Swift,2016,VXI,Bangalore,Comprehensive,Petrol,18083.0,5,29.0,582000,8
17,SUV,Manual,1,Renault Duster,2020,RXS,Bangalore,Third Party insurance,Petrol,30000.0,5,29.0,1090000,4
18,Hatchback,Manual,2,Tata Tiago,2016,1.2 Revotron XZ,Bangalore,Comprehensive,Petrol,57634.0,5,29.0,457000,8
19,Sedan,Manual,1,Honda City,2015,i VTEC V,Bangalore,Third Party insurance,Petrol,110000.0,5,29.0,550000,9
20,Hatchback,Automatic,1,Hyundai Santro,2018,Sportz AMT BSIV,Bangalore,Comprehensive,Petrol,23447.0,5,29.0,570000,6
21,Hatchback,Manual,2,Hyundai Santro Xing,2009,GLS LPG,Bangalore,Third Party insurance,LPG,30000.0,5,29.0,220000,15
22,Sedan,Manual,1,Hyundai Xcent,2018,1.2 VTVT SX,Bangalore,Third Party insurance,Petrol,50000.0,5,29.0,674000,6
23,Hatchback,Manual,1,Maruti Wagon R,2015,VXI BS IV,Bangalore,Comprehensive,Petrol,12434.0,5,29.0,349000,9
24,Hatchback,Manual,2,Maruti Wagon R,2015,VXI BS IV,Bangalore,Comprehensive,Petrol,40987.0,5,29.0,406000,9
25,SUV,Automatic,2,Renault Duster,2020,RXZ 110PS AMT BSIV,Bangalore,Third Party insurance,Diesel,40000.0,5,29.0,1100000,4
26,Hatchback,Manual,1,Hyundai i20,2016,Sportz 1.2,Bangalore,Comprehensive,Petrol,89667.0,5,29.0,594000,8
27,Hatchback,Manual,1,Hyundai i20,2017,Asta Option 1.4 CRDi,Bangalore,Third Party insurance,Diesel,120000.0,5,29.0,710000,7
28,Hatchback,Manual,1,Maruti Baleno,2017,1.2 Zeta,Bangalore,Zero Dep,Petrol,56997.0,5,29.0,692000,7
29,Sedan,Manual,1,Hyundai Elantra,2013,SX,Bangalore,Third Party insurance,Petrol,120000.0,5,29.0,650000,11
30,Hatchback,Manual,1,Maruti Alto 800,2021,VXI Plus BSVI,Bangalore,Zero Dep,Petrol,18835.0,5,29.0,411000,3
31,Hatchback,Manual,1,Tata Tiago,2019,XZ Plus,Bangalore,Comprehensive,Petrol,60932.0,5,29.0,610000,5
32,Hatchback,Manual,2,Tata Tiago,2018,1.2 Revotron XZ WO Alloy,Bangalore,Comprehensive,Petrol,66837.0,5,29.0,530000,6
33,Hatchback,Manual,2,Maruti Alto,2008,LXi,Bangalore,Third Party insurance,Petrol,60000.0,5,29.0,250000,16
34,Hatchback,Manual,1,Hyundai i20,2019,Magna Plus BSIV,Bangalore,Third Party insurance,Petrol,44285.0,5,29.0,715000,5
35,Hatchback,Manual,1,Hyundai Grand i10,2018,1.2 Kappa Asta,Bangalore,Comprehensive,Petrol,36735.0,5,29.0,625000,6
36,SUV,Manual,1,Tata Nexon,2018,1.5 Revotorq XM,Bangalore,Comprehensive,Diesel,53645.0,5,29.0,825000,6
37,Hatchback,Automatic,1,Maruti Celerio,2014,VXI AMT,Bangalore,Comprehensive,Petrol,53982.0,5,29.0,428000,10
38,Sedan,Manual,1,Skoda Rapid,2014,1.5 TDI Ambition With Alloy Wheel,Bangalore,Third Party insurance,Diesel,110000.0,5,29.0,695000,10
39,SUV,Manual,2,Ford Ecosport,2019,1.5 Petrol Titanium,Bangalore,Third Party insurance,Petrol,37741.0,5,29.0,930000,5
40,Hatchback,Manual,1,Maruti Alto 800,2021,VXI Plus BSVI,Bangalore,Comprehensive,Petrol,17367.0,5,29.0,455000,3
41,SUV,Manual,1,Hyundai Creta,2017,1.6 CRDi SX Plus,Bangalore,Comprehensive,Diesel,94000.0,5,29.0,1195000,7
42,Hatchback,Manual,3,Maruti Swift,2014,VXI,Bangalore,Comprehensive,Petrol,54601.0,5,29.0,442000,10
43,Hatchback,Manual,1,Maruti Swift,2018,VDI,Bangalore,Third Party insurance,Diesel,110000.0,5,29.0,690000,6
44,Hatchback,Manual,2,Maruti Celerio,2017,ZXI Optional,Bangalore,Third Party,Petrol,64000.0,5,29.0,500000,7
45,Sedan,Manual,1,Maruti Ciaz,2015,VDi Plus,Bangalore,Third Party insurance,Diesel,100000.0,5,29.0,650000,9
46,Hatchback,Manual,2,Tata Tiago,2017,1.2 Revotron XT,Bangalore,Third Party insurance,Petrol,68039.0,5,29.0,468000,7
47,Hatchback,Manual,2,Maruti Ritz,2014,VXi,Bangalore,Third Party insurance,Petrol,60000.0,5,29.0,420000,10
48,Hatchback,Manual,2,Maruti Ritz,2014,VXi,Bangalore,Third Party insurance,Petrol,60000.0,5,29.0,420000,10
49,Sedan,Manual,1,Honda City,2013,V MT,Bangalore,Third Party,Petrol,49873.0,5,29.0,533000,11
50,Hatchback,Automatic,3,Volkswagen Polo,2013,GT TSI,Bangalore,Third Party insurance,Petrol,90000.0,5,29.0,850000,11
51,Sedan,Manual,2,Skoda Rapid,2017,1.5 TDI Ambition BSIV,Bangalore,Third Party insurance,Diesel,48960.0,5,29.0,751000,7
52,Hatchback,Manual,2,Hyundai i20,2013,Sportz 1.2,Bangalore,Comprehensive,Petrol,68000.0,5,29.0,490000,11
53,Hatchback,Manual,2,Hyundai i20,2013,Asta 1.4 CRDi,Bangalore,Comprehensive,Diesel,83000.0,5,29.0,525000,11
54,Hatchback,Manual,1,Maruti Wagon R,2018,VXI Plus Optional,Bangalore,Comprehensive,Petrol,62139.0,5,29.0,550000,6
55,Hatchback,Manual,1,Hyundai i10,2013,Magna LPG,Bangalore,Comprehensive,LPG,74000.0,5,29.0,365000,11
56,Hatchback,Automatic,2,Renault KWID,2016,1.0 AMT RXT,Bangalore,Comprehensive,Petrol,26500.0,5,29.0,420000,8
57,Hatchback,Manual,1,Honda Brio,2013,S MT,Bangalore,Third Party,Petrol,38197.0,5,29.0,394000,11
58,Hatchback,Automatic,2,Maruti Baleno,2017,Zeta CVT,Bangalore,Comprehensive,Petrol,23000.0,5,29.0,725000,7
59,Hatchback,Manual,1,Maruti Alto K10,2013,LXI,Bangalore,Third Party insurance,Petrol,50000.0,5,29.0,240000,11
60,SUV,Automatic,1,Renault Kiger,2022,RXZ AMT DT,Bangalore,Third Party insurance,Petrol,10000.0,5,29.0,835000,2
61,Hatchback,Manual,1,Hyundai Grand i10,2019,1.2 Kappa Asta,Bangalore,Third Party insurance,Petrol,19000.0,5,29.0,695000,5
62,Hatchback,Manual,1,Hyundai EON,2014,Magna Plus,Bangalore,Comprehensive,Petrol,29268.0,5,29.0,330000,10
63,Sedan,Automatic,1,Volkswagen Vento,2019,1.2 TSI Highline Plus AT,Bangalore,Third Party insurance,Petrol,20000.0,5,29.0,990000,5
64,Sedan,Manual,1,Toyota Yaris,2018,G BSIV,Bangalore,Third Party insurance,Petrol,30000.0,5,29.0,750000,6
65,Hatchback,Manual,1,Hyundai i10,2010,Era 1.1 iTech SE,Bangalore,Comprehensive,Petrol,43679.0,5,29.0,271000,14
66,SUV,Automatic,1,Hyundai Creta,2018,1.6 SX Automatic,Bangalore,Third Party insurance,Petrol,40000.0,5,29.0,1280000,6
67,Hatchback,Manual,1,Hyundai i20,2012,Era 1.4 CRDi,Bangalore,Third Party,Diesel,40562.0,5,29.0,436000,12
68,SUV,Automatic,1,Hyundai Venue,2019,SX Plus Turbo DCT BSIV,Bangalore,Third Party insurance,Petrol,20000.0,5,29.0,1250000,5
69,SUV,Automatic,1,Hyundai Venue,2019,SX Plus Turbo DCT BSIV,Bangalore,Third Party insurance,Petrol,20000.0,5,29.0,1250000,5
70,Hatchback,Automatic,1,Maruti Celerio,2015,VXI AT,Bangalore,2,Petrol,65017.0,5,29.0,475000,9
71,Sedan,Automatic,2,BMW 3 Series,2008,320d,Bangalore,Third Party insurance,Diesel,80000.0,5,29.0,600000,16
72,Hatchback,Manual,3,Hyundai i10,2009,Sportz 1.2,Bangalore,Third Party insurance,Petrol,80000.0,5,29.0,249000,15
73,SUV,Manual,2,Renault Duster,2014,Petrol RxE,Bangalore,Third Party insurance,Petrol,83394.0,5,29.0,630000,10
74,Hatchback,Manual,3,Hyundai i10,2009,Sportz 1.2,Bangalore,Third Party insurance,Petrol,80000.0,5,29.0,249000,15
75,Hatchback,Manual,1,Maruti Alto K10,2017,VXI,Bangalore,Third Party,Petrol,52204.0,5,29.0,385000,7
76,Hatchback,Manual,2,Maruti Alto 800,2014,VXI,Bangalore,Comprehensive,Petrol,29813.0,5,29.0,276000,10
77,Hatchback,Manual,1,Ford Figo,2018,1.2P Titanium Opt MT,Bangalore,Third Party insurance,Petrol,30000.0,5,29.0,500000,6
78,Hatchback,Automatic,1,Maruti Ignis,2020,1.2 AMT Zeta BSIV,Bangalore,Comprehensive,Petrol,13345.0,5,29.0,730000,4
79,Hatchback,Manual,1,Hyundai Grand i10,2014,Sportz,Bangalore,Comprehensive,Petrol,75000.0,5,29.0,399000,10
80,Hatchback,Manual,2,Hyundai i10,2011,Sportz,Bangalore,Comprehensive,Petrol,75523.0,5,29.0,312000,13
81,SUV,Manual,1,Hyundai Creta,2016,1.6 CRDi SX Plus,Bangalore,Third Party insurance,Diesel,50000.0,5,29.0,1260000,8
82,Hatchback,Manual,2,Hyundai i10,2010,Magna,Bangalore,Third Party insurance,Petrol,90000.0,5,29.0,300000,14
83,Hatchback,Manual,1,Hyundai i20,2016,Asta 1.2,Bangalore,Comprehensive,Petrol,52571.0,5,29.0,627000,8
84,Sedan,Automatic,2,BMW 3 Series,2010,320d Highline,Bangalore,Third Party insurance,Diesel,70000.0,5,29.0,1300000,14
85,Sedan,Manual,1,Honda City,2015,i VTEC V,Bangalore,Comprehensive,Petrol,61993.0,5,29.0,672000,9
86,Hatchback,Manual,1,Hyundai i20,2013,Sportz 1.2,Bangalore,Comprehensive,Petrol,36359.0,5,29.0,440000,11
87,Hatchback,Manual,1,Hyundai i10,2010,Sportz 1.2,Bangalore,Comprehensive,Petrol,66000.0,5,29.0,275000,14
88,Hatchback,Manual,1,Hyundai i20,2017,Sportz 1.2,Bangalore,Comprehensive,Petrol,56010.0,5,29.0,676000,7
89,SUV,Manual,2,Nissan Terrano,2014,XV Premium 110 PS,Bangalore,Third Party insurance,Diesel,60000.0,5,29.0,650000,10
90,Hatchback,Manual,1,Maruti Swift,2014,VDI BSIV,Bangalore,Third Party insurance,Diesel,83829.0,5,29.0,444000,10
91,SUV,Automatic,2,Renault Duster,2016,110PS Diesel RxZ AMT,Bangalore,Comprehensive,Diesel,35000.0,5,29.0,925000,8
92,Sedan,Manual,3,Skoda Rapid,2016,1.5 TDI Elegance Black Package,Bangalore,Third Party insurance,Diesel,80000.0,5,29.0,500000,8
93,Hatchback,Automatic,2,Volkswagen Polo,2017,GT TSI,Bangalore,Third Party insurance,Petrol,40000.0,5,29.0,995000,7
94,SUV,Automatic,2,Honda CR-V,2012,2.4L 4WD AT,Bangalore,Comprehensive,Petrol,85565.0,5,29.0,935000,12
95,Hatchback,Manual,1,Volkswagen Polo,2015,1.5 TDI Highline,Bangalore,Third Party insurance,Diesel,90000.0,5,29.0,560000,9
96,Hatchback,Manual,1,Maruti Swift,2012,VXI,Bangalore,Comprehensive,Petrol,112795.0,5,29.0,454000,12
97,Hatchback,Manual,2,Honda Brio,2016,S MT,Bangalore,Comprehensive,Petrol,36685.0,5,29.0,462000,8
98,Hatchback,Automatic,2,Maruti Baleno,2019,1.2 CVT Alpha,Bangalore,Third Party,Petrol,32184.0,5,29.0,843000,5
99,Hatchback,Manual,1,Maruti Baleno RS,2018,1.0 Petrol,Bangalore,Comprehensive,Petrol,32279.0,5,29.0,799000,6
100,Hatchback,Manual,1,Hyundai i20,2015,Asta Option 1.2,Bangalore,Comprehensive,Petrol,59698.0,5,29.0,576000,9
101,SUV,Manual,1,Renault Captur,2018,1.5 Diesel Platine,Bangalore,Comprehensive,Diesel,46071.0,5,29.0,949000,6
102,SUV,Manual,1,Maruti Vitara Brezza,2017,ZDi,Bangalore,Third Party insurance,Diesel,90000.0,5,29.0,795000,7
103,SUV,Manual,1,Hyundai Venue,2019,SX Turbo BSIV,Bangalore,Third Party,Petrol,9554.0,5,29.0,1085000,5
104,SUV,Manual,2,Renault Duster,2013,85PS Diesel RxE,Bangalore,Third Party,Diesel,74499.0,5,29.0,516000,11
105,SUV,Automatic,2,Ford Ecosport,2017,1.5 Petrol Trend Plus AT BSIV,Bangalore,Comprehensive,Petrol,56211.0,5,29.0,777000,7
106,Hatchback,Manual,1,Honda Jazz,2019,V,Bangalore,Comprehensive,Petrol,9001.0,5,29.0,753000,5
107,Hatchback,Manual,1,Honda Jazz,2017,1.2 V i VTEC,Bangalore,Comprehensive,Petrol,23682.0,5,29.0,725000,7
108,Hatchback,Manual,2,Maruti Swift,2015,ZDI BSIV,Bangalore,Comprehensive,Diesel,134557.0,5,29.0,629000,9
109,Sedan,Manual,2,Maruti Swift Dzire,2013,VXI,Bangalore,Comprehensive,Petrol,96567.0,5,29.0,447000,11
110,Hatchback,Manual,3,Maruti Celerio,2015,VXI,Bangalore,Third Party insurance,Petrol,120000.0,5,29.0,400000,9
111,Hatchback,Manual,1,Honda Jazz,2018,1.2 VX i VTEC,Bangalore,Comprehensive,Petrol,34000.0,5,29.0,745000,6
112,Hatchback,Automatic,1,Hyundai Grand i10,2014,AT Asta,Bangalore,Comprehensive,Petrol,81634.0,5,29.0,490000,10
113,SUV,Automatic,2,Ford Ecosport,2016,1.5 Ti VCT AT Titanium BSIV,Bangalore,Third Party insurance,Petrol,70000.0,5,29.0,675000,8
114,Hatchback,Manual,2,Honda Brio,2013,S MT,Bangalore,Third Party insurance,Petrol,70000.0,5,29.0,330000,11
115,Sedan,Automatic,2,Toyota Yaris,2018,G CVT BSIV,Bangalore,Third Party insurance,Petrol,46429.0,5,29.0,875000,6
116,Hatchback,Manual,1,Maruti Baleno,2017,1.2 Alpha,Bangalore,Comprehensive,Petrol,17624.0,5,29.0,869000,7
117,Sedan,Manual,2,Volkswagen Vento,2012,Diesel Highline,Bangalore,Third Party insurance,Diesel,100000.0,5,29.0,425000,12
118,Sedan,Manual,1,Honda City,2019,i-VTEC V,Bangalore,Third Party insurance,Petrol,30000.0,5,29.0,1070000,5
119,SUV,Manual,2,Ford Ecosport,2018,1.5 Petrol Titanium,Bangalore,Third Party insurance,Petrol,49690.0,5,29.0,1025000,6
120,SUV,Automatic,1,Ford Ecosport,2018,1.5 Petrol Titanium Plus AT BSIV,Bangalore,Comprehensive,Petrol,55702.0,5,29.0,844000,6
121,Hatchback,Manual,1,Hyundai i20 Active,2016,1.4 SX,Bangalore,Third Party insurance,Diesel,45046.0,5,29.0,764000,8
122,Hatchback,Manual,2,Maruti Ritz,2014,VXi,Bangalore,Third Party insurance,Petrol,53000.0,5,29.0,420000,10
123,Hatchback,Manual,1,Maruti Baleno,2016,1.3 Alpha,Bangalore,Third Party insurance,Diesel,94695.0,5,29.0,684000,8
124,Hatchback,Manual,1,Maruti Baleno,2019,1.2 Alpha,Bangalore,Zero Dep,Petrol,22162.0,5,29.0,802999,5
125,Hatchback,Manual,2,Hyundai Santro Xing,2010,GLS,Bangalore,Third Party insurance,Petrol,70000.0,5,29.0,320000,14
126,Hatchback,Manual,2,Maruti Swift,2016,VXI,Bangalore,Comprehensive,Petrol,42233.0,5,29.0,548000,8
127,Hatchback,Manual,1,Hyundai Grand i10,2019,1.2 Kappa Sportz BSIV,Bangalore,Comprehensive,Petrol,20941.0,5,29.0,619000,5
128,SUV,Manual,2,Maruti Vitara Brezza,2018,ZDi Plus Dual Tone,Bangalore,Third Party insurance,Diesel,50000.0,5,29.0,1000000,6
129,SUV,Manual,1,Honda WR-V,2018,i-VTEC VX,Bangalore,Comprehensive,Petrol,46602.0,5,29.0,865000,6
130,Hatchback,Manual,2,Maruti Swift,2014,VDI BSIV,Bangalore,Comprehensive,Diesel,104000.0,5,29.0,535000,10
131,Hatchback,Manual,1,Maruti Baleno,2017,1.2 Zeta,Bangalore,Third Party insurance,Petrol,50035.0,5,29.0,699000,7
132,SUV,Manual,1,Tata Nexon,2021,XZ Plus DualTone Roof (O),Bangalore,Third Party insurance,Petrol,80000.0,5,29.0,1150000,3
133,Hatchback,Manual,2,Hyundai i20,2015,Sportz Option 1.2,Bangalore,Comprehensive,Petrol,90000.0,5,29.0,625000,9
134,Sedan,Manual,1,Toyota Corolla Altis,2011,Diesel D4DG,Bangalore,Third Party insurance,Diesel,120000.0,5,29.0,600000,13
135,Sedan,Manual,1,Maruti Swift Dzire,2015,ZXI,Bangalore,Third Party,Petrol,25170.0,5,29.0,675000,9
136,Sedan,Manual,1,Maruti Ciaz,2021,Delta BSVI,Bangalore,Comprehensive,Petrol,25022.0,5,29.0,893000,3
137,Hatchback,Manual,2,Maruti Swift,2012,RS VDI,Bangalore,Third Party insurance,Diesel,100000.0,5,29.0,420000,12
138,Sedan,Manual,1,Maruti Ciaz,2020,Delta BSVI,Bangalore,Zero Dep,Petrol,26367.0,5,29.0,941000,4
139,Sedan,Automatic,2,Hyundai Elantra,2015,SX AT,Bangalore,Zero Dep,Petrol,76567.0,5,29.0,630000,9
140,Hatchback,Automatic,2,Hyundai Grand i10,2015,AT Asta,Bangalore,Comprehensive,Petrol,36459.0,5,29.0,525000,9
141,SUV,Manual,1,Maruti SX4 S Cross,2016,DDiS 200 Delta,Bangalore,Comprehensive,Diesel,93725.0,5,29.0,750000,8
142,Sedan,Automatic,2,Maruti Ciaz,2016,AT ZXi Plus,Bangalore,Comprehensive,Petrol,115599.0,5,29.0,632000,8
143,Sedan,Manual,1,Maruti Swift Dzire,2015,ZXI,Bangalore,Zero Dep,Petrol,43469.0,5,29.0,645000,9
144,SUV,Manual,1,Maruti Vitara Brezza,2018,LDi,Bangalore,Comprehensive,Diesel,100000.0,5,29.0,850000,6
145,Sedan,Manual,1,Mitsubishi Cedia,2008,Spirit,Bangalore,Third Party insurance,Petrol,72000.0,5,29.0,299000,16
146,Hatchback,Manual,2,Volkswagen Polo,2021,1.0 TSI Highline Plus,Bangalore,Third Party,Petrol,40771.0,5,29.0,999000,3
147,Hatchback,Manual,1,Honda Jazz,2018,1.2 VX i VTEC,Bangalore,Comprehensive,Petrol,28000.0,5,29.0,825000,6
148,Hatchback,Manual,3,Maruti Wagon R,2008,LXI Minor,Bangalore,Comprehensive,Petrol,40000.0,5,29.0,250000,16
149,SUV,Automatic,1,Hyundai Venue,2020,SX Plus Turbo DCT,Bangalore,Comprehensive,Petrol,26000.0,5,29.0,1295000,4
150,Hatchback,Manual,1,Maruti Wagon R,2012,VXI BS IV,Bangalore,Comprehensive,Petrol,76032.0,5,29.0,329000,12
151,Sedan,Manual,1,Maruti Ciaz,2018,Alpha BSIV,Bangalore,Comprehensive,Petrol,113780.0,5,29.0,666000,6
152,SUV,Manual,2,Hyundai Venue,2020,SX Opt Diesel,Bangalore,Third Party,Diesel,65812.0,5,29.0,1026000,4
153,Hatchback,Manual,1,Maruti Baleno,2016,1.2 Zeta,Bangalore,Zero Dep,Petrol,39959.0,5,29.0,681000,8
154,Hatchback,Manual,3,Maruti Alto K10,2016,VXI,Bangalore,Third Party insurance,Petrol,65484.0,5,29.0,318000,8
155,Hatchback,Manual,1,Maruti Baleno,2017,1.2 Zeta,Bangalore,Comprehensive,Petrol,49174.0,5,29.0,688000,7
156,SUV,Manual,1,Volkswagen Taigun,2022,1.0 TSI Comfortline BSVI,Bangalore,Third Party insurance,Petrol,20000.0,5,29.0,1300000,2
157,Hatchback,Manual,1,Hyundai i10,2009,Magna 1.2,Bangalore,Third Party insurance,Petrol,50000.0,5,29.0,265000,15
158,Coupe,Automatic,3,BMW 3 Series,2007,330 Ci Coupe,Bangalore,Third Party insurance,Petrol,50000.0,5,29.0,900000,17
159,Hatchback,Manual,1,Maruti Swift,2020,ZXI,Bangalore,Third Party insurance,Petrol,80000.0,5,29.0,620000,4
160,SUV,Manual,1,MG Astor,2022,Sharp BSVI,Bangalore,Third Party insurance,Petrol,20000.0,5,29.0,1470000,2
161,Sedan,Manual,1,Hyundai Accent,2010,Executive CNG,Bangalore,Third Party insurance,CNG,70000.0,5,29.0,220000,14
162,Sedan,Automatic,1,Audi A4,2014,2.0 TDI Premium Plus,Bangalore,Third Party insurance,Diesel,90000.0,5,29.0,1475000,10
163,Hatchback,Manual,1,Renault KWID,2020,Climber 1.0 MT Opt,Bangalore,Third Party insurance,Petrol,40000.0,5,29.0,415000,4
164,Hatchback,Manual,1,Honda Jazz,2016,1.2 V i VTEC,Bangalore,Comprehensive,Petrol,63797.0,5,29.0,610000,8
165,Hatchback,Manual,2,Hyundai Grand i10,2018,1.2 Kappa Magna BSIV,Bangalore,Comprehensive,Petrol,60216.0,5,29.0,560000,6
166,Hatchback,Automatic,2,Maruti Alto K10,2015,VXI AMT,Bangalore,Third Party insurance,Petrol,10000.0,5,29.0,425000,9
167,Hatchback,Manual,1,Maruti Baleno,2016,1.2 Zeta,Bangalore,Comprehensive,Petrol,38153.0,5,29.0,686000,8
168,Hatchback,Manual,1,Maruti Swift,2015,VXI,Bangalore,Comprehensive,Petrol,76485.0,5,29.0,517000,9
169,Hatchback,Manual,2,Maruti Wagon R,2015,VXI BS IV,Bangalore,Third Party insurance,Petrol,40000.0,5,29.0,385000,9
170,Hatchback,Manual,1,Maruti Baleno,2016,1.2 Zeta,Bangalore,Comprehensive,Petrol,40623.0,5,29.0,675000,8
171,Hatchback,Manual,1,Maruti Swift,2014,VXI,Bangalore,Third Party insurance,Petrol,88051.0,5,29.0,499000,10
172,Hatchback,Manual,1,Maruti Swift,2022,VXI,Bangalore,Third Party,Petrol,16522.0,5,29.0,774000,2
173,SUV,Manual,2,Jeep Compass,2019,2.0 Limited 4X4,Bangalore,Third Party insurance,Diesel,70000.0,5,29.0,1475000,5
174,Hatchback,Manual,3,Maruti Wagon R,2008,LXI Minor,Bangalore,Third Party insurance,Petrol,80000.0,5,29.0,240000,16
175,SUV,Manual,1,Hyundai Venue,2019,SX Diesel BSIV,Bangalore,Third Party insurance,Diesel,50000.0,5,29.0,1025000,5
176,SUV,Manual,1,Tata Nexon,2023,XZ Plus LUXS DT BSVI,Bangalore,Third Party insurance,Petrol,10000.0,5,29.0,1400000,1
177,Hatchback,Manual,2,Hyundai EON,2013,D Lite Plus,Bangalore,Third Party insurance,Petrol,57000.0,5,29.0,285000,11
178,Hatchback,Manual,1,Maruti Baleno,2019,1.2 Zeta,Bangalore,Third Party insurance,Petrol,10000.0,5,29.0,780000,5
179,Hatchback,Manual,2,Maruti Swift,2012,VXI,Bangalore,Third Party insurance,Petrol,50000.0,5,29.0,475000,12
180,Hatchback,Manual,1,Hyundai Grand i10,2014,Magna,Bangalore,Comprehensive,Petrol,35469.0,5,29.0,555000,10
181,Hatchback,Manual,2,Honda Jazz,2017,1.2 V i VTEC,Bangalore,Third Party insurance,Petrol,40073.0,5,29.0,607000,7
182,Hatchback,Manual,2,Hyundai Grand i10,2017,1.2 Kappa Sportz Option,Bangalore,Third Party insurance,Petrol,65730.0,5,29.0,514000,7
183,Hatchback,Manual,2,Maruti Baleno,2016,1.2 Zeta,Bangalore,Third Party,Petrol,36184.0,5,29.0,705000,8
184,Hatchback,Manual,1,Maruti Baleno,2016,1.2 Zeta,Bangalore,Comprehensive,Petrol,69310.0,5,29.0,653000,8
185,Hatchback,Automatic,2,Hyundai Grand i10,2017,1.2 Kappa Sportz Option AT,Bangalore,Third Party insurance,Petrol,62803.0,5,29.0,564000,7
186,Hatchback,Manual,2,Volkswagen Polo,2011,Diesel Comfortline 1.2L,Bangalore,Third Party insurance,Diesel,90000.0,5,29.0,370000,13
187,Hatchback,Manual,1,Maruti Swift,2015,VXI,Bangalore,Third Party insurance,Petrol,68656.0,5,29.0,550000,9
188,Hatchback,Manual,3,Honda Jazz,2016,1.2 V i VTEC,Bangalore,Comprehensive,Petrol,77501.0,5,29.0,517000,8
189,Sedan,Manual,1,Maruti Swift Dzire,2016,LXI Optional-O,Bangalore,Third Party insurance,Petrol,40000.0,5,29.0,620000,8
190,Sedan,Manual,1,Maruti Swift Dzire,2016,LXI Optional-O,Bangalore,Third Party insurance,Petrol,40000.0,5,29.0,620000,8
191,SUV,Manual,1,Tata Nexon,2022,XZ Plus HS,Bangalore,Third Party insurance,Petrol,30000.0,5,29.0,1220000,2
192,Hatchback,Automatic,2,Mercedes-Benz B Class,2013,B180 CDI,Bangalore,Comprehensive,Diesel,100000.0,5,29.0,1350000,11
193,SUV,Manual,1,Jeep Compass,2018,2.0 Sport,Bangalore,Third Party insurance,Diesel,110000.0,5,29.0,1250000,6
194,Sedan,Manual,2,Hyundai Verna,2016,1.6 VTVT SX,Bangalore,Third Party insurance,Petrol,50000.0,5,29.0,868000,8
195,Hatchback,Automatic,1,Maruti Swift,2022,ZXI Plus DT AMT BSVI,Bangalore,Third Party,Petrol,14999.0,5,29.0,900000,2
196,Hatchback,Manual,2,Honda Jazz,2016,1.2 V i VTEC,Bangalore,Comprehensive,Petrol,90773.0,5,29.0,550000,8
197,Sedan,Manual,1,Skoda Rapid,2012,1.6 TDI Elegance,Bangalore,Third Party insurance,Diesel,90000.0,5,29.0,450000,12
198,Hatchback,Manual,2,Maruti Swift,2017,VXI Optional,Bangalore,Zero Dep,Petrol,64917.0,5,29.0,610000,7
199,Hatchback,Manual,1,Honda Jazz,2017,1.2 VX i VTEC,Bangalore,Comprehensive,Petrol,70235.0,5,29.0,543000,7
200,Hatchback,Manual,1,Honda Jazz,2016,1.2 V i VTEC,Bangalore,Zero Dep,Petrol,78782.0,5,29.0,535000,8
201,Sedan,Manual,2,Maruti Ciaz,2016,ZXi,Bangalore,Third Party insurance,Petrol,72136.0,5,29.0,661000,8
202,Hatchback,Manual,2,Maruti Swift,2015,VXI,Bangalore,Comprehensive,Petrol,52486.0,5,29.0,505000,9
203,Sedan,Automatic,1,Skoda Laura,2007,L n K 1.9 PD AT,Bangalore,Third Party insurance,Diesel,150000.0,5,29.0,450000,17
204,SUV,Manual,1,Honda WR-V,2017,i-VTEC VX,Bangalore,Third Party insurance,Petrol,36887.0,5,29.0,865000,7
205,SUV,Manual,1,Hyundai Venue,2019,SX Turbo BSIV,Bangalore,Comprehensive,Petrol,47962.0,5,29.0,999000,5
206,SUV,Manual,1,Nissan Terrano,2014,XL Plus 85 PS,Bangalore,Comprehensive,Diesel,135000.0,5,29.0,595000,10
207,Sedan,Manual,2,Fiat Linea,2012,T Jet Plus,Bangalore,Third Party insurance,Petrol,50000.0,5,29.0,400000,12
208,Sedan,Manual,1,Maruti Swift Dzire,2012,ZDi,Bangalore,Third Party insurance,Diesel,100000.0,5,29.0,550000,12
209,Hatchback,Automatic,3,Volkswagen Polo,2013,GT TSI,Bangalore,Third Party insurance,Petrol,90000.0,5,29.0,520000,11
210,Hatchback,Manual,1,Maruti Baleno,2016,1.2 Zeta,Bangalore,Zero Dep,Petrol,116624.0,5,29.0,616000,8
211,Sedan,Manual,2,Maruti Ciaz,2019,Delta BSIV,Bangalore,Zero Dep,Petrol,54561.0,5,29.0,795000,5
212,Hatchback,Manual,1,Honda Jazz,2016,1.2 VX i VTEC,Bangalore,Comprehensive,Petrol,65072.0,5,29.0,624000,8
213,Hatchback,Manual,1,Hyundai Grand i10,2017,1.2 Kappa Asta,Bangalore,Zero Dep,Petrol,133532.0,5,29.0,549000,7
214,Sedan,Manual,1,Maruti Swift Dzire,2013,ZXI,Bangalore,Comprehensive,Petrol,39886.0,5,29.0,524000,11
215,Hatchback,Manual,2,Maruti Swift,2015,VDI BSIV,Bangalore,Comprehensive,Diesel,56976.0,5,29.0,583000,9
216,Sedan,Manual,2,Volkswagen Vento,2020,1.0 TSI Highline Plus,Bangalore,Zero Dep,Petrol,68303.0,5,29.0,1147000,4
217,Sedan,Automatic,1,Skoda Rapid,2016,1.5 TDI AT Style BSIV,Bangalore,Comprehensive,Diesel,54000.0,5,29.0,825000,8
218,Hatchback,Manual,1,Volkswagen Polo,2018,1.2 MPI Highline Plus,Bangalore,Third Party insurance,Petrol,72348.0,5,29.0,755000,6
219,Hatchback,Manual,1,Volkswagen Polo,2021,1.0 MPI Comfortline,Bangalore,Third Party,Petrol,62696.0,5,29.0,855000,3
220,Hatchback,Manual,1,Hyundai Grand i10,2016,Asta,Bangalore,Comprehensive,Petrol,65000.0,5,29.0,525000,8
221,Hatchback,Automatic,1,Hyundai Grand i10,2017,1.2 Kappa Sportz Option AT,Bangalore,Comprehensive,Petrol,36000.0,5,29.0,650000,7
222,Hatchback,Manual,2,Maruti Swift,2013,VXI,Bangalore,Comprehensive,Petrol,69748.0,5,29.0,424000,11
223,Hatchback,Manual,1,Maruti Alto,2008,LXi,Bangalore,Comprehensive,Petrol,44000.0,5,29.0,210000,16
224,Sedan,Manual,2,Toyota Yaris,2021,G,Bangalore,Third Party insurance,Petrol,17875.0,5,29.0,959000,3
225,SUV,Manual,1,Renault Duster,2020,RXZ Turbo,Bangalore,Comprehensive,Petrol,95678.0,5,29.0,889000,4
226,SUV,Automatic,1,Renault Kiger,2022,RXT AMT Opt DT,Bangalore,Third Party insurance,Petrol,12003.0,5,29.0,850000,2
227,SUV,Automatic,1,Renault Kiger,2022,RXT AMT,Bangalore,Third Party insurance,Petrol,20000.0,5,29.0,660000,2
228,Hatchback,Manual,1,Honda Brio,2012,S MT,Bangalore,Comprehensive,Petrol,64655.0,5,29.0,334000,12
229,SUV,Automatic,1,Renault Kiger,2021,RXZ Turbo CVT DT,Bangalore,Third Party insurance,Petrol,20000.0,5,29.0,991000,3
230,SUV,Manual,1,Jeep Compass,2018,2.0 Limited,Bangalore,Third Party insurance,Diesel,50000.0,5,29.0,1450000,6
231,SUV,Manual,1,Hyundai Venue,2022,SX Opt Diesel BSVI,Bangalore,Third Party insurance,Diesel,20000.0,5,29.0,1285000,2
232,Hatchback,Manual,1,Maruti Baleno,2022,Delta BSVI,Bangalore,Third Party insurance,Petrol,10000.0,5,29.0,825000,2
233,Sedan,Manual,1,Honda City,2018,i-VTEC VX,Bangalore,Third Party insurance,Petrol,40000.0,5,29.0,825000,6
234,SUV,Manual,2,Ford Ecosport,2017,1.5 TDCi Titanium Plus BSIV,Bangalore,Third Party,Diesel,91598.0,5,29.0,729000,7
235,Hatchback,Manual,1,Maruti Celerio,2015,ZXI,Bangalore,Comprehensive,Petrol,57521.0,5,29.0,432000,9
236,SUV,Manual,1,Renault Duster,2016,Adventure Edition 85PS RXE,Bangalore,Third Party insurance,Diesel,100000.0,5,29.0,700000,8
237,Sedan,Manual,1,Hyundai Verna,2021,SX Opt,Bangalore,Comprehensive,Petrol,7598.0,5,29.0,1499000,3
238,SUV,Manual,1,Renault Duster,2017,Petrol RxL,Bangalore,Comprehensive,Petrol,38520.0,5,29.0,762000,7
239,SUV,Manual,2,Renault Duster,2014,85PS Diesel RxL Plus,Bangalore,Comprehensive,Diesel,110455.0,5,29.0,632000,10
240,SUV,Automatic,1,Hyundai Venue,2020,SX Plus Turbo DCT BSIV,Bangalore,Comprehensive,Petrol,26901.0,5,29.0,1218000,4
241,Hatchback,Automatic,1,Hyundai Grand i10,2017,1.2 Kappa Magna AT,Bangalore,Zero Dep,Petrol,65376.0,5,29.0,524000,7
242,SUV,Manual,1,Kia Sonet,2022,GTX Plus Turbo iMT BSVI,Bangalore,Third Party insurance,Petrol,10000.0,5,29.0,1390000,2
243,Hatchback,Automatic,3,Hyundai i10,2010,Magna AT,Bangalore,Third Party insurance,Petrol,90000.0,5,29.0,275000,14
244,Sedan,Manual,1,Honda City,2022,V MT,Bangalore,Third Party insurance,Petrol,20000.0,5,29.0,1125000,2
245,Sedan,Automatic,3,Audi A4,2010,1.8 TFSI,Bangalore,Third Party insurance,Petrol,110000.0,5,29.0,700000,14
246,Sedan,Manual,1,Honda City,2019,i-VTEC ZX,Bangalore,Third Party insurance,Petrol,14500.0,5,29.0,1100000,5
247,Sedan,Manual,3,Mahindra Verito,2016,1.5 D4 BSIV,Bangalore,Third Party insurance,Diesel,120000.0,5,29.0,260000,8
248,Hatchback,Automatic,2,Hyundai i10,2010,Asta Sunroof AT,Bangalore,Comprehensive,Petrol,68000.0,5,29.0,395000,14
249,Sedan,Manual,1,Hyundai Xcent,2019,1.2 VTVT SX,Bangalore,Third Party insurance,Petrol,25887.0,5,29.0,681000,5
250,Hatchback,Manual,1,Maruti S-Presso,2020,VXI Plus 2019-2022,Bangalore,Comprehensive,Petrol,74094.0,5,29.0,405000,4
251,Hatchback,Manual,1,Maruti Ritz,2014,ZDi,Bangalore,Third Party,Diesel,91045.0,5,29.0,487000,10
252,Hatchback,Automatic,2,Maruti Baleno,2018,1.2 CVT Alpha,Bangalore,Third Party insurance,Petrol,34140.0,5,29.0,818000,6
253,Sedan,Manual,1,Volkswagen Jetta,2013,1.4 TSI Comfortline,Bangalore,Third Party insurance,Petrol,100000.0,5,29.0,500000,11
254,SUV,Manual,2,Ford Ecosport,2016,1.5 TDCi Trend BSIV,Bangalore,Third Party insurance,Diesel,50000.0,5,29.0,600000,8
255,Hatchback,Manual,1,Hyundai Grand i10,2016,Asta,Bangalore,Comprehensive,Petrol,44000.0,5,29.0,525000,8
256,Sedan,Automatic,1,Maruti Ciaz,2016,AT VXi Plus,Bangalore,Third Party insurance,Petrol,30000.0,5,29.0,725000,8
257,Hatchback,Manual,1,Hyundai Grand i10,2018,1.2 Kappa Sportz BSIV,Bangalore,Third Party insurance,Petrol,50000.0,5,29.0,550000,6
258,Hatchback,Automatic,1,Honda Jazz,2017,V CVT,Bangalore,Comprehensive,Petrol,47000.0,5,29.0,775000,7
259,Hatchback,Manual,1,Maruti Alto 800,2020,VXI BSVI,Bangalore,Comprehensive,Petrol,16998.0,5,29.0,408000,4
260,Hatchback,Automatic,1,Hyundai Grand i10,2017,1.2 Kappa Sportz Option AT,Bangalore,Comprehensive,Petrol,15256.0,5,29.0,642000,7
261,Hatchback,Automatic,1,Datsun RediGO,2020,AMT 1.0 T Option,Bangalore,Comprehensive,Petrol,4495.0,5,29.0,521000,4
262,Hatchback,Manual,2,Maruti Alto K10,2018,VXI,Bangalore,Third Party insurance,Petrol,40000.0,5,29.0,390000,6
263,Hatchback,Manual,1,Tata Tiago,2016,1.2 Revotron XZ,Bangalore,Comprehensive,Petrol,142135.0,5,29.0,429000,8
264,Sedan,Manual,1,Ford Aspire,2021,Ambiente,Bangalore,Third Party insurance,Petrol,120000.0,5,29.0,520000,3
265,Hatchback,Automatic,1,Maruti Wagon R,2019,ZXI AMT 1.2,Bangalore,Third Party,Petrol,9553.0,5,29.0,625000,5
266,Hatchback,Manual,1,Renault KWID,2022,CLIMBER BSVI,Bangalore,Zero Dep,Petrol,7600.0,5,29.0,601000,2
267,SUV,Manual,1,Jeep Compass,2017,2.0 Limited Option,Bangalore,Third Party insurance,Diesel,120000.0,5,29.0,1300000,7
268,Hatchback,Automatic,1,Hyundai Grand i10,2017,1.2 Kappa Sportz Option AT,Bangalore,Comprehensive,Petrol,20000.0,5,29.0,645000,7
269,Hatchback,Manual,1,Hyundai i20,2016,Asta 1.2,Bangalore,Third Party insurance,Petrol,45578.0,5,29.0,695000,8
270,Sedan,Manual,1,Volkswagen Jetta,2013,1.4 TSI Comfortline,Bangalore,Third Party insurance,Petrol,100000.0,5,29.0,500000,11
271,Hatchback,Manual,2,Hyundai i10,2013,Sportz Option,Bangalore,Third Party insurance,Petrol,90000.0,5,29.0,350000,11
272,Sedan,Manual,1,Hyundai Verna,2012,1.6 SX,Bangalore,Third Party insurance,Diesel,70000.0,5,29.0,550000,12
273,Hatchback,Manual,1,Maruti Ignis,2017,1.2 Zeta BSIV,Bangalore,Comprehensive,Petrol,16306.0,5,29.0,581000,7
274,Hatchback,Manual,3,Maruti Wagon R,2020,VXI 1.2,Bangalore,Comprehensive,Petrol,25086.0,5,29.0,513000,4
275,Hatchback,Manual,1,Maruti Baleno,2017,Zeta,Bangalore,Third Party insurance,Petrol,54845.0,5,29.0,650000,7
276,Hatchback,Manual,1,Ford Freestyle,2020,Titanium Diesel BSIV,Bangalore,Comprehensive,Diesel,35642.0,5,29.0,806000,4
277,Hatchback,Automatic,1,Maruti Baleno,2016,1.2 CVT Delta,Bangalore,Third Party,Petrol,22173.0,5,29.0,725000,8
278,Hatchback,Manual,1,Hyundai Grand i10,2014,Sportz,Bangalore,Third Party,Petrol,67790.0,5,29.0,426000,10
279,Hatchback,Manual,1,Maruti Alto K10,2019,VXI Optional,Bangalore,Comprehensive,Petrol,38000.0,5,29.0,485000,5
280,Hatchback,Manual,2,Honda Brio,2012,V MT,Bangalore,Third Party insurance,Petrol,49713.0,5,29.0,351000,12
281,Hatchback,Manual,1,Renault KWID,2021,1.0 RXL BSVI,Bangalore,Third Party insurance,Petrol,10002.0,5,29.0,490000,3
282,Hatchback,Manual,2,Maruti Swift,2014,VDI BSIV,Bangalore,Third Party insurance,Diesel,90000.0,5,29.0,510000,10
283,Hatchback,Automatic,1,Volkswagen Polo,2017,GT TSI,Bangalore,Third Party insurance,Petrol,55833.0,5,29.0,1025000,7
284,Sedan,Manual,1,Skoda Rapid,2016,1.5 TDI Style BSIV,Bangalore,Comprehensive,Diesel,54000.0,5,29.0,825000,8
285,SUV,Manual,2,Ford Ecosport,2016,1.5 Diesel Trend,Bangalore,Comprehensive,Diesel,68000.0,5,29.0,675000,8
286,Sedan,Automatic,1,Audi A6,2014,35 TDI Premium,Bangalore,Third Party insurance,Diesel,134000.0,5,29.0,890000,10
287,SUV,Automatic,1,Renault Kiger,2022,RXT AMT Opt DT,Bangalore,Third Party insurance,Petrol,20000.0,5,29.0,823000,2
288,Hatchback,Manual,1,Maruti Swift,2014,VXI,Bangalore,Comprehensive,Petrol,52311.0,5,29.0,554000,10
289,Sedan,Manual,1,Maruti Swift Dzire,2014,VXI,Bangalore,Comprehensive,Petrol,59514.0,5,29.0,499000,10
290,SUV,Automatic,1,Renault Kiger,2022,RXZ AMT DT,Bangalore,Third Party insurance,Petrol,10000.0,5,29.0,815000,2
291,Hatchback,Manual,1,Maruti Baleno,2020,Zeta,Bangalore,Third Party,Petrol,36743.0,5,29.0,719000,4
292,Hatchback,Manual,1,Maruti Celerio,2015,VXI,Bangalore,Third Party,Petrol,83046.0,5,29.0,372000,9
293,Hatchback,Automatic,1,Maruti Celerio,2018,ZXI Optional AMT BSIV,Bangalore,Third Party insurance,Petrol,10000.0,5,29.0,515000,6
294,Hatchback,Manual,2,Honda Jazz,2016,1.2 V i VTEC,Bangalore,Third Party insurance,Petrol,59420.0,5,29.0,554000,8
295,Sedan,Manual,1,Tata Tigor,2023,XM,Bangalore,Comprehensive,Petrol,4545.0,5,29.0,700000,1
296,Hatchback,Manual,1,Maruti Swift,2011,VXI,Bangalore,Third Party insurance,Petrol,70404.0,5,29.0,410000,13
297,Sedan,Manual,1,Maruti Ciaz,2016,VXi Option,Bangalore,Third Party,Petrol,39725.0,5,29.0,685000,8
298,Sedan,Manual,3,Hyundai Elantra,2013,S,Bangalore,Third Party insurance,Petrol,50000.0,5,29.0,491000,11
299,SUV,Manual,1,Ford Ecosport,2021,1.5 Diesel Titanium,Bangalore,Third Party insurance,Diesel,23272.0,5,29.0,1175000,3
300,SUV,Manual,1,Ford Ecosport,2020,1.5 Petrol Titanium,Bangalore,Comprehensive,Petrol,8407.0,5,29.0,999000,4
301,Hatchback,Automatic,1,Maruti Swift,2018,AMT ZXI,Bangalore,Third Party insurance,Petrol,50000.0,5,29.0,715000,6
302,Hatchback,Manual,1,Hyundai i20,2012,Sportz 1.2,Bangalore,Third Party insurance,Petrol,54305.0,5,29.0,404000,12
303,Hatchback,Manual,2,Hyundai i10,2016,Magna 1.1L,Bangalore,Third Party insurance,Petrol,50000.0,5,29.0,358000,8
304,Hatchback,Automatic,1,Maruti Ignis,2017,1.2 AMT Zeta BSIV,Bangalore,Comprehensive,Petrol,64998.0,5,29.0,581000,7
305,Hatchback,Manual,1,Hyundai i20,2015,Asta 1.2,Bangalore,Third Party insurance,Petrol,75940.0,5,29.0,630000,9
306,Hatchback,Manual,1,Honda Jazz,2016,1.2 S i VTEC,Bangalore,Third Party insurance,Petrol,25639.0,5,29.0,560000,8
307,Sedan,Manual,2,Hyundai Verna,2014,1.6 SX VTVT,Bangalore,Third Party insurance,Petrol,60000.0,5,29.0,525000,10
308,Hatchback,Manual,1,Maruti Celerio,2018,ZXI MT BSIV,Bangalore,Comprehensive,Petrol,41594.0,5,29.0,501000,6
309,Hatchback,Automatic,2,Maruti Wagon R,2020,ZXI AMT 1.2,Bangalore,Comprehensive,Petrol,24786.0,5,29.0,617000,4
310,Hatchback,Manual,1,Maruti Alto K10,2017,VXI,Bangalore,Third Party insurance,Petrol,56000.0,5,29.0,365000,7
311,Sedan,Automatic,1,Honda City,2018,ZX CVT,Bangalore,Comprehensive,Petrol,90000.0,5,29.0,995000,6
312,Hatchback,Manual,2,Hyundai i20,2019,1.2 Asta Option,Bangalore,Comprehensive,Petrol,31000.0,5,29.0,775000,5
313,Sedan,Manual,1,Hyundai Verna,2017,VTVT 1.6 EX,Bangalore,Comprehensive,Petrol,36000.0,5,29.0,770000,7
314,Hatchback,Automatic,1,Honda Jazz,2019,VX CVT,Bangalore,Comprehensive,Petrol,30538.0,5,29.0,840000,5
315,Hatchback,Manual,2,Hyundai i20,2018,Asta Option BSIV,Bangalore,Comprehensive,Petrol,48891.0,5,29.0,799000,6
316,Hatchback,Automatic,2,Mercedes-Benz A Class,2014,A180 Sport,Bangalore,Third Party insurance,Petrol,60000.0,5,29.0,1380000,10
317,Hatchback,Manual,1,Maruti Swift,2015,VXI,Bangalore,Comprehensive,Petrol,35647.0,5,29.0,576000,9
318,Hatchback,Manual,1,Toyota Glanza,2020,G,Bangalore,Zero Dep,Petrol,63825.0,5,29.0,721000,4
319,Sedan,Manual,2,Honda City,2018,i-VTEC VX,Bangalore,Third Party insurance,Petrol,31346.0,5,29.0,995000,6
320,Hatchback,Manual,2,Hyundai i20,2015,Asta 1.2,Bangalore,Third Party insurance,Petrol,79349.0,5,29.0,594000,9
321,Hatchback,Manual,1,Maruti Wagon R,2015,VXI BS IV,Bangalore,Comprehensive,Petrol,52228.0,5,29.0,426000,9
322,SUV,Automatic,1,Hyundai Creta,2015,1.6 CRDi AT SX Plus,Bangalore,Third Party insurance,Diesel,70000.0,5,29.0,1100000,9
323,SUV,Automatic,1,Renault Duster,2019,Petrol RXS CVT,Bangalore,Comprehensive,Petrol,47936.0,5,29.0,848000,5
324,Sedan,Automatic,2,Skoda Superb,2008,2.5 TDi AT,Bangalore,Third Party insurance,Diesel,70000.0,5,29.0,575000,16
325,SUV,Manual,2,Hyundai Creta,2016,1.6 VTVT S,Bangalore,Comprehensive,Petrol,45000.0,5,29.0,894999,8
326,SUV,Manual,1,Hyundai Venue,2019,SX Opt Turbo BSIV,Bangalore,Third Party insurance,Petrol,20469.0,5,29.0,1099000,5
327,Sedan,Manual,2,Maruti Swift Dzire,2012,ZXI,Bangalore,Comprehensive,Petrol,70000.0,5,29.0,445000,12
328,Sedan,Manual,2,Volkswagen Vento,2017,1.6 Highline,Bangalore,Third Party insurance,Petrol,46258.0,5,29.0,775000,7
329,Hatchback,Manual,3,Maruti Wagon R,2013,VXI BS IV,Bangalore,Comprehensive,Petrol,54242.0,5,29.0,327000,11
330,Sedan,Manual,1,Maruti Swift Dzire,2017,VXI 1.2,Bangalore,Comprehensive,Petrol,31003.0,5,29.0,682000,7
331,Hatchback,Manual,1,Hyundai Grand i10,2017,1.2 Kappa Sportz Option,Bangalore,Third Party,Petrol,24233.0,5,29.0,577000,7
332,Hatchback,Manual,3,Volkswagen Polo,2015,Exquisite 1.2 MPI Highline,Bangalore,Third Party insurance,Petrol,90000.0,5,29.0,500000,9
333,Hatchback,Manual,1,Honda Jazz,2017,1.2 V i VTEC,Bangalore,Comprehensive,Petrol,36983.0,5,29.0,679000,7
334,Hatchback,Automatic,1,Mercedes-Benz B Class,2014,B180 CDI,Bangalore,Comprehensive,Diesel,68915.0,5,29.0,1445000,10
335,Hatchback,Manual,1,Maruti Swift,2021,VXI,Bangalore,Third Party,Petrol,5440.0,5,29.0,776000,3
336,Hatchback,Manual,1,Tata Tiago,2021,XZ,Bangalore,Zero Dep,Petrol,8096.0,5,29.0,690000,3
337,Sedan,Manual,2,Skoda Rapid,2012,1.6 TDI Ambition,Bangalore,Third Party insurance,Diesel,120000.0,5,29.0,380000,12
338,SUV,Manual,3,Renault Duster,2014,Petrol RxL,Bangalore,Third Party insurance,Petrol,60000.0,5,29.0,560000,10
339,Hatchback,Manual,2,Hyundai i20,2018,Petrol Asta Option,Bangalore,Comprehensive,Petrol,33040.0,5,29.0,799000,6
340,Hatchback,Manual,1,Hyundai i20,2019,Magna Plus Diesel,Bangalore,Third Party insurance,Diesel,30722.0,5,29.0,835000,5
341,Sedan,Manual,1,Honda City,2014,i VTEC V,Bangalore,Comprehensive,Petrol,58778.0,5,29.0,527000,10
342,Hatchback,Manual,1,Maruti S-Presso,2019,VXI Plus 2019-2022,Bangalore,Comprehensive,Petrol,51395.0,5,29.0,426000,5
343,SUV,Automatic,2,Ford Ecosport,2015,1.5 Petrol Titanium AT,Bangalore,Comprehensive,Petrol,100000.0,5,29.0,625000,9
344,Sedan,Manual,2,Maruti Swift Dzire,2013,VXI,Bangalore,Comprehensive,Petrol,65881.0,5,29.0,447000,11
345,Hatchback,Manual,2,Maruti Swift,2014,VXI,Bangalore,Comprehensive,Petrol,49934.0,5,29.0,552000,10
346,Hatchback,Manual,2,Maruti Celerio X,2018,ZXI Option BSIV,Bangalore,Comprehensive,Petrol,61576.0,5,29.0,459000,6
347,Sedan,Manual,2,Maruti Ciaz,2016,ZXi Plus,Bangalore,1,Petrol,114321.0,5,29.0,700000,8
348,Hatchback,Manual,1,Maruti S-Presso,2019,VXI Plus 2019-2022,Bangalore,Third Party insurance,Petrol,53125.0,5,29.0,405000,5
349,SUV,Manual,2,Renault Duster,2018,Petrol RXS,Bangalore,Comprehensive,Petrol,13000.0,5,29.0,894999,6
350,Hatchback,Automatic,1,Volkswagen Polo,2017,GT TSI,Bangalore,Third Party,Petrol,94471.0,5,29.0,880000,7
351,Hatchback,Manual,1,Maruti Wagon R,2016,VXI Opt 1.2,Bangalore,Comprehensive,Petrol,46000.0,5,29.0,475000,8
352,SUV,Manual,1,MG Astor,2022,Super EX BSVI,Bangalore,Third Party insurance,Petrol,10000.0,5,29.0,1150000,2
353,SUV,Manual,1,Toyota Urban cruiser,2021,High,Bangalore,Third Party insurance,Petrol,50000.0,5,29.0,960000,3
354,Hatchback,Manual,2,Maruti Celerio,2020,ZXI Optional,Bangalore,Third Party,Petrol,36004.0,5,29.0,532000,4
355,Sedan,Manual,2,Honda City,2016,i VTEC V,Bangalore,Comprehensive,Petrol,58808.0,5,29.0,651000,8
356,Hatchback,Manual,1,Hyundai i20,2016,Asta 1.2,Bangalore,Comprehensive,Petrol,31983.0,5,29.0,715000,8
357,SUV,Manual,1,Maruti Vitara Brezza,2016,VDi Option,Bangalore,Third Party,Diesel,78536.0,5,29.0,740000,8
358,Sedan,Manual,2,Maruti Swift Dzire,2013,VXI,Bangalore,Comprehensive,Petrol,54134.0,5,29.0,455000,11
359,Hatchback,Manual,2,Hyundai Grand i10,2019,1.2 Kappa Sportz BSIV,Bangalore,Comprehensive,Petrol,27227.0,5,29.0,524000,5
360,Hatchback,Manual,1,Hyundai i20,2017,1.2 Magna Executive,Bangalore,Third Party insurance,Petrol,30000.0,5,29.0,525000,7
361,Sedan,Manual,2,Volkswagen Vento,2012,Diesel Highline,Bangalore,Third Party insurance,Diesel,100000.0,5,29.0,360000,12
362,Hatchback,Manual,1,Hyundai i20,2019,Asta Option Diesel,Bangalore,Third Party insurance,Diesel,40000.0,5,29.0,850000,5
363,SUV,Automatic,1,Hyundai Venue,2021,SX Plus Turbo DCT BSIV,Bangalore,Third Party,Petrol,19047.0,5,29.0,1260000,3
364,Hatchback,Automatic,1,Maruti Celerio,2018,ZXI Optional AMT BSIV,Bangalore,Comprehensive,Petrol,64453.0,5,29.0,493000,6
365,Hatchback,Manual,1,Honda Brio,2018,1.2 S MT,Bangalore,Comprehensive,Petrol,43387.0,5,29.0,505000,6
366,Hatchback,Automatic,1,Maruti Baleno,2020,Delta CVT,Bangalore,Third Party insurance,Petrol,36538.0,5,29.0,825000,4
367,Hatchback,Manual,2,Hyundai i20 Active,2017,1.2 S,Bangalore,Zero Dep,Petrol,36787.0,5,29.0,682000,7
368,Hatchback,Manual,2,Maruti Celerio,2018,ZXI,Bangalore,Comprehensive,Petrol,32112.0,5,29.0,486000,6
369,Hatchback,Manual,1,Hyundai Grand i10,2017,1.2 Kappa Sportz Option,Bangalore,Comprehensive,Petrol,53701.0,5,29.0,540000,7
370,Hatchback,Manual,2,Hyundai Grand i10,2018,1.2 Kappa Magna BSIV,Bangalore,Third Party insurance,Petrol,30000.0,5,29.0,530000,6
371,Hatchback,Manual,2,Maruti Alto 800,2020,VXI BSVI,Bangalore,Zero Dep,Petrol,26085.0,5,29.0,407000,4
372,Hatchback,Manual,3,Hyundai Grand i10,2016,Asta,Bangalore,Third Party insurance,Petrol,46894.0,5,29.0,453000,8
373,SUV,Manual,1,Kia Sonet,2021,HTX Turbo iMT BSVI,Bangalore,Third Party insurance,Petrol,30000.0,5,29.0,1010000,3
374,Hatchback,Automatic,1,Tata Tiago,2018,1.2 Revotron XZA,Bangalore,Comprehensive,Petrol,33000.0,5,29.0,625000,6
375,Hatchback,Manual,1,Maruti Wagon R,2022,ZXI 1.2,Bangalore,Comprehensive,Petrol,30813.0,5,29.0,635000,2
376,Sedan,Manual,1,Hyundai Verna,2013,1.6 CRDi SX,Bangalore,Comprehensive,Diesel,56254.0,5,29.0,550000,11
377,Sedan,Automatic,2,Maruti Ciaz,2020,Alpha AT BSVI,Bangalore,Third Party insurance,Petrol,15727.0,5,29.0,1025000,4
378,Hatchback,Automatic,1,Maruti Swift,2018,ZXI AMT,Bangalore,Third Party,Petrol,59882.0,5,29.0,667000,6
379,Hatchback,Automatic,2,Hyundai Grand i10,2014,AT Asta,Bangalore,Comprehensive,Petrol,24463.0,5,29.0,494000,10
380,Sedan,Manual,1,Honda City,2015,i VTEC V,Bangalore,Zero Dep,Petrol,72352.0,5,29.0,636000,9
381,Hatchback,Manual,2,Ford Figo,2014,Petrol Titanium,Bangalore,Third Party insurance,Petrol,60000.0,5,29.0,360000,10
382,SUV,Manual,1,Maruti Vitara Brezza,2016,ZDi Plus Dual Tone,Bangalore,Comprehensive,Diesel,117530.0,5,29.0,827000,8
383,Hatchback,Manual,1,Maruti Swift,2011,VXI,Bangalore,Comprehensive,Petrol,102814.0,5,29.0,382000,13
384,Hatchback,Manual,1,Tata Tiago,2021,XZ Plus Dual Tone Roof BSVI,Bangalore,Third Party insurance,Petrol,20000.0,5,29.0,650000,3
385,Hatchback,Automatic,1,Maruti Celerio,2017,ZXI Optional AMT BSIV,Bangalore,Zero Dep,Petrol,34801.0,5,29.0,512000,7
386,Hatchback,Manual,3,Maruti Celerio,2018,ZXI,Bangalore,Comprehensive,Petrol,51877.0,5,29.0,463000,6
387,Sedan,Automatic,1,Hyundai Verna,2023,SX IVT Opt,Bangalore,Third Party insurance,Petrol,10000.0,5,29.0,1500000,1
388,Hatchback,Manual,2,Maruti Celerio X,2018,ZXI Option BSIV,Bangalore,Third Party,Petrol,17125.0,5,29.0,525000,6
389,SUV,Manual,1,Renault Duster,2014,85PS Diesel RxL Plus,Bangalore,Third Party insurance,Diesel,30000.0,5,29.0,460000,10
390,Hatchback,Manual,1,Maruti Baleno,2016,1.2 Delta,Bangalore,Third Party insurance,Petrol,50318.0,5,29.0,627000,8
391,Sedan,Manual,1,Hyundai Verna,2012,1.6 SX VTVT,Bangalore,Comprehensive,Petrol,46123.0,5,29.0,511000,12
392,Hatchback,Manual,2,Hyundai i20,2015,Asta Option 1.4 CRDi,Bangalore,Third Party insurance,Diesel,70000.0,5,29.0,600000,9
393,Sedan,Automatic,1,Volkswagen Jetta,2014,2.0L TDI Highline AT,Bangalore,Comprehensive,Diesel,33360.0,5,29.0,1285000,10
394,Hatchback,Manual,1,Tata Altroz,2023,XM Plus,Bangalore,Third Party insurance,Petrol,10000.0,5,29.0,750000,1
395,Hatchback,Automatic,1,Hyundai i20,2021,Sportz IVT,Bangalore,Third Party insurance,Petrol,11045.0,5,29.0,985000,3
396,Sedan,Automatic,1,Volkswagen Vento,2018,1.5 TDI Highline AT,Bangalore,Third Party insurance,Diesel,51406.0,5,29.0,1045000,6
397,Hatchback,Manual,1,Maruti Baleno,2017,1.2 Zeta,Bangalore,Comprehensive,Petrol,26031.0,5,29.0,710000,7
398,Hatchback,Manual,1,Maruti Swift,2016,VXI,Bangalore,Comprehensive,Petrol,30740.0,5,29.0,586000,8
399,SUV,Automatic,1,MG Astor,2022,Sharp CVT BSVI,Bangalore,Third Party insurance,Petrol,20000.0,5,29.0,1500000,2
400,Hatchback,Automatic,1,Maruti Ignis,2017,1.2 AMT Zeta BSIV,Bangalore,Zero Dep,Petrol,65909.0,5,29.0,584000,7
401,Hatchback,Manual,1,Hyundai i20,2013,Asta 1.2,Bangalore,Comprehensive,Petrol,140590.0,5,29.0,409000,11
402,Sedan,Automatic,1,Maruti Swift Dzire,2019,AMT ZXI Plus,Bangalore,Comprehensive,Petrol,51801.0,5,29.0,738000,5
403,Sedan,Manual,1,Hyundai Xcent,2015,1.1 CRDi SX,Bangalore,Third Party insurance,Diesel,80000.0,5,29.0,380000,9
404,Hatchback,Manual,1,Hyundai i20,2017,Sportz 1.2,Bangalore,Zero Dep,Petrol,62621.0,5,29.0,656000,7
405,Hatchback,Manual,1,Maruti Swift,2014,VXI,Bangalore,Comprehensive,Petrol,79068.0,5,29.0,483000,10
406,Sedan,Automatic,2,Volkswagen Ameo,2018,1.5 TDI Highline Plus 16 AT,Bangalore,Third Party insurance,Diesel,30000.0,5,29.0,750000,6
407,Hatchback,Manual,2,Hyundai i10,2008,Era 1.1,Bangalore,Third Party insurance,Petrol,72000.0,5,29.0,185000,16
408,Hatchback,Manual,2,Hyundai i10,2008,Era 1.1,Bangalore,Third Party insurance,Petrol,80000.0,5,29.0,180000,16
409,Hatchback,Manual,1,Volkswagen Polo,2010,Petrol Trendline 1.2L,Bangalore,Third Party insurance,Petrol,67000.0,5,29.0,300000,14
410,SUV,Automatic,1,Tata Nexon EV Prime,2020,XZ Plus LUX,Bangalore,Third Party insurance,Electric,30000.0,5,29.0,1350000,4
411,SUV,Automatic,1,Tata Nexon EV Prime,2022,XZ Plus LUX,Bangalore,Comprehensive,Electric,21236.0,5,29.0,1450000,2
412,Hatchback,Automatic,2,Maruti Ignis,2017,1.2 AMT Zeta BSIV,Bangalore,Comprehensive,Petrol,47488.0,5,29.0,546000,7
413,Hatchback,Manual,1,Honda Jazz,2016,1.2 SV i VTEC,Bangalore,Comprehensive,Petrol,56814.0,5,29.0,533000,8
414,Hatchback,Manual,1,Hyundai i10,2012,Sportz,Bangalore,Comprehensive,Petrol,63206.0,5,29.0,332000,12
415,Sedan,Manual,2,Maruti Ciaz,2018,Delta BSIV,Bangalore,Comprehensive,Petrol,61103.0,5,29.0,809000,6
416,Hatchback,Manual,1,Maruti Alto,2008,LXi,Bangalore,Third Party insurance,Petrol,70000.0,5,29.0,200000,16
417,Hatchback,Automatic,3,Maruti Celerio,2015,VXI AT Optional,Bangalore,Comprehensive,Petrol,112268.0,5,29.0,347000,9
418,SUV,Manual,1,Volkswagen Taigun,2021,1.0 TSI Topline BSVI,Bangalore,Comprehensive,Petrol,97346.0,5,29.0,1359000,3
419,Hatchback,Manual,2,Hyundai Grand i10,2018,1.2 Kappa Sportz BSIV,Bangalore,Comprehensive,Petrol,36977.0,5,29.0,543000,6
420,Hatchback,Manual,2,Hyundai i20,2013,Asta 1.4 CRDi,Bangalore,Third Party insurance,Diesel,60000.0,5,29.0,475000,11
421,Hatchback,Automatic,2,Renault KWID,2016,1.0 AMT RXT,Bangalore,Third Party insurance,Petrol,35000.0,5,29.0,350000,8
422,Hatchback,Manual,1,Maruti Alto K10,2015,VXI,Bangalore,Third Party insurance,Petrol,50000.0,5,29.0,300000,9
423,Hatchback,Manual,2,Maruti Wagon R,2014,VXI BS IV,Bangalore,Third Party,Petrol,40082.0,5,29.0,377000,10
424,Sedan,Automatic,2,Maruti Swift Dzire,2017,AMT VDI,Bangalore,Comprehensive,Diesel,112566.0,5,29.0,638000,7
425,Hatchback,Automatic,1,Maruti Wagon R,2021,ZXI AMT 1.2,Bangalore,Comprehensive,Petrol,61978.0,5,29.0,674000,3
426,Hatchback,Manual,1,Maruti Wagon R,2021,ZXI 1.2,Bangalore,Third Party,Petrol,27658.0,5,29.0,613000,3
427,SUV,Manual,1,Kia Seltos,2019,HTK G,Bangalore,Comprehensive,Petrol,26000.0,5,29.0,1145000,5
428,Hatchback,Manual,2,Hyundai i20,2015,Asta 1.2,Bangalore,Comprehensive,Petrol,43371.0,5,29.0,595000,9
429,SUV,Manual,2,Ford Ecosport,2014,1.5 DV5 MT Titanium Optional,Bangalore,Third Party insurance,Diesel,120000.0,5,29.0,450000,10
430,Hatchback,Manual,1,Honda Jazz,2017,1.2 V i VTEC,Bangalore,Third Party insurance,Petrol,67633.0,5,29.0,599000,7
431,Hatchback,Manual,1,Maruti Baleno,2016,1.2 Delta,Bangalore,Third Party insurance,Petrol,76794.0,5,29.0,625000,8
432,Sedan,Manual,2,Chevrolet Cruze,2010,LTZ,Bangalore,Third Party insurance,Diesel,100000.0,5,29.0,445000,14
433,Hatchback,Manual,2,Hyundai i10,2012,Sportz,Bangalore,Third Party insurance,Petrol,50000.0,5,29.0,320000,12
434,SUV,Automatic,1,Kia Sonet,2022,HTX Diesel AT BSVI,Bangalore,Third Party insurance,Diesel,20000.0,5,29.0,1350000,2
435,Hatchback,Manual,2,Fiat Punto Abarth,2018,1.4 T-Jet,Bangalore,Third Party insurance,Petrol,50000.0,5,29.0,525000,6
436,SUV,Manual,1,Hyundai Creta,2015,1.6 CRDi SX,Bangalore,Third Party insurance,Diesel,80000.0,5,29.0,888000,9
437,Sedan,Manual,1,Maruti Swift Dzire,2017,VDI,Bangalore,Comprehensive,Diesel,94932.0,5,29.0,707000,7
438,Hatchback,Manual,1,Maruti Baleno,2016,1.2 Delta,Bangalore,Comprehensive,Petrol,75140.0,5,29.0,593000,8
439,Hatchback,Manual,1,Chevrolet Beat,2011,LT,Bangalore,Third Party insurance,Petrol,88000.0,5,29.0,250000,13
440,Hatchback,Manual,1,Hyundai i20,2016,Asta 1.2,Bangalore,Comprehensive,Petrol,73969.0,5,29.0,685000,8
441,Sedan,Manual,1,Hyundai Verna,2016,1.6 VTVT S,Bangalore,Comprehensive,Petrol,62598.0,5,29.0,699000,8
442,Sedan,Automatic,2,Toyota Corolla Altis,2017,1.8 VL CVT,Bangalore,Third Party insurance,Petrol,70000.0,5,29.0,1200000,7
443,Hatchback,Manual,2,Maruti Alto 800,2021,VXI Plus BSVI,Bangalore,Zero Dep,Petrol,24343.0,5,29.0,425000,3
444,Hatchback,Manual,2,Volkswagen Polo,2014,Diesel Trendline 1.2L,Bangalore,Third Party insurance,Diesel,110000.0,5,29.0,380000,10
445,Hatchback,Manual,2,Volkswagen Polo,2017,1.2 MPI Highline,Bangalore,Third Party,Petrol,58917.0,5,29.0,574000,7
446,Hatchback,Manual,1,Maruti Swift,2016,VXI,Bangalore,Comprehensive,Petrol,72338.0,5,29.0,573000,8
447,Hatchback,Automatic,2,Honda Brio,2012,V AT ,Bangalore,Comprehensive,Petrol,41000.0,5,29.0,425000,12
448,Hatchback,Automatic,2,Hyundai i10,2009,Magna AT,Bangalore,Third Party insurance,Petrol,70000.0,5,29.0,265000,15
449,Sedan,Manual,1,Maruti Swift Dzire,2019,ZXi,Bangalore,Comprehensive,Petrol,25887.0,5,29.0,600000,5
450,Sedan,Manual,1,Honda City,2016,i VTEC V,Bangalore,Third Party insurance,Petrol,40000.0,5,29.0,650000,8
451,Hatchback,Manual,1,Maruti Swift,2015,VDI BSIV,Bangalore,Third Party insurance,Diesel,50000.0,5,29.0,430000,9
452,Hatchback,Manual,1,Volkswagen Polo,2022,1.0 TSI Highline Plus,Bangalore,Third Party insurance,Petrol,20000.0,5,29.0,1075000,2
453,Hatchback,Manual,2,Hyundai i20,2017,Asta 1.2,Bangalore,Third Party,Petrol,64235.0,5,29.0,615000,7
454,Hatchback,Manual,1,Maruti Baleno,2018,1.3 Alpha,Bangalore,Zero Dep,Diesel,83873.0,5,29.0,746000,6
455,Sedan,Manual,2,Skoda Rapid,2012,1.6 TDI Ambition,Bangalore,Third Party insurance,Diesel,120000.0,5,29.0,370000,12
456,Sedan,Manual,2,Hyundai Verna,2016,1.6 SX VTVT,Bangalore,Comprehensive,Petrol,93059.0,5,29.0,667000,8
457,Hatchback,Manual,1,Maruti Baleno,2017,1.2 Delta,Bangalore,Zero Dep,Petrol,45681.0,5,29.0,634000,7
458,Hatchback,Manual,2,Honda Jazz,2017,1.2 V i VTEC,Bangalore,Comprehensive,Petrol,45938.0,5,29.0,579000,7
459,Hatchback,Manual,1,Maruti Baleno,2018,1.2 Delta,Bangalore,Third Party insurance,Petrol,40000.0,5,29.0,510000,6
460,Hatchback,Manual,2,Maruti Swift,2018,ZXI Plus,Bangalore,Third Party insurance,Petrol,57423.0,5,29.0,634000,6
461,Hatchback,Automatic,1,Hyundai Grand i10,2015,AT Asta,Bangalore,Third Party,Petrol,60942.0,5,29.0,527000,9
462,SUV,Manual,2,Jeep Compass,2018,2.0 Limited,Bangalore,Third Party insurance,Diesel,80000.0,5,29.0,1500000,6
463,Hatchback,Manual,2,Hyundai Grand i10 Nios,2021,Sportz,Bangalore,Third Party insurance,Petrol,10000.0,5,29.0,650000,3
464,Hatchback,Automatic,1,Maruti Baleno,2017,1.2 CVT Alpha,Bangalore,Comprehensive,Petrol,77995.0,5,29.0,674000,7
465,SUV,Manual,1,Tata Nexon,2021,XM S BSVI,Bangalore,Third Party insurance,Petrol,20000.0,5,29.0,810000,3
466,Sedan,Manual,1,Maruti Ciaz,2020,Delta BSVI,Bangalore,Comprehensive,Petrol,40908.0,5,29.0,792000,4
467,Hatchback,Automatic,2,Hyundai Grand i10,2016,Asta Option AT,Bangalore,Comprehensive,Petrol,39693.0,5,29.0,513000,8
468,Sedan,Manual,1,Hyundai Verna,2010,Transform VTVT,Bangalore,Third Party insurance,Petrol,40000.0,5,29.0,360000,14
469,Hatchback,Manual,1,Maruti Swift,2016,VXI,Bangalore,Comprehensive,Petrol,63411.0,5,29.0,579000,8
470,Hatchback,Manual,2,Hyundai Grand i10,2014,Sportz,Bangalore,Comprehensive,Petrol,94221.0,5,29.0,383000,10
471,Hatchback,Manual,1,Hyundai i20,2017,1.2 Asta Option,Bangalore,Third Party insurance,Petrol,93975.0,5,29.0,605000,7
472,SUV,Manual,1,Mahindra XUV300,2019,W8 BSVI,Bangalore,Third Party insurance,Petrol,30000.0,5,29.0,985000,5
473,Hatchback,Manual,2,Volkswagen Polo,2020,1.0 TSI Highline Plus,Bangalore,Third Party,Petrol,30155.0,5,29.0,935000,4
474,Hatchback,Manual,2,Volkswagen Polo,2016,1.2 MPI Highline,Bangalore,Third Party insurance,Petrol,59006.0,5,29.0,675000,8
475,SUV,Automatic,1,Tata Nexon,2022,XZA Plus (O) AMT,Bangalore,Third Party,Petrol,18570.0,5,29.0,1345000,2
476,Hatchback,Manual,1,Maruti Baleno,2016,1.3 Alpha,Bangalore,Third Party insurance,Diesel,61263.0,5,29.0,734000,8
477,SUV,Manual,2,Honda WR-V,2017,i-VTEC VX,Bangalore,Third Party,Petrol,65507.0,5,29.0,701000,7
478,SUV,Manual,1,Renault Duster,2014,85PS Diesel RxL Optional,Bangalore,Third Party insurance,Diesel,100000.0,5,29.0,535000,10
479,SUV,Manual,1,Honda WR-V,2017,i-VTEC VX,Bangalore,Comprehensive,Petrol,26158.0,5,29.0,789000,7
480,Hatchback,Manual,1,Maruti Swift,2015,VXI,Bangalore,Comprehensive,Petrol,35250.0,5,29.0,548000,9
481,Hatchback,Manual,2,Maruti Celerio,2015,ZXI,Bangalore,Comprehensive,Petrol,40304.0,5,29.0,477000,9
482,SUV,Automatic,1,Land Rover Freelander 2,2013,HSE,Bangalore,Comprehensive,Diesel,80000.0,5,29.0,1525000,11
483,Hatchback,Manual,1,Maruti Swift,2014,VXI,Bangalore,Comprehensive,Petrol,56661.0,5,29.0,515000,10
484,Hatchback,Manual,2,Hyundai i20,2016,Asta 1.2,Bangalore,Comprehensive,Petrol,90213.0,5,29.0,562000,8
485,Sedan,Manual,3,Volkswagen Vento,2010,Petrol Highline,Bangalore,Third Party insurance,Petrol,70000.0,5,29.0,345000,14
486,SUV,Manual,2,Nissan Magnite,2021,XV BSVI,Bangalore,Third Party insurance,Petrol,10000.0,5,29.0,670000,3
487,Hatchback,Automatic,1,Honda Jazz,2021,ZX CVT,Bangalore,Comprehensive,Petrol,20739.0,5,29.0,950000,3
488,Hatchback,Manual,2,Hyundai i20,2020,Sportz Plus Dual Tone BSIV,Bangalore,Third Party insurance,Petrol,20000.0,5,29.0,700000,4
489,Sedan,Manual,3,Chevrolet Cruze,2009,LTZ,Bangalore,Third Party insurance,Diesel,60000.0,5,29.0,370000,15
490,Hatchback,Manual,1,Hyundai i20,2015,Sportz Option 1.4 CRDi,Bangalore,Third Party insurance,Diesel,70000.0,5,29.0,550000,9
491,Hatchback,Manual,2,Hyundai i20,2015,Asta 1.2,Bangalore,Comprehensive,Petrol,47127.0,5,29.0,581000,9
492,Hatchback,Manual,1,Maruti Swift,2017,VXI Optional,Bangalore,Comprehensive,Petrol,47038.0,5,29.0,582000,7
493,Sedan,Manual,3,Honda City,2007,GXi,Bangalore,Third Party insurance,Petrol,120000.0,5,29.0,185000,17
494,Hatchback,Manual,1,Hyundai Grand i10,2018,1.2 Kappa Magna BSIV,Bangalore,Third Party,Petrol,40769.0,5,29.0,531000,6
495,Hatchback,Manual,1,Hyundai Grand i10,2017,1.2 Kappa Asta,Bangalore,Comprehensive,Petrol,34757.0,5,29.0,558000,7
496,Hatchback,Automatic,2,Hyundai Grand i10,2016,Asta Option AT,Bangalore,Comprehensive,Petrol,88119.0,5,29.0,508000,8
497,Hatchback,Manual,1,Hyundai Grand i10,2017,1.2 Kappa Asta,Bangalore,Third Party,Petrol,57176.0,5,29.0,542000,7
498,Hatchback,Manual,2,Maruti Swift,2015,VXI,Bangalore,Comprehensive,Petrol,62223.0,5,29.0,501000,9
499,Minivans,Manual,1,Maruti Eeco,2018,5 Seater STD 2020-2022,Bangalore,Comprehensive,Petrol,63251.0,5,29.0,485000,6
500,Hatchback,Manual,3,Hyundai i10,2010,Magna,Bangalore,Third Party insurance,Petrol,20000.0,5,29.0,300000,14
501,Sedan,Manual,3,Chevrolet Cruze,2009,LTZ,Bangalore,Third Party insurance,Diesel,60000.0,5,29.0,350000,15
502,Hatchback,Automatic,1,Hyundai Grand i10,2018,1.2 Kappa Sportz Option AT,Bangalore,Third Party insurance,Petrol,40000.0,5,29.0,630000,6
503,Hatchback,Manual,1,Hyundai i20,2012,Sportz 1.2,Bangalore,Third Party insurance,Petrol,67444.0,5,29.0,417000,12
504,Hatchback,Automatic,2,Maruti Baleno,2016,1.2 CVT Delta,Bangalore,Comprehensive,Petrol,63837.0,5,29.0,631000,8
505,Hatchback,Manual,1,Maruti Swift,2016,VXI,Bangalore,Third Party insurance,Petrol,60777.0,5,29.0,544000,8
506,Hatchback,Manual,2,Maruti Baleno,2016,1.2 Zeta,Bangalore,Third Party insurance,Petrol,39248.0,5,29.0,704000,8
507,Hatchback,Manual,1,Honda Brio,2015,S MT,Bangalore,Comprehensive,Petrol,96198.0,5,29.0,359000,9
508,Sedan,Automatic,2,Honda City,2013,1.5 S AT,Bangalore,Third Party insurance,Petrol,50000.0,5,29.0,520000,11
509,Hatchback,Manual,3,Maruti Wagon R,2015,VXI BS IV,Bangalore,Comprehensive,Petrol,81207.0,5,29.0,335000,9
510,Hatchback,Manual,1,Maruti Swift,2021,ZXI Plus,Bangalore,Third Party,Petrol,48148.0,5,29.0,766000,3
511,Hatchback,Manual,1,Maruti Celerio,2015,VXI,Bangalore,Third Party insurance,Petrol,120000.0,5,29.0,350000,9
512,Sedan,Manual,3,Tata Zest,2018,Quadrajet 1.3 XT,Bangalore,Third Party insurance,Diesel,90000.0,5,29.0,480000,6
513,Sedan,Automatic,3,Honda New Accord,2008,2.4 A/T,Bangalore,Third Party insurance,Petrol,70000.0,5,29.0,600000,16
514,SUV,Manual,1,Mahindra XUV300,2022,W6 Diesel Sunroof NT BSVI,Bangalore,Third Party insurance,Diesel,30000.0,5,29.0,995000,2
515,SUV,Manual,2,Nissan Terrano,2013,XV Premium 110 PS,Bangalore,Third Party insurance,Diesel,120000.0,5,29.0,575000,11
516,Hatchback,Manual,2,Maruti Alto 800,2014,LXI,Bangalore,Third Party insurance,Petrol,60000.0,5,29.0,260000,10
517,Hatchback,Manual,1,Maruti Swift,2015,VXI,Bangalore,Comprehensive,Petrol,67245.0,5,29.0,539000,9
518,Sedan,Manual,1,Maruti Ciaz,2018,1.3 Alpha,Bangalore,Third Party,Diesel,102407.0,5,29.0,796000,6
519,Hatchback,Manual,1,Hyundai i20,2015,Asta 1.2,Bangalore,Zero Dep,Petrol,53606.0,5,29.0,636000,9
520,SUV,Manual,1,Skoda Yeti,2015,Elegance 4X4,Bangalore,Third Party insurance,Diesel,90000.0,5,29.0,1400000,9
521,Hatchback,Manual,2,Maruti Baleno,2016,1.2 Zeta,Bangalore,Comprehensive,Petrol,44253.0,5,29.0,615000,8
522,Minivans,Manual,1,Maruti Eeco,2021,CNG 5 Seater AC,Bangalore,Third Party insurance,CNG,40000.0,5,29.0,500000,3
523,Hatchback,Manual,1,Tata Tiago,2021,XZ Plus BSVI,Bangalore,Third Party,Petrol,34702.0,5,29.0,718000,3
524,Hatchback,Manual,1,Maruti Swift,2012,VXI,Bangalore,Third Party,Petrol,42762.0,5,29.0,436000,12
525,Hatchback,Manual,2,Maruti Alto K10,2015,LXI,Bangalore,Third Party insurance,Petrol,50000.0,5,29.0,280000,9
526,Sedan,Manual,2,Maruti SX4,2014,Green Vxi (CNG),Bangalore,Third Party insurance,CNG,50000.0,5,29.0,300000,10
527,Sedan,Manual,1,Maruti Swift Dzire,2020,VXI 1.2,Bangalore,Third Party insurance,Petrol,40000.0,5,29.0,670000,4
528,Hatchback,Manual,1,Maruti Baleno,2020,Alpha,Bangalore,Third Party insurance,Petrol,10000.0,5,29.0,900000,4
529,Hatchback,Manual,1,Maruti Baleno,2016,1.2 Zeta,Bangalore,Third Party insurance,Petrol,60000.0,5,29.0,600000,8
530,Hatchback,Manual,1,Hyundai i20,2016,Asta Option 1.2,Bangalore,Third Party insurance,Petrol,57459.0,5,29.0,605000,8
531,Hatchback,Manual,1,Hyundai Grand i10,2017,1.2 Kappa Asta,Bangalore,Zero Dep,Petrol,70381.0,5,29.0,559000,7
532,Hatchback,Manual,3,Volkswagen Polo,2012,IPL II 1.2 Diesel Highline,Bangalore,Third Party insurance,Diesel,90000.0,5,29.0,268000,12
533,Sedan,Manual,1,Maruti Ciaz,2020,Alpha BSVI,Bangalore,Comprehensive,Petrol,80648.0,5,29.0,780000,4
534,Hatchback,Manual,1,Hyundai Santro Xing,2009,GLS,Bangalore,Third Party insurance,Petrol,40000.0,5,29.0,240000,15
535,Hatchback,Manual,1,Honda Brio,2012,S MT,Bangalore,Comprehensive,Petrol,90802.0,5,29.0,341000,12
536,Hatchback,Manual,1,Hyundai Santro Xing,2009,GLS,Bangalore,Third Party insurance,Petrol,40000.0,5,29.0,240000,15
537,Hatchback,Manual,1,Hyundai Santro,2021,Magna,Bangalore,Zero Dep,Petrol,16502.0,5,29.0,513000,3
538,Hatchback,Manual,1,Maruti Ignis,2021,1.2 Alpha BSIV,Bangalore,Third Party,Petrol,31530.0,5,29.0,661000,3
539,Hatchback,Manual,2,Maruti Swift,2015,VDI BSIV,Bangalore,Third Party insurance,Diesel,80000.0,5,29.0,520000,9
540,Hatchback,Manual,2,Maruti Ritz,2011,VDi,Bangalore,Third Party insurance,Diesel,110000.0,5,29.0,300000,13
541,Hatchback,Automatic,1,Hyundai i20 N Line,2021,N8 DCT BSVI,Bangalore,Comprehensive,Petrol,18000.0,5,29.0,1295000,3
542,Sedan,Manual,2,Honda City,2014,i VTEC SV,Bangalore,Third Party insurance,Petrol,60000.0,5,29.0,630000,10
543,Hatchback,Manual,2,Hyundai i10,2011,Sportz,Bangalore,Third Party insurance,Petrol,70000.0,5,29.0,275000,13
544,Hatchback,Manual,1,Honda Brio,2012,S MT,Bangalore,Third Party,Petrol,69210.0,5,29.0,338000,12
545,Hatchback,Manual,2,Honda Jazz,2018,1.2 VX i VTEC,Bangalore,Comprehensive,Petrol,71165.0,5,29.0,604000,6
546,Sedan,Manual,3,Maruti Swift Dzire,2010,VDi,Bangalore,Third Party insurance,Diesel,86543.0,5,29.0,327000,14
547,Hatchback,Automatic,1,Maruti Baleno,2016,1.2 CVT Delta,Bangalore,Third Party,Petrol,67225.0,5,29.0,621000,8
548,Hatchback,Manual,1,Hyundai Grand i10,2018,1.2 Kappa Asta,Bangalore,Zero Dep,Petrol,16247.0,5,29.0,621000,6
549,Sedan,Manual,2,Mahindra Renault Logan,2007,1.4 GLX Petrol,Bangalore,Third Party insurance,Petrol,80000.0,5,29.0,140000,17
550,Hatchback,Automatic,2,Maruti Baleno,2017,1.2 CVT Delta,Bangalore,Zero Dep,Petrol,39481.0,5,29.0,708000,7
551,Hatchback,Manual,2,Maruti Celerio,2018,VXI,Bangalore,Third Party,Petrol,61227.0,5,29.0,443000,6
552,SUV,Manual,1,Renault Duster,2016,110PS Diesel RxL,Bangalore,Comprehensive,Diesel,112521.0,5,29.0,700000,8
553,Sedan,Automatic,1,Honda City,2021,ZX CVT,Bangalore,Third Party insurance,Petrol,20000.0,5,29.0,1450000,3
554,Hatchback,Manual,2,Tata Tiago,2018,1.2 Revotron XZ,Bangalore,Third Party insurance,Petrol,40000.0,5,29.0,470000,6
555,SUV,Manual,1,Renault Duster,2016,110PS Diesel RxL Explore,Bangalore,Third Party insurance,Diesel,50000.0,5,29.0,600000,8
556,Hatchback,Manual,2,Maruti Baleno,2017,1.2 Zeta,Bangalore,Third Party,Petrol,63359.0,5,29.0,649000,7
557,Hatchback,Manual,2,Hyundai i20,2017,Asta Option 1.4 CRDi,Bangalore,Zero Dep,Diesel,125227.0,5,29.0,657000,7
558,Hatchback,Manual,2,Volkswagen Polo,2012,Diesel Comfortline 1.2L,Bangalore,Third Party insurance,Diesel,100000.0,5,29.0,420000,12
559,Hatchback,Manual,2,Maruti Swift,2015,ZDI BSIV,Bangalore,Third Party insurance,Diesel,71884.0,5,29.0,629000,9
560,Hatchback,Manual,2,Honda Brio,2012,S MT,Bangalore,Third Party insurance,Petrol,79059.0,5,29.0,322000,12
561,Hatchback,Manual,2,Maruti Baleno,2016,1.2 Delta,Bangalore,Third Party insurance,Petrol,80000.0,5,29.0,620000,8
562,Hatchback,Manual,1,Maruti Swift,2013,VXI,Bangalore,Third Party,Petrol,69124.0,5,29.0,435000,11
563,Hatchback,Manual,1,Maruti Ritz,2010,VXi,Bangalore,Comprehensive,Petrol,73340.0,5,29.0,317000,14
564,Hatchback,Manual,2,Hyundai Grand i10,2017,1.2 Kappa Asta,Bangalore,Comprehensive,Petrol,44268.0,5,29.0,574000,7
565,Hatchback,Manual,1,Citroen C3,2022,Puretech 82 Feel BSVI,Bangalore,Third Party insurance,Petrol,10000.0,5,29.0,780000,2
566,Hatchback,Manual,1,Honda Jazz,2018,1.2 VX i VTEC,Bangalore,Third Party insurance,Petrol,60000.0,5,29.0,800000,6
567,Sedan,Manual,1,Honda City,2020,V MT,Bangalore,Third Party insurance,Petrol,30000.0,5,29.0,925000,4
568,Sedan,Manual,1,Maruti Ciaz,2017,ZXi Plus,Bangalore,Third Party insurance,Petrol,50000.0,5,29.0,775000,7
569,SUV,Manual,2,Renault Duster,2014,110PS Diesel RxL,Bangalore,Third Party insurance,Diesel,70000.0,5,29.0,500000,10
570,Sedan,Manual,2,Maruti Swift Dzire,2009,VDi,Bangalore,Third Party insurance,Diesel,120000.0,5,29.0,350000,15
571,Sedan,Automatic,2,Honda Amaze,2020,VX CVT Petrol,Bangalore,Third Party insurance,Petrol,20000.0,5,29.0,830000,4
572,SUV,Automatic,1,Kia Seltos,2020,HTK Plus AT D,Bangalore,Third Party,Diesel,37354.0,5,29.0,1475000,4
573,Sedan,Manual,1,Maruti Ciaz,2016,ZXi,Bangalore,Comprehensive,Petrol,89801.0,5,29.0,674000,8
574,Hatchback,Manual,2,Hyundai Grand i10,2019,1.2 Kappa Asta,Bangalore,Zero Dep,Petrol,69199.0,5,29.0,547000,5
575,Hatchback,Manual,3,Maruti Swift,2012,VXI,Bangalore,Third Party insurance,Petrol,78249.0,5,29.0,413000,12
576,Hatchback,Manual,1,Maruti Swift,2021,VXI,Bangalore,Zero Dep,Petrol,29905.0,5,29.0,709000,3
577,Hatchback,Manual,2,Honda Jazz,2017,1.2 VX i VTEC,Bangalore,Comprehensive,Petrol,60442.0,5,29.0,528000,7
578,SUV,Manual,1,Renault Duster,2014,85PS Diesel RxL Plus,Bangalore,Comprehensive,Diesel,66463.0,5,29.0,691000,10
579,Sedan,Automatic,1,Skoda Rapid,2020,1.0 TSI Ambition AT,Bangalore,Comprehensive,Petrol,40844.0,5,29.0,1145000,4
580,Hatchback,Manual,1,Volkswagen Polo,2021,1.0 TSI Comfortline,Bangalore,Third Party,Petrol,62696.0,5,29.0,855000,3
581,Hatchback,Automatic,1,Maruti Swift,2021,AMT ZXI,Bangalore,Third Party insurance,Petrol,30000.0,5,29.0,800000,3
582,Sedan,Manual,1,Ford Aspire,2017,1.2 Ti-VCT Titanium Plus,Bangalore,Comprehensive,Petrol,44000.0,5,29.0,550000,7
583,Hatchback,Manual,2,Hyundai i20,2012,1.2 Magna,Bangalore,Third Party insurance,Petrol,70000.0,5,29.0,400000,12
584,Sedan,Manual,1,Maruti Swift Dzire,2020,VXI 1.2,Bangalore,Third Party insurance,Petrol,40000.0,5,29.0,650000,4
585,SUV,Manual,1,Kia Sonet,2021,GTX Plus Diesel iMT BSVI,Bangalore,Third Party insurance,Diesel,80000.0,5,29.0,1300000,3
586,Hatchback,Manual,1,Maruti Baleno,2016,1.2 Alpha,Bangalore,Zero Dep,Petrol,79415.0,5,29.0,609000,8
587,Sedan,Automatic,1,Maruti Swift Dzire,2017,AMT ZDI,Bangalore,Zero Dep,Diesel,88411.0,5,29.0,678000,7
588,Hatchback,Manual,1,Maruti Swift,2012,VDI,Bangalore,Third Party,Diesel,106516.0,5,29.0,449000,12
589,Hatchback,Manual,2,Maruti Swift,2015,VDI BSIV,Bangalore,Comprehensive,Diesel,88509.0,5,29.0,552000,9
590,Hatchback,Manual,1,Maruti Swift,2013,LXI,Bangalore,Comprehensive,Petrol,44437.0,5,29.0,426000,11
591,Hatchback,Manual,2,Hyundai i20,2015,Asta 1.4 CRDi,Bangalore,Third Party insurance,Diesel,83731.0,5,29.0,607000,9
592,Hatchback,Automatic,1,Maruti Wagon R,2022,ZXI AMT 1.2,Bangalore,Third Party insurance,Petrol,30000.0,5,29.0,680000,2
593,Sedan,Manual,2,Tata Manza,2011,Aura (ABS) Safire BS IV,Bangalore,Third Party insurance,Petrol,60000.0,5,29.0,250000,13
594,Hatchback,Manual,1,Maruti Baleno,2018,1.2 Alpha,Bangalore,Third Party insurance,Petrol,80000.0,5,29.0,720000,6
595,Sedan,Manual,1,Maruti Ciaz,2018,Zeta BSIV,Bangalore,Third Party insurance,Petrol,45621.0,5,29.0,798000,6
596,SUV,Manual,2,Renault Captur,2018,1.5 Diesel RXT Mono,Bangalore,Zero Dep,Diesel,38199.0,5,29.0,858000,6
597,Hatchback,Manual,1,Hyundai i20,2016,Asta Option 1.2,Bangalore,Zero Dep,Petrol,91660.0,5,29.0,608000,8
598,Sedan,Manual,2,Honda City,2015,i VTEC VX,Bangalore,Comprehensive,Petrol,51947.0,5,29.0,698000,9
599,SUV,Manual,2,Maruti SX4 S Cross,2016,DDiS 200 Zeta,Bangalore,Third Party insurance,Diesel,76836.0,5,29.0,751000,8
600,Hatchback,Automatic,2,Honda Brio,2015,VX AT,Bangalore,Comprehensive,Petrol,27000.0,5,29.0,535000,9
601,Hatchback,Manual,1,Hyundai i10,2013,Era 1.1 iTech SE,Bangalore,Comprehensive,Petrol,47333.0,5,29.0,328000,11
602,Hatchback,Automatic,1,Hyundai Grand i10 Nios,2021,AMT Sportz,Bangalore,Third Party insurance,Petrol,20000.0,5,29.0,725000,3
603,Sedan,Manual,1,Hyundai Verna,2017,1.6 VTVT S,Bangalore,Comprehensive,Petrol,46000.0,5,29.0,740000,7
604,Hatchback,Manual,2,Nissan Micra Active,2015,XV,Bangalore,Third Party insurance,Petrol,40000.0,5,29.0,480000,9
605,Sedan,Manual,1,Ford Fiesta,2010,1.6 ZXi Duratec,Bangalore,Third Party insurance,Petrol,80000.0,5,29.0,190000,14
606,Hatchback,Manual,1,Maruti Swift,2014,VDI BSIV,Bangalore,Third Party insurance,Diesel,80000.0,5,29.0,480000,10
607,Sedan,Manual,2,Hyundai Verna,2012,1.6 CRDi EX MT,Bangalore,Third Party insurance,Diesel,150000.0,5,29.0,380000,12
608,SUV,Manual,1,Tata Nexon,2022,XZ Plus HS Dark Edition,Bangalore,Third Party insurance,Petrol,20000.0,5,29.0,1280000,2
609,SUV,Automatic,1,Ford Ecosport,2016,1.5 Ti VCT AT Titanium BSIV,Bangalore,Comprehensive,Petrol,43791.0,5,29.0,770000,8
610,Hatchback,Automatic,1,Maruti Swift,2018,VXI AMT,Bangalore,Third Party insurance,Petrol,87660.0,5,29.0,599000,6
611,Hatchback,Manual,3,Hyundai Santro Xing,2011,GLS,Bangalore,Comprehensive,Petrol,71938.0,5,29.0,232000,13
612,Sedan,Manual,2,Hyundai Verna,2013,1.6 SX VTVT,Bangalore,Comprehensive,Petrol,104938.0,5,29.0,525000,11
613,Sedan,Manual,1,Honda City,2020,V MT,Bangalore,Third Party insurance,Petrol,30000.0,5,29.0,950000,4
614,Sedan,Manual,2,Skoda Rapid,2017,1.6 MPI Ambition BSIV,Bangalore,Third Party insurance,Petrol,124707.0,5,29.0,635000,7
615,Hatchback,Manual,2,Volkswagen Polo,2012,Diesel Highline 1.2L,Bangalore,Third Party insurance,Diesel,70000.0,5,29.0,400000,12
616,SUV,Manual,1,Ford Ecosport,2017,1.5 TDCi Titanium BSIV,Bangalore,Comprehensive,Diesel,48743.0,5,29.0,781000,7
617,Sedan,Manual,2,Skoda Superb,2012,Elegance 1.8 TSI,Bangalore,Third Party insurance,Petrol,100000.0,5,29.0,385000,12
618,Sedan,Manual,2,Skoda Superb,2012,Elegance 1.8 TSI,Bangalore,Third Party insurance,Petrol,90000.0,5,29.0,365000,12
619,Pickup Trucks,Manual,1,Mahindra Bolero Camper,2019,GOLD ZX 2WD,Bangalore,Third Party insurance,Diesel,70000.0,5,29.0,749000,5
620,Hatchback,Manual,1,Fiat Punto,2014,1.3 Dynamic,Bangalore,Third Party insurance,Diesel,120000.0,5,29.0,350000,10
621,Hatchback,Manual,1,Hyundai i20,2020,Magna Plus BSIV,Bangalore,Third Party insurance,Petrol,20000.0,5,29.0,700000,4
622,Hatchback,Manual,2,Hyundai EON,2012,D Lite Plus,Bangalore,Third Party insurance,Petrol,50000.0,5,29.0,230000,12
623,SUV,Manual,1,Honda WR-V,2018,i-VTEC VX,Bangalore,Comprehensive,Petrol,51338.0,5,29.0,875000,6
624,SUV,Manual,1,Hyundai Creta,2017,1.6 VTVT SX Plus Dual Tone,Bangalore,Comprehensive,Petrol,97334.0,5,29.0,925000,7
625,Hatchback,Manual,1,Hyundai i20,2020,Magna Plus BSIV,Bangalore,Third Party insurance,Petrol,20000.0,5,29.0,700000,4
626,Hatchback,Manual,1,Maruti S-Presso,2020,VXI Plus 2019-2022,Bangalore,Third Party insurance,Petrol,23920.0,5,29.0,449000,4
627,SUV,Automatic,1,Hyundai Creta,2018,1.6 CRDi AT SX Plus,Bangalore,Comprehensive,Diesel,65000.0,5,29.0,1485000,6
628,Hatchback,Manual,2,Honda Brio,2012,S MT,Bangalore,Comprehensive,Petrol,66434.0,5,29.0,335000,12
629,SUV,Manual,1,Honda WR-V,2017,i-VTEC VX,Bangalore,Comprehensive,Petrol,54097.0,5,29.0,825000,7
630,Hatchback,Automatic,1,Toyota Glanza,2021,G CVT,Bangalore,Third Party,Petrol,27655.0,5,29.0,935000,3
631,SUV,Manual,1,Kia Seltos,2022,HTK Plus iMT,Bangalore,Third Party insurance,Petrol,10000.0,5,29.0,1540000,2
632,SUV,Automatic,2,Hyundai Creta,2019,1.6 SX Automatic Diesel,Bangalore,Third Party insurance,Diesel,70000.0,5,29.0,1290000,5
633,Sedan,Manual,3,Hyundai Elantra,2007,CRDi (Leather Option),Bangalore,Third Party insurance,Diesel,150000.0,5,29.0,0,17
634,SUV,Manual,2,Kia Sonet,2021,HTX Turbo iMT BSVI,Bangalore,Third Party insurance,Petrol,10000.0,5,29.0,1025000,3
635,SUV,Manual,2,Honda WR-V,2017,i-VTEC VX,Bangalore,Third Party insurance,Petrol,14338.0,5,29.0,808000,7
636,Hatchback,Manual,2,Maruti Wagon R,2011,LXI BS IV,Bangalore,Comprehensive,Petrol,73799.0,5,29.0,278000,13
637,SUV,Automatic,1,Mahindra XUV300,2021,W8 Option AMT BSVI,Bangalore,Comprehensive,Petrol,39139.0,5,29.0,1261000,3
638,SUV,Manual,1,Hyundai Venue,2020,S Plus,Bangalore,Third Party insurance,Petrol,20000.0,5,29.0,850000,4
639,Hatchback,Manual,2,Hyundai EON,2014,Era Plus,Bangalore,Third Party,Petrol,89633.0,5,29.0,270000,10
640,SUV,Automatic,3,BMW X1,2011,sDrive20d,Bangalore,Third Party insurance,Diesel,70000.0,5,29.0,1000000,13
641,Hatchback,Manual,2,Maruti Ignis,2017,1.2 Sigma BSIV,Bangalore,Third Party insurance,Petrol,25133.0,5,29.0,508000,7
642,Hatchback,Manual,1,Maruti Alto 800,2018,VXI Optional,Bangalore,Third Party insurance,Petrol,80000.0,5,29.0,340000,6
643,SUV,Manual,1,Nissan Magnite,2021,XL BSVI,Bangalore,Third Party insurance,Petrol,10000.0,5,29.0,638000,3
644,Hatchback,Manual,2,Datsun RediGO,2019,T Option,Bangalore,Third Party insurance,Petrol,20000.0,5,29.0,315000,5
645,SUV,Manual,1,Kia Sonet,2020,GTX Plus Diesel iMT BSVI,Bangalore,Comprehensive,Diesel,34990.0,5,29.0,1328000,4
646,Hatchback,Automatic,1,Maruti Celerio,2016,ZXI AT Optional,Bangalore,Comprehensive,Petrol,33210.0,5,29.0,490000,8
647,Hatchback,Automatic,2,Maruti Celerio,2015,VXI AMT,Bangalore,Comprehensive,Petrol,28051.0,5,29.0,430000,9
648,Hatchback,Manual,2,Maruti Swift,2007,1.2 VDI BSII,Bangalore,Third Party insurance,Diesel,120000.0,5,29.0,270000,17
649,Hatchback,Manual,1,Hyundai Grand i10,2017,1.2 Kappa Sportz BSIV,Bangalore,Comprehensive,Petrol,21193.0,5,29.0,517000,7
650,Hatchback,Manual,1,Hyundai Grand i10 Nios,2021,Magna,Bangalore,Third Party,Petrol,7150.0,5,29.0,627000,3
651,Hatchback,Manual,1,Tata Tiago,2016,1.2 Revotron XZ,Bangalore,Third Party,Petrol,13262.0,5,29.0,510000,8
652,Sedan,Manual,3,Chevrolet Cruze,2012,LTZ,Bangalore,Third Party insurance,Diesel,100000.0,5,29.0,250000,12
653,Hatchback,Manual,2,Maruti Baleno,2016,1.2 Delta,Bangalore,Third Party insurance,Petrol,100000.0,5,29.0,575000,8
654,Hatchback,Manual,2,Hyundai i20,2013,Sportz 1.4 CRDi,Bangalore,Third Party insurance,Diesel,50000.0,5,29.0,475000,11
655,Hatchback,Manual,3,Hyundai Santro Xing,2008,GLS,Bangalore,Third Party insurance,Petrol,50000.0,5,29.0,225000,16
656,SUV,Manual,1,Kia Sonet,2022,GTX Plus Turbo iMT BSVI,Bangalore,Comprehensive,Petrol,7561.0,5,29.0,1329000,2
657,Hatchback,Manual,1,Hyundai EON,2017,Magna Plus Option,Bangalore,Third Party insurance,Petrol,30000.0,5,29.0,300000,7
658,Sedan,Manual,1,Skoda Slavia,2022,1.0 TSI Ambition BSVI,Bangalore,Third Party,Petrol,6731.0,5,29.0,1358000,2
659,Hatchback,Automatic,1,Maruti Swift,2018,AMT VXI,Bangalore,Third Party,Petrol,55567.0,5,29.0,642000,6
660,SUV,Automatic,2,Renault Kiger,2021,RXZ Turbo CVT,Bangalore,Third Party insurance,Petrol,48938.0,5,29.0,911000,3
661,Hatchback,Manual,2,Maruti Swift,2017,DDiS VDI,Bangalore,Third Party insurance,Diesel,80000.0,5,29.0,550000,7
662,SUV,Manual,1,Renault Duster,2013,110PS Diesel RxZ,Bangalore,Third Party insurance,Diesel,80000.0,5,29.0,420000,11
663,Hatchback,Manual,1,Ford Figo,2010,Petrol Titanium,Bangalore,Third Party insurance,Petrol,10000.0,5,29.0,450000,14
664,Hatchback,Manual,2,Tata Tiago,2016,1.2 Revotron XZ,Bangalore,Third Party insurance,Petrol,60000.0,5,29.0,450000,8
665,Sedan,Automatic,1,Ford Aspire,2015,1.5 Ti-VCT Titanium,Bangalore,Comprehensive,Petrol,71545.0,5,29.0,460000,9
666,Hatchback,Manual,1,Hyundai Santro Xing,2007,XL,Bangalore,Third Party insurance,Petrol,60000.0,5,29.0,200000,17
667,SUV,Manual,1,Kia Seltos,2020,HTK Plus G,Bangalore,Third Party insurance,Petrol,60000.0,5,29.0,1200000,4
668,Hatchback,Automatic,1,Hyundai Grand i10,2016,AT Asta,Bangalore,Comprehensive,Petrol,56577.0,5,29.0,543000,8
669,Hatchback,Manual,1,Hyundai i20,2013,Asta 1.2,Bangalore,Comprehensive,Petrol,40344.0,5,29.0,479000,11
670,SUV,Manual,2,Hyundai Creta,2017,1.6 VTVT E Plus,Bangalore,Comprehensive,Petrol,45965.0,5,29.0,880000,7
671,Sedan,Automatic,1,Skoda Rapid,2015,1.5 TDI AT Elegance Plus,Bangalore,Third Party insurance,Diesel,120000.0,5,29.0,600000,9
672,Sedan,Manual,3,Honda Amaze,2014,S i-Dtech,Bangalore,Third Party insurance,Diesel,80000.0,5,29.0,390000,10
673,Hatchback,Manual,2,Maruti Swift,2009,1.3 VXi,Bangalore,Third Party insurance,Petrol,90000.0,5,29.0,280000,15
674,SUV,Manual,1,Nissan Magnite,2021,XV Premium BSVI,Bangalore,Third Party insurance,Petrol,20000.0,5,29.0,920000,3
675,SUV,Manual,1,Nissan Magnite,2021,XL BSVI,Bangalore,Third Party insurance,Petrol,10000.0,5,29.0,650000,3
676,Hatchback,Manual,1,Maruti Alto 800,2015,VXI,Bangalore,Comprehensive,Petrol,50406.0,5,29.0,312000,9
677,Hatchback,Manual,1,Hyundai Grand i10,2017,1.2 Kappa Sportz Option,Bangalore,Comprehensive,Petrol,26483.0,5,29.0,582000,7
678,Hatchback,Automatic,1,Honda Jazz,2021,VX CVT,Bangalore,Comprehensive,Petrol,23721.0,5,29.0,916000,3
679,Hatchback,Manual,1,Maruti S-Presso,2022,VXI Plus 2019-2022,Bangalore,Comprehensive,Petrol,8212.0,5,29.0,555000,2
680,Sedan,Automatic,3,Skoda Superb,2011,2.5 V6 TDI,Bangalore,Third Party insurance,Diesel,80000.0,5,29.0,500000,13
681,Hatchback,Automatic,1,Maruti Baleno,2021,1.2 CVT Alpha,Bangalore,Comprehensive,Petrol,9358.0,5,29.0,950000,3
682,Sedan,Manual,1,Maruti Swift Dzire,2016,VXI,Bangalore,Comprehensive,Petrol,62011.0,5,29.0,608000,8
683,Hatchback,Manual,2,Skoda Fabia,2010,1.4 TDI Ambiente,Bangalore,Third Party insurance,Diesel,100000.0,5,29.0,249000,14
684,Hatchback,Manual,1,Renault KWID,2022,1.0 RXT Opt,Bangalore,Third Party insurance,Petrol,10000.0,5,29.0,550000,2
685,Hatchback,Manual,1,Hyundai Grand i10,2019,1.2 Kappa Sportz BSIV,Bangalore,Comprehensive,Petrol,38771.0,5,29.0,590000,5
686,Hatchback,Automatic,1,Maruti Celerio X,2018,AMT ZXI BSIV,Bangalore,Comprehensive,Petrol,42174.0,5,29.0,511000,6
687,Sedan,Manual,1,Tata Indigo,2017,LX TDI BSIII,Bangalore,Third Party insurance,Diesel,120000.0,5,29.0,260000,7
688,Hatchback,Manual,1,Renault KWID,2017,1.0 RXT,Bangalore,Comprehensive,Petrol,43199.0,5,29.0,381000,7
689,Hatchback,Manual,1,Maruti Baleno,2016,1.2 Sigma,Bangalore,Third Party insurance,Petrol,20000.0,5,29.0,575000,8
690,Hatchback,Manual,2,Renault KWID,2019,RXL,Bangalore,Third Party,Petrol,10155.0,5,29.0,428000,5
691,Hatchback,Manual,1,Maruti Swift,2020,ZXI Plus,Bangalore,Third Party,Petrol,50704.0,5,29.0,696000,4
692,Hatchback,Manual,1,Hyundai Grand i10 Nios,2020,Turbo Sportz,Bangalore,Comprehensive,Petrol,34725.0,5,29.0,740000,4
693,Hatchback,Manual,1,Hyundai i10,2011,Era,Bangalore,Third Party insurance,Petrol,30000.0,5,29.0,300000,13
694,Hatchback,Manual,1,Tata Tiago,2016,1.05 Revotorq XZ WO Alloy,Bangalore,Third Party insurance,Diesel,60000.0,5,29.0,500000,8
695,Sedan,Manual,2,Nissan Sunny,2013,Diesel Special Edition,Bangalore,Third Party insurance,Diesel,120000.0,5,29.0,230000,11
696,Sedan,Manual,1,Hyundai Accent,2009,GLX,Bangalore,Third Party insurance,Petrol,60000.0,5,29.0,260000,15
697,Hatchback,Manual,1,Maruti Wagon R,2008,VXI,Bangalore,Comprehensive,Petrol,57709.0,5,29.0,240000,16
698,Hatchback,Manual,1,Hyundai i10,2010,Magna 1.2,Bangalore,Third Party insurance,Petrol,90000.0,5,29.0,275000,14
699,Sedan,Manual,2,Honda City,2016,i VTEC V,Bangalore,Comprehensive,Petrol,32196.0,5,29.0,677000,8
700,Hatchback,Manual,3,Hyundai i20,2017,Sportz 1.2,Bangalore,Third Party insurance,Petrol,56672.0,5,29.0,591000,7
701,Hatchback,Manual,1,Maruti S-Presso,2020,VXI Plus 2019-2022,Bangalore,Comprehensive,Petrol,21226.0,5,29.0,428000,4
702,Hatchback,Manual,1,Hyundai Grand i10 Nios,2022,Sportz,Bangalore,Third Party insurance,Petrol,10346.0,5,29.0,697000,2
703,Sedan,Automatic,3,Maruti Swift Dzire,2020,VXI AT BSVI,Bangalore,Third Party insurance,Petrol,30000.0,5,29.0,630000,4
704,Hatchback,Manual,1,Maruti Alto 800,2021,VXI Plus BSVI,Bangalore,Third Party insurance,Petrol,16679.0,5,29.0,429000,3
705,Hatchback,Manual,2,Maruti Celerio,2016,ZXI,Bangalore,Comprehensive,Petrol,15437.0,5,29.0,464000,8
706,SUV,Automatic,2,Hyundai Venue,2019,SX Plus Turbo DCT BSIV,Bangalore,Third Party insurance,Petrol,30000.0,5,29.0,1100000,5
707,Sedan,Manual,1,Hyundai Elantra,2014,CRDi SX,Bangalore,Third Party insurance,Diesel,90000.0,5,29.0,700000,10
708,Sedan,Automatic,2,Mercedes-Benz C-Class,2013,C 220 CDI Edition C AT,Bangalore,Third Party insurance,Diesel,110000.0,5,29.0,1100000,11
709,Hatchback,Manual,1,Datsun RediGO,2020,1.0 T Option,Bangalore,Third Party insurance,Petrol,50000.0,5,29.0,360000,4
710,Hatchback,Manual,1,Honda Jazz,2017,1.2 V i VTEC,Bangalore,Comprehensive,Petrol,15017.0,5,29.0,733000,7
711,Hatchback,Manual,1,Maruti Wagon R,2013,VXI BS IV,Bangalore,Comprehensive,Petrol,75283.0,5,29.0,375000,11
712,Hatchback,Manual,1,Hyundai i20,2016,Magna 1.2,Bangalore,Comprehensive,Petrol,14516.0,5,29.0,657000,8
713,Hatchback,Automatic,1,Maruti Baleno,2019,1.2 CVT Delta,Bangalore,Comprehensive,Petrol,53627.0,5,29.0,729000,5
714,Sedan,Manual,1,Tata Tigor,2021,XZ Plus BSVI,Bangalore,Third Party insurance,Petrol,20000.0,5,29.0,800000,3
715,Hatchback,Automatic,2,Renault KWID,2019,1.0 RXT Optional AT 2016-2019,Bangalore,Third Party,Petrol,5083.0,5,29.0,501000,5
716,SUV,Manual,1,Tata Nexon,2022,XZ Plus P Dark Edition,Bangalore,Third Party,Petrol,16962.0,5,29.0,1193000,2
717,Hatchback,Manual,1,Volkswagen Polo,2019,1.0 MPI Highline Plus,Bangalore,Third Party insurance,Petrol,10000.0,5,29.0,900000,5
718,Hatchback,Automatic,1,Volkswagen Polo,2017,GT TSI,Bangalore,Comprehensive,Petrol,70446.0,5,29.0,925000,7
719,Hatchback,Automatic,2,Volkswagen Polo,2017,GT TSI,Bangalore,Third Party insurance,Petrol,60528.0,5,29.0,865000,7
720,Hatchback,Manual,3,Tata Indica V2,2015,DLX BSIII,Bangalore,Third Party insurance,Diesel,120000.0,5,29.0,195000,9
721,Hatchback,Manual,1,Hyundai i20,2018,1.2 Asta,Bangalore,Comprehensive,Petrol,21280.0,5,29.0,799000,6
722,SUV,Automatic,1,Ford Ecosport,2017,1.5 Ti VCT AT Titanium BSIV,Bangalore,Zero Dep,Petrol,82021.0,5,29.0,689000,7
723,SUV,Manual,1,Tata Nexon,2023,XZ Plus S BSVI,Bangalore,Third Party,Petrol,18998.0,5,29.0,1068000,1
724,Hatchback,Manual,2,Maruti S-Presso,2020,VXI 2019-2022,Bangalore,Third Party,Petrol,57644.0,5,29.0,383000,4
725,Hatchback,Manual,2,Maruti Alto 800,2018,VXI Optional,Bangalore,Comprehensive,Petrol,51286.0,5,29.0,327000,6
726,Hatchback,Manual,1,Hyundai Grand i10 Nios,2019,Sportz,Bangalore,Third Party insurance,Petrol,27937.0,5,29.0,639000,5
727,SUV,Manual,2,Renault Duster,2013,85PS Diesel RxL,Bangalore,Comprehensive,Diesel,64000.0,5,29.0,575000,11
728,SUV,Manual,2,Ford Ecosport,2017,1.5 Ti VCT MT Ambiente BSIV,Bangalore,Comprehensive,Petrol,40031.0,5,29.0,660000,7
729,Hatchback,Manual,2,Maruti Alto 800,2017,LXI,Bangalore,Comprehensive,Petrol,47619.0,5,29.0,325000,7
730,SUV,Automatic,1,Toyota Urban cruiser,2022,Premium AT,Bangalore,Third Party insurance,Petrol,20000.0,5,29.0,1075000,2
731,SUV,Manual,1,Toyota Urban cruiser,2022,Premium,Bangalore,Third Party insurance,Petrol,20000.0,5,29.0,975000,2
732,Hatchback,Manual,3,Hyundai i10,2010,Sportz 1.2,Bangalore,Third Party insurance,Petrol,70000.0,5,29.0,300000,14
733,Sedan,Manual,3,Maruti SX4,2011,VDI,Bangalore,Third Party insurance,Diesel,110000.0,5,29.0,290000,13
734,Hatchback,Manual,3,Honda Brio,2012,S MT,Bangalore,Third Party insurance,Petrol,40000.0,5,29.0,260000,12
735,Sedan,Manual,3,Nissan Sunny,2012,Diesel XL,Bangalore,Third Party insurance,Diesel,100000.0,5,29.0,360000,12
736,Hatchback,Manual,2,Maruti Alto K10,2017,VXI Optional,Bangalore,Third Party,Petrol,20229.0,5,29.0,349000,7
737,Hatchback,Manual,1,Maruti Celerio,2018,VXI,Bangalore,Third Party insurance,Petrol,35800.0,5,29.0,485000,6
738,Hatchback,Manual,1,Maruti Wagon R,2021,VXI Opt 1.2,Bangalore,Comprehensive,Petrol,11453.0,5,29.0,591000,3
739,Hatchback,Manual,1,Hyundai i20,2016,Sportz 1.2,Bangalore,Comprehensive,Petrol,35410.0,5,29.0,657000,8
740,Hatchback,Manual,1,Maruti Alto,2009,LXi BSIII,Bangalore,Third Party insurance,Petrol,50000.0,5,29.0,210000,15
741,Hatchback,Automatic,1,Hyundai Grand i10,2018,1.2 Kappa Magna AT,Bangalore,Third Party insurance,Petrol,49948.0,5,29.0,591000,6
742,Hatchback,Manual,2,Volkswagen Polo,2014,Diesel Highline 1.2L,Bangalore,Comprehensive,Diesel,77000.0,5,29.0,510000,10
743,Hatchback,Manual,1,Hyundai i20,2017,Sportz 1.2,Bangalore,Comprehensive,Petrol,48285.0,5,29.0,658000,7
744,Hatchback,Manual,1,Renault KWID,2021,Climber 1.0 MT Opt,Bangalore,Comprehensive,Petrol,19062.0,5,29.0,514000,3
745,Hatchback,Automatic,2,Hyundai i10,2011,Sportz AT,Bangalore,Third Party insurance,Petrol,70000.0,5,29.0,330000,13
746,Hatchback,Manual,1,Citroen C3,2022,Puretech 110 Feel,Bangalore,Third Party insurance,Petrol,10000.0,5,29.0,950000,2
747,Hatchback,Manual,3,Volkswagen Polo,2014,1.2 MPI Highline,Bangalore,Third Party insurance,Petrol,80000.0,5,29.0,495000,10
748,Hatchback,Manual,2,Fiat Palio,2007,1.1 SLX,Bangalore,Third Party insurance,Petrol,80000.0,5,29.0,110000,17
749,Sedan,Manual,1,Toyota Etios,2011,G,Bangalore,Comprehensive,Petrol,87000.0,5,29.0,330000,13
750,Sedan,Automatic,1,Volkswagen Vento,2016,1.5 TDI Highline AT,Bangalore,Third Party insurance,Diesel,80000.0,5,29.0,775000,8
751,Hatchback,Manual,2,Maruti Wagon R,2010,VXI BS IV,Bangalore,Third Party insurance,Petrol,110000.0,5,29.0,260000,14
752,Sedan,Automatic,3,Honda City,2009,1.5 S AT,Bangalore,Third Party insurance,Petrol,90000.0,5,29.0,300000,15
753,Hatchback,Automatic,1,Maruti Swift,2019,AMT VXI,Bangalore,Third Party insurance,Petrol,30000.0,5,29.0,650000,5
754,Hatchback,Manual,1,Maruti Alto K10,2016,VXI,Bangalore,Comprehensive,Petrol,56276.0,5,29.0,375000,8
755,Hatchback,Manual,1,Hyundai i20,2016,Magna 1.2,Bangalore,Comprehensive,Petrol,27103.0,5,29.0,647000,8
756,Hatchback,Automatic,1,Maruti Ignis,2017,1.2 AMT Delta BSIV,Bangalore,Zero Dep,Petrol,46507.0,5,29.0,591000,7
757,Hatchback,Manual,1,Hyundai Grand i10,2018,1.2 Kappa Sportz BSIV,Bangalore,Third Party insurance,Petrol,30000.0,5,29.0,575000,6
758,Sedan,Manual,1,Maruti Swift Dzire,2017,VXI 1.2,Bangalore,Zero Dep,Petrol,39070.0,5,29.0,659000,7
759,Sedan,Manual,1,Toyota Etios,2019,1.4 GD,Bangalore,Third Party insurance,Diesel,120000.0,5,29.0,720000,5
760,Hatchback,Manual,1,Maruti Baleno,2020,Delta,Bangalore,Third Party insurance,Petrol,22438.0,5,29.0,733000,4
761,Hatchback,Automatic,2,Maruti Baleno,2020,1.2 CVT Alpha,Bangalore,Zero Dep,Petrol,21225.0,5,29.0,867000,4
762,Hatchback,Automatic,1,Honda Jazz,2019,VX CVT,Bangalore,Comprehensive,Petrol,28737.0,5,29.0,850000,5
763,SUV,Manual,1,Renault Kiger,2021,RXZ Turbo,Bangalore,Third Party insurance,Petrol,20000.0,5,29.0,920000,3
764,Hatchback,Manual,1,Hyundai i20,2019,Diesel Magna,Bangalore,Third Party insurance,Diesel,30000.0,5,29.0,720000,5
765,Sedan,Automatic,2,Mercedes-Benz C-Class,2010,220 CDI AT,Bangalore,Third Party insurance,Diesel,120000.0,5,29.0,650000,14
766,Hatchback,Manual,2,Hyundai i20,2012,Sportz 1.2,Bangalore,Third Party insurance,Petrol,80000.0,5,29.0,350000,12
767,Hatchback,Manual,2,Volkswagen Polo,2010,Diesel Trendline 1.2L,Bangalore,Third Party insurance,Diesel,100000.0,5,29.0,360000,14
768,Hatchback,Manual,3,Maruti Estilo,2009,LXI,Bangalore,Third Party insurance,Petrol,40000.0,5,29.0,200000,15
769,Hatchback,Manual,2,Hyundai i20,2013,Magna Optional 1.4 CRDi,Bangalore,Third Party insurance,Diesel,90106.0,5,29.0,381000,11
770,Sedan,Manual,1,Skoda Superb,2009,Elegance 1.8 TSI,Bangalore,Third Party insurance,Petrol,50000.0,5,29.0,400000,15
771,Hatchback,Automatic,1,Maruti Celerio,2016,VXI AMT,Bangalore,Zero Dep,Petrol,138175.0,5,29.0,389000,8
772,Hatchback,Manual,1,Renault KWID,2019,Climber 1.0 MT Opt BSIV,Bangalore,Third Party insurance,Petrol,55609.0,5,29.0,445000,5
773,Hatchback,Manual,3,Tata Indica V2,2015,DLS BSIII,Bangalore,Third Party insurance,Diesel,120000.0,5,29.0,186000,9
774,Hatchback,Automatic,1,Maruti Swift,2018,VXI AMT,Bangalore,Comprehensive,Petrol,56410.0,5,29.0,642000,6
775,Hatchback,Manual,1,Maruti Baleno,2022,Delta BSVI,Bangalore,Third Party insurance,Petrol,30000.0,5,29.0,725000,2
776,Hatchback,Manual,1,Hyundai i20,2017,Sportz 1.2,Bangalore,Comprehensive,Petrol,77593.0,5,29.0,616000,7
777,SUV,Manual,1,Honda WR-V,2018,i-VTEC S,Bangalore,Third Party,Petrol,49538.0,5,29.0,694000,6
778,Hatchback,Manual,2,Datsun RediGO,2018,1.0 S,Bangalore,Third Party insurance,Petrol,50000.0,5,29.0,300000,6
779,Hatchback,Manual,1,Maruti Swift,2012,VDI,Bangalore,Third Party insurance,Diesel,120000.0,5,29.0,400000,12
780,Hatchback,Manual,2,Volkswagen Polo,2010,Diesel Trendline 1.2L,Bangalore,Third Party insurance,Diesel,100000.0,5,29.0,360000,14
781,Hatchback,Manual,2,Volkswagen Polo,2010,Diesel Trendline 1.2L,Bangalore,Third Party insurance,Diesel,100000.0,5,29.0,360000,14
782,Hatchback,Manual,3,Hyundai Santro Xing,2010,GLS,Bangalore,Third Party insurance,Petrol,120000.0,5,29.0,240000,14
783,Hatchback,Automatic,1,Hyundai Grand i10 Nios,2021,AMT Asta,Bangalore,Third Party insurance,Petrol,30000.0,5,29.0,800000,3
784,Hatchback,Manual,1,Maruti Swift,2009,1.2 VDI BSII,Bangalore,Third Party insurance,Diesel,100000.0,5,29.0,350000,15
785,Hatchback,Manual,2,Maruti Celerio,2016,VXI,Bangalore,Third Party insurance,Petrol,41268.0,5,29.0,415000,8
786,Hatchback,Manual,1,Maruti Swift,2011,VXI,Bangalore,Comprehensive,Petrol,60020.0,5,29.0,384000,13
787,Hatchback,Manual,1,Hyundai i20,2016,Asta Option 1.4 CRDi,Bangalore,Third Party insurance,Diesel,32148.0,5,29.0,782000,8
788,Hatchback,Manual,1,Honda Jazz,2017,1.5 V i DTEC,Bangalore,Third Party insurance,Diesel,60000.0,5,29.0,660000,7
789,Hatchback,Automatic,1,Maruti Swift,2018,VXI AMT,Bangalore,Comprehensive,Petrol,26007.0,5,29.0,663000,6
790,SUV,Manual,2,Ford Ecosport,2018,1.0 Ecoboost Titanium Plus BSIV,Bangalore,Third Party insurance,Petrol,30000.0,5,29.0,900000,6
791,Hatchback,Manual,2,Maruti Swift,2010,VXI,Bangalore,Comprehensive,Petrol,134850.0,5,29.0,316000,14
792,Hatchback,Manual,1,Maruti Celerio,2015,VXI,Bangalore,Comprehensive,Petrol,44385.0,5,29.0,436000,9
793,SUV,Manual,1,Hyundai Creta,2018,1.6 CRDi SX Option,Bangalore,Third Party insurance,Diesel,30000.0,5,29.0,1350000,6
794,Sedan,Automatic,3,BMW 3 Series,2011,320d,Bangalore,Third Party insurance,Diesel,87000.0,5,29.0,975000,13
795,Sedan,Automatic,2,Mercedes-Benz C-Class,2011,C 200 CGI,Bangalore,Third Party insurance,Petrol,65000.0,5,29.0,950000,13
796,Hatchback,Automatic,2,Hyundai Grand i10,2017,1.2 Kappa Sportz Option AT,Bangalore,Comprehensive,Petrol,13444.0,5,29.0,593000,7
797,Sedan,Automatic,1,Honda City,2020,ZX CVT,Bangalore,Comprehensive,Petrol,57963.0,5,29.0,1264000,4
798,Sedan,Manual,1,Honda City,2018,i-VTEC V,Bangalore,Third Party insurance,Petrol,49423.0,5,29.0,789000,6
799,Hatchback,Manual,2,Maruti Swift,2012,VXI,Bangalore,Comprehensive,Petrol,78622.0,5,29.0,459000,12
800,SUV,Manual,1,Hyundai Venue,2022,SX Diesel BSVI,Bangalore,Third Party insurance,Diesel,18025.0,5,29.0,1275000,2
801,Hatchback,Manual,1,Hyundai i20,2019,Sportz Plus,Bangalore,Comprehensive,Petrol,38500.0,5,29.0,825000,5
802,Hatchback,Automatic,2,BMW 1 Series,2013,116i,Bangalore,Third Party,Petrol,89900.0,5,29.0,1175000,11
803,Hatchback,Automatic,1,Maruti Baleno,2017,1.2 CVT Delta,Bangalore,Comprehensive,Petrol,58666.0,5,29.0,656000,7
804,Sedan,Automatic,1,Maruti Swift Dzire,2018,AMT VXI,Bangalore,Third Party insurance,Petrol,54137.0,5,29.0,612000,6
805,Hatchback,Manual,1,Renault KWID,2019,1.0 RXT Optional,Bangalore,Comprehensive,Petrol,21997.0,5,29.0,436000,5
806,Sedan,Automatic,2,Maruti Swift Dzire,2020,AMT ZXI Plus,Bangalore,Comprehensive,Petrol,40394.0,5,29.0,721000,4
807,SUV,Manual,1,Ford Ecosport,2017,1.5 Ti VCT MT Trend BSIV,Bangalore,Comprehensive,Petrol,80390.0,5,29.0,620000,7
808,Hatchback,Automatic,1,Maruti Baleno,2017,1.2 CVT Delta,Bangalore,Comprehensive,Petrol,55127.0,5,29.0,643000,7
809,SUV,Manual,2,Renault Duster,2013,110PS Diesel RxZ,Bangalore,Comprehensive,Diesel,86000.0,5,29.0,625000,11
810,Sedan,Automatic,1,Skoda Octavia,2016,1.8 TSI AT Style,Bangalore,Comprehensive,Petrol,88000.0,5,29.0,1125000,8
811,Hatchback,Manual,1,Skoda Fabia,2013,1.2 TDI Ambition Plus,Bangalore,Comprehensive,Diesel,110000.0,5,29.0,345000,11
812,SUV,Manual,1,Renault Duster,2020,RXS 85PS BSIV,Bangalore,Third Party insurance,Diesel,55398.0,5,29.0,999000,4
813,SUV,Automatic,2,Ford Ecosport,2015,1.5 Petrol Titanium AT,Bangalore,Comprehensive,Petrol,54000.0,5,29.0,675000,9
814,Hatchback,Manual,1,Volkswagen Polo,2019,1.0 MPI Highline Plus,Bangalore,Comprehensive,Petrol,25829.0,5,29.0,875000,5
815,Hatchback,Manual,1,Maruti Celerio,2016,VXI,Bangalore,Comprehensive,Petrol,36913.0,5,29.0,485000,8
816,Hatchback,Manual,1,Hyundai i20,2018,1.4 Sportz,Bangalore,Comprehensive,Diesel,34000.0,5,29.0,775000,6
817,Hatchback,Automatic,2,Maruti Swift,2018,VXI AMT,Bangalore,Third Party insurance,Petrol,42162.0,5,29.0,655000,6
818,Hatchback,Automatic,2,Maruti Celerio,2016,ZXI AT,Bangalore,Comprehensive,Petrol,48041.0,5,29.0,525000,8
819,Hatchback,Manual,3,Renault KWID,2020,Climber 1.0 MT Opt BSIV,Bangalore,Third Party insurance,Petrol,43285.0,5,29.0,442000,4
820,Hatchback,Manual,1,Hyundai i20,2012,Asta 1.2,Bangalore,Comprehensive,Petrol,44326.0,5,29.0,476000,12
821,Hatchback,Automatic,2,Volkswagen Polo,2017,GT TSI,Bangalore,Comprehensive,Petrol,62984.0,5,29.0,865000,7
822,Hatchback,Manual,2,Maruti Swift,2010,VXI,Bangalore,Comprehensive,Petrol,99276.0,5,29.0,338000,14
823,Hatchback,Manual,1,Maruti Swift,2013,ZXI,Bangalore,Comprehensive,Petrol,57770.0,5,29.0,492000,11
824,Hatchback,Automatic,3,Hyundai Grand i10,2017,1.2 Kappa Sportz Option AT,Bangalore,Third Party,Petrol,42220.0,5,29.0,544000,7
825,Sedan,Automatic,1,Skoda Slavia,2022,1.0 TSI Ambition AT BSVI,Bangalore,Third Party,Petrol,10066.0,5,29.0,1488000,2
826,Sedan,Automatic,2,Skoda Rapid,2019,1.6 MPI AT Ambition BSIV,Bangalore,Comprehensive,Petrol,39243.0,5,29.0,939000,5
827,Sedan,Automatic,2,Skoda Rapid,2017,1.6 MPI AT Ambition BSIV,Bangalore,Third Party insurance,Petrol,36309.0,5,29.0,888000,7
828,Hatchback,Automatic,1,Maruti Celerio,2014,VXI AT,Bangalore,Third Party,Petrol,69408.0,5,29.0,425000,10
829,Sedan,Automatic,1,Volkswagen Vento,2010,Petrol Highline AT,Bangalore,Comprehensive,Petrol,59000.0,5,29.0,475000,14
830,Hatchback,Manual,1,Hyundai Grand i10,2018,1.2 Kappa Magna BSIV,Bangalore,Comprehensive,Petrol,17190.0,5,29.0,551000,6
831,Hatchback,Manual,1,Maruti Wagon R,2013,VXI BS IV,Bangalore,Comprehensive,Petrol,58323.0,5,29.0,352000,11
832,Sedan,Manual,1,Honda City,2015,i VTEC SV,Bangalore,Comprehensive,Petrol,40765.0,5,29.0,600000,9
833,Hatchback,Manual,1,Hyundai Grand i10,2019,1.2 Kappa Sportz BSIV,Bangalore,Third Party insurance,Petrol,42976.0,5,29.0,559000,5
834,Sedan,Manual,1,Maruti Swift Dzire,2012,VXI,Bangalore,Third Party,Petrol,44074.0,5,29.0,409000,12
835,Hatchback,Automatic,1,Maruti Wagon R,2017,VXI AMT,Bangalore,Comprehensive,Petrol,21000.0,5,29.0,539000,7
836,Hatchback,Manual,1,Maruti Swift,2021,VXI,Bangalore,Third Party,Petrol,14089.0,5,29.0,737000,3
837,Hatchback,Automatic,2,Hyundai Grand i10,2016,Asta Option AT,Bangalore,Comprehensive,Petrol,58000.0,5,29.0,585000,8
838,SUV,Automatic,2,Audi Q3,2014,2.0 TDI Quattro Premium Plus,Bangalore,Third Party insurance,Diesel,113000.0,5,29.0,1495000,10
839,Sedan,Manual,1,Maruti Swift Dzire,2014,VXI,Bangalore,Comprehensive,Petrol,59000.0,5,29.0,590000,10
840,Hatchback,Manual,1,Maruti Swift,2013,ZXI,Bangalore,Comprehensive,Petrol,61102.0,5,29.0,491000,11
841,SUV,Manual,2,Skoda Yeti,2012,Ambition 4WD,Bangalore,Comprehensive,Diesel,132000.0,5,29.0,625000,12
842,Hatchback,Manual,1,Maruti S-Presso,2021,VXI Plus 2019-2022,Bangalore,Third Party insurance,Petrol,52288.0,5,29.0,436000,3
843,SUV,Manual,1,Renault Duster,2015,Petrol RxL,Bangalore,Comprehensive,Petrol,67000.0,5,29.0,675000,9
844,Sedan,Manual,2,Maruti Swift Dzire,2015,VDI,Bangalore,Comprehensive,Diesel,51745.0,5,29.0,533000,9
845,Hatchback,Manual,2,Hyundai Grand i10,2017,1.2 Kappa Asta,Bangalore,Comprehensive,Petrol,11268.0,5,29.0,626000,7
846,Hatchback,Manual,1,Tata Tiago,2020,XZ,Bangalore,Zero Dep,Petrol,24357.0,5,29.0,632000,4
847,SUV,Automatic,1,Hyundai Venue,2022,SX Plus Turbo DCT,Bangalore,Comprehensive,Petrol,19000.0,5,29.0,1365000,2
848,Hatchback,Manual,1,Maruti Celerio,2015,ZXI,Bangalore,Third Party,Petrol,39613.0,5,29.0,483000,9
849,SUV,Automatic,1,Renault Duster,2019,RXS Option CVT BSIV,Bangalore,Comprehensive,Petrol,33000.0,5,29.0,995000,5
850,Sedan,Manual,1,Maruti Swift Dzire,2016,ZXI,Bangalore,Comprehensive,Petrol,71423.0,5,29.0,573000,8
851,Sedan,Manual,1,Maruti Swift Dzire,2015,ZXI,Bangalore,Comprehensive,Petrol,17811.0,5,29.0,658000,9
852,SUV,Automatic,1,Hyundai Creta,2017,1.6 SX Automatic Diesel,Bangalore,Comprehensive,Diesel,79000.0,5,29.0,1245000,7
853,Hatchback,Automatic,1,Maruti Baleno,2020,1.2 CVT Alpha,Bangalore,Zero Dep,Petrol,9724.0,5,29.0,906000,4
854,SUV,Manual,1,Hyundai Creta,2019,1.6 SX,Bangalore,Comprehensive,Petrol,75000.0,5,29.0,1195000,5
855,Sedan,Manual,1,Toyota Yaris,2021,G,Bangalore,Comprehensive,Petrol,20754.0,5,29.0,1031000,3
856,Hatchback,Manual,3,Hyundai Grand i10,2015,Sportz,Bangalore,Comprehensive,Petrol,50510.0,5,29.0,413000,9
857,Hatchback,Manual,1,Hyundai Grand i10,2019,Sportz Petrol BSIV,Bangalore,Comprehensive,Petrol,35000.0,5,29.0,624000,5
858,Sedan,Manual,3,Hyundai Verna,2011,1.6 SX,Bangalore,Comprehensive,Diesel,85000.0,5,29.0,465000,13
859,Sedan,Manual,2,Ford Aspire,2018,Trend Plus Diesel,Bangalore,Third Party insurance,Diesel,70000.0,5,29.0,650000,6
860,Sedan,Automatic,2,Volvo S60,2014,D4 KINETIC,Bangalore,Third Party insurance,Diesel,78000.0,5,29.0,1395000,10
861,Sedan,Manual,1,Honda Amaze,2021,VX Diesel,Bangalore,Comprehensive,Diesel,1500.0,5,29.0,865000,3
862,Sedan,Automatic,2,BMW 5 Series,2011,520d Sedan,Bangalore,Comprehensive,Diesel,70000.0,5,29.0,1423000,13
863,Sedan,Manual,3,Maruti Swift Dzire,2014,ZXI,Bangalore,Comprehensive,Petrol,81777.0,5,29.0,475000,10
864,Hatchback,Automatic,2,Hyundai Grand i10,2016,Asta Option AT,Bangalore,Comprehensive,Petrol,67771.0,5,29.0,520000,8
865,Sedan,Manual,1,Maruti Swift Dzire,2015,VXI,Bangalore,Third Party,Petrol,60386.0,5,29.0,530000,9
866,Hatchback,Automatic,1,Tata Tiago,2018,1.2 Revotron XZA,Bangalore,Comprehensive,Petrol,48928.0,5,29.0,595000,6
867,Hatchback,Manual,1,Hyundai i20,2010,Asta 1.2,Bangalore,Third Party,Petrol,111374.0,5,29.0,312000,14
868,SUV,Manual,2,Hyundai Creta,2017,1.6 E Plus,Bangalore,Third Party insurance,Petrol,33000.0,5,29.0,920000,7
869,Hatchback,Manual,1,Maruti Alto 800,2021,VXI Plus BSVI,Bangalore,Zero Dep,Petrol,40561.0,5,29.0,403000,3
870,Hatchback,Manual,1,Maruti Swift,2013,VXI,Bangalore,Comprehensive,Petrol,92529.0,5,29.0,415000,11
871,Sedan,Automatic,1,Honda Amaze,2019,VX CVT i-VTEC,Bangalore,Comprehensive,Petrol,42000.0,5,29.0,850000,5
872,SUV,Manual,1,Ford Ecosport,2021,Sports Diesel,Bangalore,Comprehensive,Diesel,51000.0,5,29.0,1145000,3
873,Hatchback,Manual,1,Honda Jazz,2017,1.2 S i VTEC,Bangalore,Comprehensive,Petrol,36468.0,5,29.0,645000,7
874,SUV,Manual,1,Mahindra XUV300,2022,W8 Option BSVI,Bangalore,Comprehensive,Petrol,11250.0,5,29.0,1440000,2
875,SUV,Automatic,1,Hyundai Venue,2019,SX Plus Turbo DCT BSIV,Bangalore,Third Party insurance,Petrol,36368.0,5,29.0,1225000,5
876,Sedan,Manual,1,Honda City,2018,i-VTEC VX,Bangalore,Comprehensive,Petrol,39466.0,5,29.0,888000,6
877,Hatchback,Manual,1,Maruti Swift,2014,VXI,Bangalore,Comprehensive,Petrol,49570.0,5,29.0,507000,10
878,Sedan,Automatic,2,Volkswagen Vento,2018,1.2 TSI Highline AT,Bangalore,Comprehensive,Petrol,23382.0,5,29.0,1020000,6
879,Hatchback,Manual,1,Maruti S-Presso,2021,VXI Opt 2019-2022,Bangalore,Comprehensive,Petrol,42954.0,5,29.0,472000,3
880,Hatchback,Manual,1,Maruti Swift,2014,VXI,Bangalore,Comprehensive,Petrol,68306.0,5,29.0,471000,10
881,Hatchback,Manual,1,Hyundai i20,2018,Diesel Sportz,Bangalore,Comprehensive,Diesel,54961.0,5,29.0,821000,6
882,Hatchback,Manual,1,Maruti Swift,2015,VXI,Bangalore,Comprehensive,Petrol,91087.0,5,29.0,510000,9
883,Hatchback,Manual,1,Renault KWID,2022,1.0 RXT Opt,Bangalore,Third Party,Petrol,16691.0,5,29.0,599000,2
884,Hatchback,Manual,1,Maruti Wagon R,2016,VXI Optional,Bangalore,Comprehensive,Petrol,80190.0,5,29.0,402000,8
885,SUV,Manual,1,Hyundai Creta,2017,1.6 VTVT SX Plus Dual Tone,Bangalore,Third Party insurance,Petrol,54639.0,5,29.0,1002000,7
886,SUV,Manual,1,Maruti SX4 S Cross,2020,Zeta,Bangalore,Comprehensive,Petrol,50225.0,5,29.0,975000,4
887,Hatchback,Manual,1,Hyundai i20,2018,Asta Option Diesel,Bangalore,Comprehensive,Diesel,68017.0,5,29.0,795000,6
888,Hatchback,Manual,1,Volkswagen Polo,2016,1.2 MPI Highline,Bangalore,Comprehensive,Petrol,87912.0,5,29.0,550000,8
889,SUV,Manual,1,Tata Nexon,2021,XZ Plus (O) BSVI,Bangalore,Third Party insurance,Petrol,2045.0,5,29.0,1298000,3
890,SUV,Manual,1,Maruti SX4 S Cross,2021,Zeta,Bangalore,Third Party insurance,Petrol,24305.0,5,29.0,1085000,3
891,SUV,Automatic,1,Tata Nexon,2020,XZA Plus AMT BSVI,Bangalore,Third Party insurance,Petrol,31489.0,5,29.0,1109000,4
892,Sedan,Manual,2,Fiat Linea,2014,T-Jet,Bangalore,Not Available,Petrol,82268.0,5,29.0,350000,10
893,Hatchback,Manual,1,Maruti Celerio,2017,VXI Optional MT BSIV,Bangalore,Comprehensive,Petrol,41436.0,5,29.0,466000,7
894,Sedan,Manual,2,Honda City,2019,i-VTEC V,Bangalore,Zero Dep,Petrol,19024.0,5,29.0,924000,5
895,Hatchback,Manual,2,Maruti Alto 800,2020,VXI Plus BSVI,Bangalore,Comprehensive,Petrol,73140.0,5,29.0,378000,4
896,Hatchback,Manual,1,Maruti Swift,2015,VXI,Bangalore,Comprehensive,Petrol,29289.0,5,29.0,555000,9
897,Hatchback,Manual,1,Maruti Alto 800,2019,LXI Opt BSIV,Bangalore,Third Party,Petrol,41958.0,5,29.0,370000,5
898,SUV,Manual,1,Honda WR-V,2018,i-VTEC S,Bangalore,Third Party insurance,Petrol,26626.0,5,29.0,810000,6
899,Hatchback,Automatic,1,Honda Jazz,2019,VX CVT,Bangalore,Third Party insurance,Petrol,63460.0,5,29.0,774000,5
900,Hatchback,Manual,1,Hyundai Santro,2019,Sportz BSIV,Bangalore,Comprehensive,Petrol,35711.0,5,29.0,530000,5
901,SUV,Manual,1,Honda WR-V,2020,VX,Bangalore,Comprehensive,Petrol,20057.0,5,29.0,945000,4
902,Hatchback,Manual,1,Tata Altroz,2020,XZ BSVI,Bangalore,Third Party insurance,Petrol,25396.0,5,29.0,880000,4
903,Hatchback,Manual,1,Hyundai i20,2013,Asta 1.4 CRDi,Bangalore,Comprehensive,Diesel,88000.0,5,29.0,525000,11
904,Sedan,Manual,1,Honda City,2020,VX MT,Bangalore,Not Available,Petrol,35993.0,5,29.0,1170000,4
905,Hatchback,Automatic,1,Hyundai Grand i10,2017,1.2 Kappa Sportz Option AT,Bangalore,Comprehensive,Petrol,34000.0,5,29.0,650000,7
906,SUV,Manual,1,Honda WR-V,2019,i-VTEC VX,Bangalore,Comprehensive,Petrol,51338.0,5,29.0,875000,5
907,Hatchback,Manual,1,Hyundai Grand i10,2015,Sportz,Bangalore,Not Available,Petrol,74280.0,5,29.0,500000,9
908,Hatchback,Manual,2,Hyundai Grand i10,2015,Sportz,Bangalore,Comprehensive,Petrol,101356.0,5,29.0,395000,9
909,Hatchback,Manual,1,Maruti Swift,2014,VXI,Bangalore,Comprehensive,Petrol,51489.0,5,29.0,490000,10
910,Hatchback,Automatic,1,Maruti Ignis,2017,1.2 AMT Zeta BSIV,Bangalore,Third Party insurance,Petrol,74643.0,5,29.0,520000,7
911,SUV,Automatic,2,BMW X5,2008,xDrive 30d,Bangalore,Comprehensive,Diesel,44000.0,5,29.0,1450000,16
912,SUV,Manual,1,Honda WR-V,2018,i-VTEC VX,Bangalore,Comprehensive,Petrol,54097.0,5,29.0,825000,6
913,Sedan,Manual,2,Honda City,2018,i-VTEC VX,Bangalore,Comprehensive,Petrol,35288.0,5,29.0,838000,6
914,Hatchback,Automatic,1,Maruti Swift,2019,VXI AMT,Bangalore,Zero Dep,Petrol,70314.0,5,29.0,618000,5
915,SUV,Manual,2,Renault Duster,2017,110PS Diesel RxZ AWD,Bangalore,Third Party insurance,Diesel,96939.0,5,29.0,875000,7
916,Hatchback,Manual,2,Nissan Micra,2010,XE,Bangalore,Comprehensive,Petrol,44824.0,5,29.0,390000,14
917,Sedan,Manual,2,Honda City,2012,E,Bangalore,Third Party,Petrol,92673.0,5,29.0,500000,12
918,Sedan,Automatic,1,Toyota Yaris,2018,J CVT BSIV,Bangalore,Comprehensive,Petrol,77130.0,5,29.0,795000,6
919,SUV,Automatic,1,Ford Ecosport,2017,1.5 Petrol Titanium Plus AT,Bangalore,Comprehensive,Petrol,45000.0,5,29.0,775000,7
920,Hatchback,Automatic,2,Maruti Baleno,2017,Zeta CVT,Bangalore,Third Party insurance,Petrol,27025.0,5,29.0,745000,7
921,SUV,Manual,1,Kia Seltos,2019,GTK,Bangalore,Third Party insurance,Petrol,105153.0,5,29.0,1125000,5
922,Hatchback,Manual,1,Hyundai Grand i10,2018,1.2 Kappa Sportz BSIV,Bangalore,Third Party insurance,Petrol,36176.0,5,29.0,615000,6
923,Hatchback,Manual,1,Maruti Baleno,2016,1.3 Alpha,Bangalore,Third Party,Diesel,89837.0,5,29.0,710000,8
924,Hatchback,Manual,2,Maruti Swift,2015,VXI,Bangalore,Third Party,Petrol,11912.0,5,29.0,535000,9
925,Hatchback,Manual,2,Maruti Swift,2012,VDI,Bangalore,Third Party,Diesel,55544.0,5,29.0,446000,12
926,SUV,Automatic,1,Ford Ecosport,2019,1.5 Petrol Titanium Plus AT BSIV,Bangalore,Comprehensive,Petrol,27027.0,5,29.0,1018000,5
927,Sedan,Manual,2,Hyundai Verna,2016,1.6 VTVT S,Bangalore,Comprehensive,Petrol,42094.0,5,29.0,654000,8
928,SUV,Manual,1,Kia Seltos,2019,GTK,Bangalore,Comprehensive,Petrol,114912.0,5,29.0,1125000,5
929,SUV,Manual,1,Kia Seltos,2019,HTK Plus G,Bangalore,Comprehensive,Petrol,54000.0,5,29.0,1250000,5
930,Sedan,Manual,2,Hyundai Xcent,2014,1.2 Kappa S,Bangalore,Comprehensive,Petrol,69798.0,5,29.0,475000,10
931,Hatchback,Manual,2,Hyundai i10,2010,Sportz 1.2,Bangalore,Comprehensive,Petrol,69000.0,5,29.0,310000,14
932,Hatchback,Manual,1,Fiat Punto EVO,2015,1.3 Dynamic,Bangalore,Comprehensive,Diesel,57367.0,5,29.0,475000,9
933,Hatchback,Manual,2,Maruti Wagon R,2015,LXI BS IV,Bangalore,Third Party insurance,Petrol,50936.0,5,29.0,406000,9
934,Hatchback,Automatic,1,Maruti Celerio,2016,VXI AT Optional,Bangalore,Comprehensive,Petrol,66596.0,5,29.0,445000,8
935,Sedan,Manual,1,Maruti Swift Dzire,2015,VXI,Bangalore,Third Party insurance,Petrol,74104.0,5,29.0,601000,9
936,Hatchback,Manual,1,Hyundai Santro,2022,Sportz,Bangalore,Zero Dep,Petrol,6777.0,5,29.0,594000,2
937,SUV,Manual,1,Ford Ecosport,2020,1.5 Petrol Titanium Plus,Bangalore,Comprehensive,Petrol,14560.0,5,29.0,960000,4
938,Hatchback,Automatic,1,Maruti S-Presso,2021,VXI Plus AT 2019-2022,Bangalore,Comprehensive,Petrol,27000.0,5,29.0,575000,3
939,SUV,Manual,1,Maruti Vitara Brezza,2017,ZDi Plus,Bangalore,Comprehensive,Diesel,69301.0,5,29.0,962000,7
940,Hatchback,Manual,1,Renault KWID,2021,1.0 RXT Opt,Bangalore,Comprehensive,Petrol,71306.0,5,29.0,450000,3
941,Hatchback,Automatic,1,Maruti Baleno,2019,Alpha CVT,Bangalore,Third Party insurance,Petrol,35135.0,5,29.0,849000,5
942,Hatchback,Manual,1,Maruti Ritz,2016,LDi,Bangalore,Third Party insurance,Diesel,40561.0,5,29.0,535000,8
943,SUV,Manual,2,Renault Duster,2016,85PS Diesel RxS,Bangalore,Third Party insurance,Diesel,60000.0,5,29.0,730000,8
944,Hatchback,Manual,2,Maruti Wagon R,2015,VXI,Bangalore,Third Party,Petrol,41659.0,5,29.0,410000,9
945,Sedan,Automatic,2,Audi A4,2009,1.8 TFSI,Bangalore,Comprehensive,Petrol,85300.0,5,29.0,1075000,15
946,Sedan,Automatic,2,Hyundai Verna,2017,1.6 VTVT AT SX,Bangalore,Third Party insurance,Petrol,32483.0,5,29.0,849000,7
947,Hatchback,Manual,1,Hyundai i20,2018,1.2 Asta Dual Tone,Bangalore,Third Party insurance,Petrol,34376.0,5,29.0,749000,6
948,SUV,Manual,1,Hyundai Creta,2017,1.6 VTVT E Plus,Bangalore,Third Party insurance,Petrol,36540.0,5,29.0,872000,7
949,Hatchback,Manual,2,Hyundai i10,2013,Era,Bangalore,Third Party insurance,Petrol,5609.0,5,29.0,348000,11
950,Sedan,Manual,1,Renault Fluence,2013,Diesel E4,Bangalore,Third Party,Diesel,61000.0,5,29.0,500000,11
951,Hatchback,Automatic,2,Renault KWID,2018,1.0 AMT RXL,Bangalore,Third Party insurance,Petrol,30285.0,5,29.0,417000,6
952,Sedan,Manual,2,Volkswagen Vento,2011,Diesel Highline,Bangalore,Third Party insurance,Diesel,80153.0,5,29.0,399000,13
953,Hatchback,Automatic,1,Hyundai Grand i10,2016,Asta Option AT,Bangalore,Comprehensive,Petrol,49641.0,5,29.0,541000,8
954,Hatchback,Automatic,2,Maruti Baleno,2016,1.2 CVT Delta,Bangalore,Comprehensive,Petrol,83075.0,5,29.0,568000,8
955,Hatchback,Manual,1,Maruti Baleno,2018,1.2 Zeta,Bangalore,Comprehensive,Petrol,45677.0,5,29.0,730000,6
956,Hatchback,Manual,1,Maruti Celerio,2017,VXI Optional MT BSIV,Bangalore,Comprehensive,Petrol,81849.0,5,29.0,446000,7
957,Hatchback,Manual,2,Maruti Swift,2015,ZDI BSIV,Bangalore,Comprehensive,Diesel,67791.0,5,29.0,638000,9
958,Hatchback,Manual,1,Hyundai i20,2018,1.2 Asta Option,Bangalore,Third Party insurance,Petrol,65015.0,5,29.0,694000,6
959,Hatchback,Manual,1,Maruti Swift,2014,VXI,Bangalore,Third Party,Petrol,62029.0,5,29.0,493000,10
960,Hatchback,Manual,1,Maruti Swift,2017,VDI Optional,Bangalore,Comprehensive,Diesel,94926.0,5,29.0,637000,7
961,Sedan,Manual,1,Volkswagen Ameo,2017,1.5 TDI Highline,Bangalore,Comprehensive,Diesel,70332.0,5,29.0,645000,7
962,Hatchback,Manual,1,Maruti Ignis,2017,1.2 Delta BSIV,Bangalore,Third Party insurance,Petrol,37950.0,5,29.0,585000,7
963,Hatchback,Manual,1,Hyundai i20,2019,Asta Option,Bangalore,Comprehensive,Petrol,38100.0,5,29.0,835000,5
964,Hatchback,Manual,2,Honda Brio,2014,S MT,Bangalore,Comprehensive,Petrol,42000.0,5,29.0,425000,10
965,Hatchback,Manual,1,Hyundai i20,2018,1.4 Asta Dual Tone,Bangalore,Comprehensive,Diesel,93003.0,5,29.0,750000,6
966,Hatchback,Automatic,2,Hyundai Grand i10,2017,Asta Option AT,Bangalore,Comprehensive,Petrol,36000.0,5,29.0,675000,7
967,Hatchback,Manual,1,Hyundai i10,2015,Sportz 1.1L,Chennai,Comprehensive,Petrol,59247.0,5,29.0,398000,9
968,Hatchback,Manual,1,Honda Jazz,2015,1.2 VX i VTEC,Chennai,Third Party insurance,Petrol,50000.0,5,29.0,550000,9
969,Hatchback,Automatic,1,Maruti Celerio,2016,ZXI AT Optional,Chennai,Comprehensive,Petrol,29403.0,5,29.0,453000,8
970,SUV,Automatic,2,Ford Ecosport,2018,1.5 Petrol Titanium Plus AT BSIV,Chennai,Comprehensive,Petrol,25925.0,5,29.0,821000,6
971,Hatchback,Automatic,1,Honda Jazz,2019,VX CVT,Chennai,Comprehensive,Petrol,17711.0,5,29.0,792000,5
972,Hatchback,Manual,2,Hyundai Grand i10,2018,1.2 Kappa Magna BSIV,Chennai,Comprehensive,Petrol,51125.0,5,29.0,511000,6
973,SUV,Manual,1,Tata Nexon,2019,1.5 Revotorq XT,Chennai,Comprehensive,Diesel,69233.0,5,29.0,710000,5
974,SUV,Manual,1,Jeep Compass,2017,2.0 Sport,Chennai,Comprehensive,Diesel,65000.0,5,29.0,1225000,7
975,Sedan,Manual,1,Honda City,2014,i VTEC VX,Chennai,Comprehensive,Petrol,93281.0,5,29.0,570000,10
976,Hatchback,Manual,1,Hyundai EON,2016,1.0 Era Plus,Chennai,Third Party insurance,Petrol,30000.0,5,29.0,275000,8
977,Hatchback,Manual,1,Maruti Swift,2018,VDI BSIV,Chennai,Comprehensive,Diesel,64500.0,5,29.0,675000,6
978,Sedan,Manual,2,Honda City,2017,i VTEC V,Chennai,Comprehensive,Petrol,46809.0,5,29.0,793000,7
979,SUV,Automatic,1,Tata Nexon EV,2020,XZ Plus LUX,Chennai,Third Party insurance,Electric,20000.0,5,29.0,1100000,4
980,SUV,Automatic,1,Hyundai Creta,2019,1.6 CRDi AT SX Plus,Chennai,Comprehensive,Diesel,20000.0,5,29.0,1425000,5
981,SUV,Automatic,1,Hyundai Venue,2020,SX Plus Turbo DCT BSIV,Chennai,Third Party,Petrol,21725.0,5,29.0,1036000,4
982,Sedan,Manual,1,Honda City,2016,i VTEC VX,Chennai,Third Party insurance,Petrol,80000.0,5,29.0,800000,8
983,Sedan,Automatic,2,Audi A6,2013,2.0 TFSI Premium Plus,Chennai,Third Party insurance,Petrol,88000.0,5,29.0,1400000,11
984,Sedan,Automatic,2,Honda City,2019,ZX CVT,Chennai,Third Party,Petrol,30360.0,5,29.0,1088000,5
985,Hatchback,Automatic,2,Maruti Baleno,2017,1.2 CVT Zeta,Chennai,Third Party insurance,Petrol,70000.0,5,29.0,590000,7
986,Hatchback,Manual,1,Hyundai Grand i10,2016,Asta Option,Chennai,Comprehensive,Petrol,16246.0,5,29.0,568000,8
987,Hatchback,Automatic,2,Maruti Celerio,2017,LXI AT,Chennai,Comprehensive,Petrol,55000.0,5,29.0,400000,7
988,Hatchback,Automatic,2,Maruti Celerio,2016,ZXI AT Optional,Chennai,Third Party,Petrol,71638.0,5,29.0,422000,8
989,SUV,Manual,1,Honda WR-V,2017,i-VTEC VX,Chennai,Third Party insurance,Petrol,60000.0,5,29.0,650000,7
990,Hatchback,Manual,1,Honda Jazz,2017,1.5 SV i DTEC,Chennai,Third Party insurance,Diesel,80000.0,5,29.0,575000,7
991,Sedan,Manual,2,Maruti Esteem,2008,Vxi - BSIII,Chennai,Third Party insurance,Petrol,70000.0,5,29.0,150000,16
992,Hatchback,Automatic,1,Maruti Baleno,2017,1.2 CVT Zeta,Chennai,Third Party,Petrol,61764.0,5,29.0,702000,7
993,SUV,Automatic,1,Renault Duster,2016,110PS Diesel RxL AMT,Chennai,Third Party insurance,Diesel,150000.0,5,29.0,650000,8
994,Hatchback,Manual,1,Hyundai Grand i10 Nios,2022,Turbo Sportz,Chennai,Third Party,Petrol,17197.0,5,29.0,801000,2
995,Sedan,Manual,2,Toyota Corolla Altis,2013,G,Chennai,Third Party insurance,Petrol,90000.0,5,29.0,500000,11
996,SUV,Manual,1,Mahindra XUV300,2021,W8 Option BSVI,Chennai,Third Party,Petrol,21023.0,5,29.0,1103000,3
997,Sedan,Manual,1,Toyota Corolla Altis,2018,1.4 DGL,Chennai,Comprehensive,Diesel,43000.0,5,29.0,1490000,6
998,Sedan,Automatic,1,Maruti Swift Dzire,2017,AMT VDI,Chennai,Third Party insurance,Diesel,110505.0,5,29.0,627000,7
999,Sedan,Manual,1,Chevrolet Sail,2014,1.2 LS,Chennai,Comprehensive,Petrol,90058.0,5,29.0,350000,10
1000,SUV,Manual,1,Honda WR-V,2019,i-DTEC VX,Chennai,Comprehensive,Diesel,67000.0,5,29.0,925000,5
1001,Sedan,Manual,1,Maruti Ciaz,2017,1.3 Alpha,Chennai,Third Party insurance,Diesel,80000.0,5,29.0,850000,7
1002,Sedan,Manual,1,Maruti Ciaz,2017,1.3 Alpha,Chennai,Third Party insurance,Diesel,80000.0,5,29.0,850000,7
1003,Hatchback,Manual,1,Volkswagen Polo,2019,1.0 MPI Comfortline,Chennai,Third Party insurance,Petrol,36992.0,5,29.0,680000,5
1004,Hatchback,Manual,1,Datsun GO,2019,A Petrol,Chennai,Third Party,Petrol,84564.0,5,29.0,401000,5
1005,Hatchback,Manual,1,Hyundai Santro,2018,Magna BSIV,Chennai,Zero Dep,Petrol,23462.0,5,29.0,505000,6
1006,Sedan,Automatic,1,Honda Amaze,2019,V CVT Diesel BSIV,Chennai,Comprehensive,Diesel,54658.0,5,29.0,830000,5
1007,SUV,Manual,1,Mahindra XUV300,2020,W8 Option BSVI,Chennai,Third Party,Petrol,34164.0,5,29.0,1036000,4
1008,Hatchback,Manual,3,Fiat Punto,2010,1.4 Emotion,Chennai,Third Party insurance,Petrol,70000.0,5,29.0,100000,14
1009,SUV,Manual,1,Hyundai Venue,2020,S,Chennai,Third Party insurance,Petrol,37000.0,5,29.0,825000,4
1010,Hatchback,Manual,1,Maruti Baleno,2016,1.2 Alpha,Chennai,Comprehensive,Petrol,53967.0,5,29.0,550000,8
1011,Hatchback,Manual,1,Hyundai i10,2011,Magna,Chennai,Comprehensive,Petrol,52700.0,5,29.0,299000,13
1012,Hatchback,Manual,1,Maruti Baleno,2016,1.2 Alpha,Chennai,Comprehensive,Petrol,53967.0,5,29.0,550000,8
1013,Sedan,Manual,2,Honda Amaze,2014,E Petrol,Chennai,Comprehensive,Petrol,99225.0,5,29.0,375000,10
1014,Hatchback,Automatic,1,Honda Jazz,2020,VX CVT,Chennai,Third Party,Petrol,48220.0,5,29.0,808000,4
1015,Hatchback,Manual,1,Honda Jazz,2016,1.2 VX i VTEC,Chennai,Third Party insurance,Petrol,72024.0,5,29.0,542000,8
1016,Sedan,Automatic,1,Honda Amaze,2016,S AT i-Vtech,Chennai,Third Party insurance,Petrol,80000.0,5,29.0,529000,8
1017,Hatchback,Manual,1,Volkswagen Polo,2017,1.2 MPI Highline Plus,Chennai,Third Party,Petrol,78735.0,5,29.0,684000,7
1018,Sedan,Automatic,1,Maruti Ciaz,2015,1.4 AT Zeta,Chennai,Third Party insurance,Petrol,40000.0,5,29.0,650000,9
1019,Hatchback,Manual,1,Hyundai i20,2019,Magna Plus,Chennai,Comprehensive,Petrol,29000.0,5,29.0,745000,5
1020,Hatchback,Manual,1,Maruti Baleno,2017,1.2 Zeta,Chennai,Third Party insurance,Petrol,69864.0,5,29.0,619000,7
1021,Sedan,Manual,1,Hyundai Xcent,2019,1.2 VTVT SX,Chennai,Third Party insurance,Petrol,35739.0,5,29.0,650000,5
1022,Hatchback,Manual,1,Maruti Baleno,2016,1.2 Delta,Chennai,Comprehensive,Petrol,70404.0,5,29.0,540000,8
1023,Sedan,Manual,1,Volkswagen Vento,2015,1.6 Highline,Chennai,Comprehensive,Petrol,63000.0,5,29.0,675000,9
1024,Sedan,Manual,1,Honda City,2017,i-VTEC VX,Chennai,Comprehensive,Petrol,65000.0,5,29.0,830000,7
1025,Sedan,Automatic,1,Honda City,2012,V AT,Chennai,Comprehensive,Petrol,71423.0,5,29.0,510000,12
1026,Sedan,Manual,1,Honda City,2017,i VTEC V,Chennai,Third Party,Petrol,85759.0,5,29.0,766000,7
1027,Hatchback,Manual,1,Hyundai Santro,2019,Era Executive BSIV,Chennai,Zero Dep,Petrol,24422.0,5,29.0,449000,5
1028,Hatchback,Manual,2,Honda Brio,2012,V MT,Chennai,Third Party,Petrol,67091.0,5,29.0,317000,12
1029,Hatchback,Manual,1,Hyundai Grand i10,2017,1.2 Kappa Sportz Option,Chennai,Comprehensive,Petrol,90142.0,5,29.0,522000,7
1030,Hatchback,Manual,1,Hyundai i20,2015,Asta 1.2,Chennai,Third Party insurance,Petrol,150000.0,5,29.0,500000,9
1031,Hatchback,Automatic,1,Maruti Baleno,2018,1.2 CVT Alpha,Chennai,Comprehensive,Petrol,70027.0,5,29.0,687000,6
1032,Sedan,Manual,3,Hyundai Sonata,2007,2.0L CRDi MT,Chennai,Third Party insurance,Diesel,120000.0,5,29.0,205000,17
1033,Hatchback,Manual,2,Volkswagen Polo,2015,1.2 MPI Comfortline,Chennai,Third Party insurance,Petrol,60000.0,5,29.0,525000,9
1034,Hatchback,Manual,1,Maruti Swift,2017,VDI BSIV,Chennai,Third Party insurance,Diesel,73686.0,5,29.0,620000,7
1035,Hatchback,Manual,1,Maruti Swift,2015,VXI,Chennai,Comprehensive,Petrol,75581.0,5,29.0,530000,9
1036,Sedan,Manual,1,Maruti Ciaz,2017,1.3 Sigma,Chennai,Third Party insurance,Diesel,108902.0,5,29.0,650000,7
1037,Sedan,Manual,1,Volkswagen Ameo,2016,1.5 TDI Highline,Chennai,Comprehensive,Diesel,100425.0,5,29.0,570000,8
1038,Sedan,Manual,2,Hyundai Xcent,2016,1.2 Kappa SX Option,Chennai,Third Party,Petrol,70887.0,5,29.0,458000,8
1039,Sedan,Manual,2,Honda City,2016,i VTEC V,Chennai,Comprehensive,Petrol,114981.0,5,29.0,577000,8
1040,SUV,Manual,1,Honda WR-V,2018,i-VTEC VX,Chennai,Comprehensive,Petrol,45000.0,5,29.0,900000,6
1041,Hatchback,Manual,1,Hyundai Grand i10 Nios,2021,Sportz,Chennai,Comprehensive,Petrol,45416.0,5,29.0,649000,3
1042,Hatchback,Manual,1,Hyundai i20,2016,Asta 1.2,Chennai,Third Party insurance,Petrol,119468.0,5,29.0,549000,8
1043,Sedan,Automatic,3,Volkswagen Vento,2015,1.5 TDI Comfortline AT,Chennai,Third Party insurance,Diesel,100000.0,5,29.0,650000,9
1044,Sedan,Manual,1,Maruti Swift Dzire,2017,VXI,Chennai,Third Party,Petrol,119975.0,5,29.0,514000,7
1045,Hatchback,Manual,2,Hyundai Grand i10,2016,Magna,Chennai,Comprehensive,Petrol,64906.0,5,29.0,456000,8
1046,Hatchback,Manual,2,Maruti Baleno,2016,1.2 Delta,Chennai,Comprehensive,Petrol,81484.0,5,29.0,502000,8
1047,Sedan,Manual,1,Maruti Swift Dzire,2018,LXI 1.2,Chennai,Comprehensive,Petrol,45067.0,5,29.0,685000,6
1048,Hatchback,Manual,1,Honda Jazz,2016,1.2 S i VTEC,Chennai,Comprehensive,Petrol,65768.0,5,29.0,580000,8
1049,Hatchback,Manual,2,Honda Jazz,2016,1.2 VX i VTEC,Chennai,Comprehensive,Petrol,61000.0,5,29.0,530000,8
1050,Hatchback,Automatic,1,Maruti Celerio,2017,ZXI AT Optional,Chennai,Comprehensive,Petrol,102958.0,5,29.0,420000,7
1051,Sedan,Manual,1,Toyota Corolla Altis,2013,Diesel D4DG,Chennai,Comprehensive,Diesel,62900.0,5,29.0,775000,11
1052,Hatchback,Manual,2,Maruti Wagon R,2015,VXI BS IV,Chennai,Comprehensive,Petrol,65076.0,5,29.0,395000,9
1053,Hatchback,Manual,1,Maruti Baleno,2016,1.2 Delta,Chennai,Comprehensive,Petrol,75876.0,5,29.0,533000,8
1054,Hatchback,Manual,1,Hyundai i20,2015,Asta 1.2,Chennai,Third Party insurance,Petrol,98911.0,5,29.0,547000,9
1055,Hatchback,Manual,1,Maruti Celerio,2015,VXI,Chennai,Comprehensive,Petrol,45000.0,5,29.0,395000,9
1056,Sedan,Automatic,1,Hyundai Verna,2017,1.6 CRDI AT SX Option,Chennai,Third Party,Diesel,76089.0,5,29.0,908000,7
1057,Hatchback,Manual,2,Hyundai Grand i10,2017,1.2 Kappa Sportz BSIV,Chennai,Third Party,Petrol,54505.0,5,29.0,521000,7
1058,Sedan,Manual,1,Maruti Swift Dzire,2016,VXI,Chennai,Zero Dep,Petrol,96573.0,5,29.0,507000,8
1059,Hatchback,Manual,2,Hyundai Grand i10,2016,Asta Option,Chennai,Comprehensive,Petrol,63720.0,5,29.0,528000,8
1060,Hatchback,Manual,1,Maruti Alto 800,2021,VXI BSVI,Chennai,Comprehensive,Petrol,14411.0,5,29.0,435000,3
1061,SUV,Automatic,1,Volkswagen Taigun,2022,1.0 TSI Highline AT BSVI,Chennai,Comprehensive,Petrol,11000.0,5,29.0,1490000,2
1062,SUV,Manual,1,Honda WR-V,2017,i-VTEC S,Chennai,Comprehensive,Petrol,34392.0,5,29.0,625000,7
1063,Hatchback,Manual,1,Hyundai Grand i10 Nios,2022,Sportz,Chennai,Third Party insurance,Petrol,20000.0,5,29.0,690000,2
1064,SUV,Manual,1,Kia Sonet,2022,GTX Plus Turbo iMT BSVI,Chennai,Third Party insurance,Petrol,10000.0,5,29.0,1350000,2
1065,Hatchback,Automatic,1,Toyota Glanza,2019,V CVT,Chennai,Comprehensive,Petrol,47000.0,5,29.0,790000,5
1066,Hatchback,Manual,2,Maruti Alto K10,2014,VXI,Chennai,Comprehensive,Petrol,60333.0,5,29.0,270000,10
1067,Sedan,Manual,2,Honda Civic,2010,1.8 S MT,Chennai,Comprehensive,Petrol,51800.0,5,29.0,425000,14
1068,Hatchback,Manual,2,Hyundai Grand i10,2016,Asta Option,Chennai,Comprehensive,Petrol,32797.0,5,29.0,528000,8
1069,Hatchback,Manual,1,Hyundai Grand i10,2016,Asta Option,Chennai,Comprehensive,Petrol,69731.0,5,29.0,511000,8
1070,Sedan,Manual,2,Honda City,2016,i VTEC V,Chennai,Comprehensive,Petrol,54000.0,5,29.0,625000,8
1071,Hatchback,Manual,2,Nissan Micra Active,2016,XV Petrol,Chennai,Comprehensive,Petrol,110267.0,5,29.0,327000,8
1072,SUV,Manual,2,Honda WR-V,2018,i-VTEC VX,Chennai,Comprehensive,Petrol,45677.0,5,29.0,640000,6
1073,Hatchback,Manual,1,Maruti Celerio,2017,ZXI,Chennai,Comprehensive,Petrol,66656.0,5,29.0,449000,7
1074,Sedan,Manual,1,Honda Amaze,2019,S Diesel,Chennai,Comprehensive,Diesel,27000.0,5,29.0,725000,5
1075,Hatchback,Manual,1,Renault KWID,2021,1.0 RXT Opt,Chennai,Comprehensive,Petrol,37004.0,5,29.0,495000,3
1076,Hatchback,Manual,2,Hyundai i10,2011,Magna,Chennai,Comprehensive,Petrol,85274.0,5,29.0,271000,13
1077,SUV,Manual,2,Hyundai Creta,2017,1.6 CRDi SX,Chennai,Third Party insurance,Diesel,60000.0,5,29.0,940000,7
1078,Sedan,Manual,1,Honda City,2017,V MT,Chennai,Comprehensive,Petrol,42000.0,5,29.0,799000,7
1079,Sedan,Manual,2,Hyundai Verna,2015,1.6 SX VTVT (O),Chennai,Third Party insurance,Petrol,60000.0,5,29.0,585000,9
1080,SUV,Manual,2,Hyundai Creta,2020,SX Opt Diesel BSVI,Chennai,Third Party,Diesel,55037.0,5,29.0,1445000,4
1081,Hatchback,Manual,1,Hyundai Santro,2018,Magna BSIV,Chennai,Zero Dep,Petrol,65607.0,5,29.0,451000,6
1082,Hatchback,Manual,1,Hyundai i20,2016,Asta Option 1.2,Chennai,Comprehensive,Petrol,74777.0,5,29.0,631000,8
1083,Sedan,Manual,2,Toyota Etios,2012,G,Chennai,Comprehensive,Petrol,102392.0,5,29.0,411000,12
1084,Sedan,Manual,1,Skoda Rapid,2015,1.5 TDI Ambition Plus,Chennai,Comprehensive,Diesel,90210.0,5,29.0,500000,9
1085,Sedan,Manual,1,Maruti Swift Dzire,2014,VXI,Chennai,Third Party,Petrol,62373.0,5,29.0,488000,10
1086,Sedan,Manual,1,Tata Zest,2015,Quadrajet 1.3 75PS XE,Chennai,Third Party insurance,Diesel,80000.0,5,29.0,460000,9
1087,Hatchback,Manual,3,Maruti Swift,2014,VDI BSIV,Chennai,Third Party,Diesel,64409.0,5,29.0,508000,10
1088,SUV,Manual,1,Tata Nexon,2018,1.5 Revotorq XZ Plus,Chennai,Comprehensive,Diesel,52000.0,5,29.0,865000,6
1089,Sedan,Automatic,2,Maruti Ciaz,2018,Alpha Automatic BSIV,Chennai,Comprehensive,Petrol,30000.0,5,29.0,855000,6
1090,Sedan,Automatic,1,Mercedes-Benz S-Class,2020,S 350 d,Chennai,Comprehensive,Diesel,14000.0,5,29.0,0,4
1091,SUV,Manual,1,Hyundai Venue,2019,S Diesel BSIV,Chennai,Comprehensive,Diesel,48574.0,5,29.0,925000,5
1092,Sedan,Automatic,1,Honda City,2012,1.5 V AT,Chennai,Comprehensive,Petrol,71423.0,5,29.0,510000,12
1093,Hatchback,Manual,1,Maruti Wagon R,2013,VXI BS IV,Chennai,Comprehensive,Petrol,75498.0,5,29.0,350000,11
1094,Sedan,Manual,1,Honda City,2017,i VTEC S,Chennai,Third Party insurance,Petrol,95963.0,5,29.0,630000,7
1095,Hatchback,Manual,1,Maruti Wagon R,2015,VXI BS IV,Chennai,Comprehensive,Petrol,46613.0,5,29.0,410000,9
1096,SUV,Manual,1,Honda WR-V,2017,i-VTEC VX,Chennai,Third Party insurance,Petrol,30000.0,5,29.0,725000,7
1097,Hatchback,Manual,1,Maruti Celerio,2021,VXI BSVI,Chennai,Third Party,Petrol,20875.0,5,29.0,503000,3
1098,Hatchback,Manual,2,Renault KWID,2018,RXL,Chennai,Third Party,Petrol,46436.0,5,29.0,309000,6
1099,SUV,Manual,1,Hyundai Venue,2021,S Plus,Chennai,Third Party,Petrol,12814.0,5,29.0,841000,3
1100,Hatchback,Manual,1,Hyundai i10,2011,Magna,Chennai,Comprehensive,Petrol,45851.0,5,29.0,288000,13
1101,Hatchback,Automatic,1,Volkswagen Polo,2018,GT TSI,Chennai,Comprehensive,Petrol,35000.0,5,29.0,844999,6
1102,Hatchback,Manual,2,Maruti Wagon R,2016,VXI BS IV,Chennai,Comprehensive,Petrol,48163.0,5,29.0,400000,8
1103,Sedan,Manual,3,Maruti Swift Dzire,2013,VXI,Chennai,Third Party insurance,Petrol,40000.0,5,29.0,425000,11
1104,Hatchback,Manual,1,Volkswagen Polo,2020,1.0 MPI Comfortline,Chennai,Third Party insurance,Petrol,20000.0,5,29.0,750000,4
1105,Hatchback,Manual,1,Hyundai i10,2013,Sportz,Chennai,Comprehensive,Petrol,112711.0,5,29.0,310000,11
1106,Hatchback,Automatic,2,Maruti Celerio,2016,VXI AMT,Chennai,Comprehensive,Petrol,65895.0,5,29.0,437000,8
1107,Hatchback,Manual,1,Maruti Swift,2015,ZDI BSIV,Chennai,Third Party insurance,Diesel,107595.0,5,29.0,560000,9
1108,Hatchback,Manual,1,Maruti Ignis,2017,1.2 Zeta BSIV,Chennai,Comprehensive,Petrol,23838.0,5,29.0,532000,7
1109,Hatchback,Manual,1,Maruti Alto K10,2015,VXI,Chennai,Third Party,Petrol,28975.0,5,29.0,323000,9
1110,SUV,Manual,1,Honda WR-V,2018,i-VTEC VX,Chennai,Third Party insurance,Petrol,30742.0,5,29.0,770000,6
1111,Hatchback,Manual,1,Maruti S-Presso,2022,VXI Plus 2019-2022,Chennai,Comprehensive,Petrol,10363.0,5,29.0,492000,2
1112,Sedan,Manual,1,Honda City,2015,i VTEC V,Chennai,Third Party insurance,Petrol,100000.0,5,29.0,650000,9
1113,Sedan,Manual,1,Honda City,2016,i VTEC V,Chennai,Comprehensive,Petrol,75555.0,5,29.0,633000,8
1114,SUV,Manual,2,Hyundai Creta,2018,1.6 SX,Chennai,Third Party insurance,Petrol,60929.0,5,29.0,982000,6
1115,SUV,Automatic,2,BMW X5,2009,xDrive 30d,Chennai,Comprehensive,Diesel,78000.0,5,29.0,1350000,15
1116,SUV,Manual,1,Maruti Vitara Brezza,2017,ZDi Plus,Chennai,Third Party insurance,Diesel,120000.0,5,29.0,900000,7
1117,Sedan,Manual,1,Honda Amaze,2014,S i-Dtech,Chennai,Comprehensive,Diesel,143185.0,5,29.0,370000,10
1118,Sedan,Manual,1,Maruti Ciaz,2017,1.4 Alpha,Chennai,Comprehensive,Petrol,115434.0,5,29.0,620000,7
1119,Hatchback,Manual,1,Maruti Ignis,2018,Delta BSVI,Chennai,Third Party insurance,Petrol,43000.0,5,29.0,480000,6
1120,Hatchback,Manual,1,Honda Brio,2015,1.2 VX MT,Chennai,Third Party insurance,Petrol,63309.0,5,29.0,430000,9
1121,Hatchback,Manual,1,Maruti Swift,2015,ZDI BSIV,Chennai,Third Party insurance,Diesel,150000.0,5,29.0,500000,9
1122,Hatchback,Manual,1,Maruti Baleno,2019,Alpha,Chennai,Third Party insurance,Petrol,39386.0,5,29.0,790000,5
1123,Hatchback,Automatic,1,Maruti Baleno,2017,1.2 CVT Zeta,Chennai,Comprehensive,Petrol,61829.0,5,29.0,702000,7
1124,Hatchback,Manual,1,Maruti Alto K10,2014,VXI,Chennai,Comprehensive,Petrol,83901.0,5,29.0,290000,10
1125,Hatchback,Manual,1,Maruti Celerio,2014,VXI,Chennai,Third Party insurance,Petrol,33295.0,5,29.0,383000,10
1126,Hatchback,Manual,1,Maruti Celerio,2015,VXI,Chennai,Comprehensive,Petrol,33610.0,5,29.0,411000,9
1127,Sedan,Manual,1,Maruti Ciaz,2014,ZDi,Chennai,Comprehensive,Diesel,95600.0,5,29.0,615000,10
1128,Hatchback,Manual,1,Tata Tiago,2018,1.2 Revotron XZ,Chennai,Comprehensive,Petrol,20960.0,5,29.0,515000,6
1129,Hatchback,Manual,2,Hyundai i20,2015,Sportz 1.2,Chennai,Third Party insurance,Petrol,85105.0,5,29.0,507000,9
1130,Hatchback,Manual,2,Hyundai EON,2016,Sportz,Chennai,Third Party,Petrol,44519.0,5,29.0,322000,8
1131,Hatchback,Manual,1,Maruti Baleno,2017,1.2 Delta,Chennai,Comprehensive,Petrol,54024.0,5,29.0,575000,7
1132,Hatchback,Manual,1,Maruti Baleno,2020,Zeta,Chennai,Comprehensive,Petrol,20027.0,5,29.0,850000,4
1133,Sedan,Manual,1,Honda Amaze,2013,VX i-DTEC,Chennai,Comprehensive,Diesel,67905.0,5,29.0,425000,11
1134,Hatchback,Manual,1,Maruti Baleno,2017,Zeta,Chennai,Third Party insurance,Petrol,62604.0,5,29.0,650000,7
1135,Sedan,Manual,1,Honda Amaze,2014,VX i-DTEC,Chennai,Comprehensive,Diesel,105781.0,5,29.0,450000,10
1136,Sedan,Manual,1,Maruti Ciaz,2017,1.4 Zeta,Chennai,Third Party insurance,Petrol,68724.0,5,29.0,720000,7
1137,Hatchback,Automatic,1,Maruti Celerio,2014,VXI AT,Chennai,Comprehensive,Petrol,67000.0,5,29.0,425000,10
1138,Hatchback,Manual,2,Hyundai i10,2010,Sportz 1.2,Chennai,Comprehensive,Petrol,110273.0,5,29.0,235000,14
1139,Hatchback,Automatic,2,Maruti Celerio,2016,VXI AT,Chennai,Comprehensive,Petrol,65628.0,5,29.0,437000,8
1140,Hatchback,Manual,1,Volkswagen Polo,2014,1.2 MPI Highline,Chennai,Third Party insurance,Petrol,106075.0,5,29.0,410000,10
1141,Hatchback,Manual,1,Maruti Ignis,2022,Alpha BSVI,Chennai,Comprehensive,Petrol,6023.0,5,29.0,731000,2
1142,Hatchback,Manual,2,Tata Tiago,2018,1.2 Revotron XZ,Chennai,Comprehensive,Petrol,38999.0,5,29.0,502000,6
1143,Hatchback,Manual,2,Maruti Alto K10,2011,2010-2014 VXI,Chennai,Comprehensive,Petrol,58747.0,5,29.0,222000,13
1144,SUV,Manual,2,Ford Ecosport,2015,1.5 DV5 MT Titanium Optional,Chennai,Comprehensive,Diesel,106360.0,5,29.0,529000,9
1145,SUV,Manual,1,Toyota Urban cruiser,2021,Premium,Chennai,Comprehensive,Petrol,26000.0,5,29.0,975000,3
1146,SUV,Automatic,1,Kia Seltos,2020,HTX IVT,Chennai,Comprehensive,Petrol,25000.0,5,29.0,1450000,4
1147,Hatchback,Manual,1,Maruti Swift,2020,LXI,Chennai,Comprehensive,Petrol,57000.0,5,29.0,595000,4
1148,SUV,Manual,1,Hyundai Creta,2017,1.6 VTVT E Plus,Chennai,Third Party insurance,Petrol,49000.0,5,29.0,767000,7
1149,Hatchback,Automatic,3,Hyundai i10,2014,Sportz AT,Chennai,Third Party insurance,Petrol,40000.0,5,29.0,335000,10
1150,Hatchback,Manual,1,Tata Tiago,2022,XT BSVI,Chennai,Third Party,Petrol,8848.0,5,29.0,649000,2
1151,Sedan,Manual,1,Skoda Rapid,2021,1.0 TSI Monte Carlo,Chennai,Third Party,Petrol,34628.0,5,29.0,1110000,3
1152,Hatchback,Manual,1,Maruti Ignis,2022,Zeta BSVI,Chennai,Third Party,Petrol,8579.0,5,29.0,672000,2
1153,Sedan,Manual,1,Honda City,2017,i VTEC V,Chennai,Third Party insurance,Petrol,40021.0,5,29.0,795000,7
1154,Hatchback,Manual,2,Hyundai i20,2017,Sportz 1.2,Chennai,Comprehensive,Petrol,46946.0,5,29.0,587000,7
1155,Hatchback,Automatic,1,Honda Jazz,2019,VX CVT,Chennai,Comprehensive,Petrol,30772.0,5,29.0,807000,5
1156,Sedan,Manual,1,Maruti Swift Dzire,2017,VDI,Chennai,Comprehensive,Diesel,31000.0,5,29.0,760000,7
1157,Hatchback,Manual,2,Maruti Baleno,2020,Delta,Chennai,Third Party insurance,Petrol,20000.0,5,29.0,650000,4
1158,Hatchback,Automatic,1,Maruti S-Presso,2020,VXI Plus AT 2019-2022,Chennai,Third Party insurance,Petrol,31137.0,5,29.0,520000,4
1159,Sedan,Manual,1,Maruti Swift Dzire,2011,ZDi,Chennai,Third Party insurance,Diesel,90000.0,5,29.0,350000,13
1160,SUV,Manual,1,Hyundai Creta,2015,1.6 SX,Chennai,Comprehensive,Petrol,77000.0,5,29.0,875000,9
1161,Hatchback,Manual,1,Datsun RediGO,2018,T Option,Chennai,Third Party insurance,Petrol,28733.0,5,29.0,302000,6
1162,Sedan,Manual,1,Tata Tigor,2022,XZ Plus BSVI,Chennai,Comprehensive,Petrol,60431.0,5,29.0,722000,2
1163,Hatchback,Manual,1,Maruti Celerio X,2018,ZXI Option BSIV,Chennai,Comprehensive,Petrol,53269.0,5,29.0,463000,6
1164,Sedan,Manual,2,Honda Amaze,2019,S Petrol BSIV,Chennai,Third Party insurance,Petrol,37778.0,5,29.0,627000,5
1165,Hatchback,Manual,1,Maruti Baleno,2017,1.2 Delta,Chennai,Third Party insurance,Petrol,54024.0,5,29.0,575000,7
1166,Hatchback,Automatic,1,Maruti Celerio X,2018,AMT ZXI BSIV,Chennai,Comprehensive,Petrol,89329.0,5,29.0,477000,6
1167,Hatchback,Manual,2,Tata Tiago,2019,1.2 Revotron XZ,Chennai,Third Party insurance,Petrol,40000.0,5,29.0,500000,5
1168,Hatchback,Manual,1,Maruti Swift,2017,ZXI,Chennai,Comprehensive,Petrol,17000.0,5,29.0,650000,7
1169,Hatchback,Manual,1,Maruti Ignis,2017,1.2 Delta BSIV,Chennai,Comprehensive,Petrol,83887.0,5,29.0,455000,7
1170,Hatchback,Manual,1,Hyundai i20 Active,2015,1.4 S,Chennai,Third Party insurance,Diesel,150000.0,5,29.0,475000,9
1171,Hatchback,Automatic,1,Maruti Celerio,2016,ZXI AT,Chennai,Comprehensive,Petrol,34000.0,5,29.0,485000,8
1172,Hatchback,Manual,1,Maruti Celerio,2017,ZXI Optional,Chennai,Comprehensive,Petrol,29973.0,5,29.0,460000,7
1173,Sedan,Manual,1,Honda City,2021,VX MT,Chennai,Third Party insurance,Petrol,30000.0,5,29.0,1265000,3
1174,Hatchback,Manual,2,Hyundai i20 Active,2016,1.4 S,Chennai,Comprehensive,Diesel,80805.0,5,29.0,567000,8
1175,Hatchback,Manual,1,Tata Tiago,2020,XZ Plus,Chennai,Comprehensive,Petrol,26235.0,5,29.0,619000,4
1176,Sedan,Manual,0,Honda City,2017,i VTEC S,Chennai,Third Party insurance,Petrol,95963.0,5,29.0,630000,7
1177,SUV,Manual,1,Hyundai Creta,2018,1.6 E Plus,Chennai,Comprehensive,Petrol,83294.0,5,29.0,835000,6
1178,Hatchback,Manual,1,Maruti Baleno,2019,1.2 Alpha,Chennai,Comprehensive,Petrol,102696.0,5,29.0,635000,5
1179,Hatchback,Manual,2,Hyundai i20,2019,Magna Plus Diesel,Chennai,Comprehensive,Diesel,57206.0,5,29.0,635000,5
1180,Hatchback,Manual,1,Hyundai i20,2017,Asta 1.2,Chennai,Comprehensive,Petrol,81829.0,5,29.0,657000,7
1181,Hatchback,Manual,2,Maruti Celerio,2014,VXI,Chennai,Third Party,Petrol,54395.0,5,29.0,390000,10
1182,Sedan,Manual,1,Tata Tigor,2019,1.05 Revotorq XZ,Chennai,Third Party insurance,Diesel,50000.0,5,29.0,620000,5
1183,Hatchback,Manual,1,Hyundai i20,2015,Asta Option 1.2,Chennai,Comprehensive,Petrol,36000.0,5,29.0,590000,9
1184,Sedan,Manual,1,Honda Amaze,2016,S Petrol BSIV,Chennai,Comprehensive,Petrol,49617.0,5,29.0,490000,8
1185,Sedan,Manual,1,Toyota Etios,2016,VX,Chennai,Comprehensive,Petrol,57782.0,5,29.0,620000,8
1186,Sedan,Automatic,3,BMW 5 Series,2008,530d Highline,Chennai,Third Party insurance,Diesel,110000.0,5,29.0,680000,16
1187,Hatchback,Manual,2,Honda Jazz,2018,1.2 V i VTEC,Chennai,Third Party,Petrol,22066.0,5,29.0,594000,6
1188,Hatchback,Manual,1,Hyundai i20,2016,Magna 1.2,Chennai,Comprehensive,Petrol,65707.0,5,29.0,536000,8
1189,Hatchback,Manual,1,Maruti Celerio,2015,ZXI,Chennai,Third Party insurance,Petrol,89488.0,5,29.0,365000,9
1190,Hatchback,Automatic,2,Maruti Ignis,2017,1.2 AMT Zeta BSIV,Chennai,Comprehensive,Petrol,88663.0,5,29.0,544000,7
1191,Hatchback,Manual,1,Tata Tiago,2020,XZ Plus,Chennai,Comprehensive,Petrol,31679.0,5,29.0,566000,4
1192,Hatchback,Manual,1,Hyundai Grand i10,2013,Asta,Chennai,Comprehensive,Petrol,68178.0,5,29.0,420000,11
1193,Sedan,Manual,2,Honda City,2017,i VTEC V,Chennai,Comprehensive,Petrol,61279.0,5,29.0,748000,7
1194,Sedan,Manual,1,Honda Amaze,2021,VX Petrol,Chennai,Comprehensive,Petrol,8963.0,5,29.0,880000,3
1195,Sedan,Manual,1,Maruti Swift Dzire,2017,VXI 1.2,Chennai,Third Party insurance,Petrol,80281.0,5,29.0,616000,7
1196,Sedan,Manual,1,Volkswagen Vento,2018,1.6 Comfortline,Chennai,Comprehensive,Petrol,65224.0,5,29.0,725000,6
1197,Hatchback,Manual,1,Maruti Ritz,2010,ZXI,Chennai,Third Party insurance,Petrol,120000.0,5,29.0,275000,14
1198,Hatchback,Manual,1,Maruti Swift,2017,VXI,Chennai,Comprehensive,Petrol,100526.0,5,29.0,510000,7
1199,Hatchback,Manual,1,Maruti Swift,2021,ZXI Plus,Chennai,Comprehensive,Petrol,17273.0,5,29.0,817000,3
1200,SUV,Manual,1,Maruti SX4 S Cross,2018,DDiS 200 Delta,Chennai,Third Party insurance,Diesel,107737.0,5,29.0,850000,6
1201,SUV,Manual,2,Ford Ecosport,2016,1.5 Ti VCT MT Ambiente BSIV,Chennai,Comprehensive,Petrol,111586.0,5,29.0,539000,8
1202,Hatchback,Automatic,2,Maruti Baleno,2017,1.2 CVT Delta,Chennai,Third Party,Petrol,73369.0,5,29.0,538000,7
1203,Hatchback,Manual,1,Maruti Alto,2012,LXi,Chennai,Comprehensive,Petrol,63697.0,5,29.0,235000,12
1204,Hatchback,Manual,1,Hyundai i20,2018,1.2 Asta Option,Chennai,Comprehensive,Petrol,45224.0,5,29.0,666000,6
1205,Hatchback,Manual,2,Maruti Wagon R,2016,VXI Optional,Chennai,Third Party,Petrol,49124.0,5,29.0,413000,8
1206,Sedan,Manual,1,Maruti Swift Dzire,2016,VXI,Chennai,Comprehensive,Petrol,96861.0,5,29.0,505000,8
1207,Hatchback,Manual,2,Hyundai i10,2009,Sportz 1.2,Chennai,Comprehensive,Petrol,64636.0,5,29.0,300000,15
1208,Sedan,Automatic,1,Audi A6,2014,35 TDI Premium,Chennai,Third Party insurance,Diesel,134000.0,5,29.0,890000,10
1209,SUV,Automatic,1,Renault Kiger,2022,RXT AMT,Chennai,Comprehensive,Petrol,14118.0,5,29.0,810000,2
1210,SUV,Automatic,2,Ford Ecosport,2018,1.5 Petrol Trend Plus AT BSIV,Chennai,Comprehensive,Petrol,36000.0,5,29.0,725000,6
1211,SUV,Manual,1,Kia Seltos,2019,HTK Plus G,Chennai,Third Party insurance,Petrol,50000.0,5,29.0,1050000,5
1212,SUV,Manual,1,Toyota Urban cruiser,2021,High,Chennai,Third Party insurance,Petrol,30000.0,5,29.0,1000000,3
1213,Sedan,Automatic,1,Skoda Rapid,2018,1.6 MPI AT Style BSIV,Chennai,Third Party insurance,Petrol,29000.0,5,29.0,850000,6
1214,Hatchback,Manual,2,Hyundai i20,2014,Asta 1.2,Chennai,Third Party insurance,Petrol,55940.0,5,29.0,508000,10
1215,Sedan,Manual,2,Honda City,2018,i-DTEC ZX,Chennai,Third Party,Diesel,115915.0,5,29.0,851000,6
1216,Hatchback,Automatic,1,Renault KWID,2022,1.0 RXT AMT,Chennai,Comprehensive,Petrol,1000.0,5,29.0,625000,2
1217,Hatchback,Manual,1,Hyundai i10,2014,Magna 1.1L,Chennai,Comprehensive,Petrol,87780.0,5,29.0,335000,10
1218,Hatchback,Manual,1,Hyundai i20,2015,Sportz 1.2,Chennai,Comprehensive,Petrol,118921.0,5,29.0,445000,9
1219,Hatchback,Manual,1,Maruti Baleno,2016,1.2 Alpha,Chennai,Comprehensive,Petrol,38514.0,5,29.0,630000,8
1220,Sedan,Manual,2,Maruti Swift Dzire,2016,VXI,Chennai,Comprehensive,Petrol,74401.0,5,29.0,527000,8
1221,SUV,Automatic,1,Hyundai Creta,2020,SX Opt Turbo Dualtone BSVI,Chennai,Third Party insurance,Petrol,40000.0,5,29.0,1320000,4
1222,Hatchback,Manual,1,Maruti Swift,2022,ZXI Plus,Chennai,Comprehensive,Petrol,9000.0,5,29.0,860000,2
1223,SUV,Manual,1,Hyundai Creta,2017,1.6 VTVT E Plus,Chennai,Third Party insurance,Petrol,50000.0,5,29.0,766000,7
1224,Sedan,Manual,1,Maruti Swift Dzire,2020,VXI BSVI,Chennai,Third Party insurance,Petrol,40000.0,5,29.0,610000,4
1225,Sedan,Automatic,3,Skoda Rapid,2015,1.5 TDI AT Elegance,Chennai,Third Party insurance,Diesel,80000.0,5,29.0,475000,9
1226,Hatchback,Manual,2,Hyundai Grand i10,2014,Asta,Chennai,Third Party insurance,Petrol,82000.0,5,29.0,390000,10
1227,Sedan,Automatic,1,Hyundai Aura,2020,SX Plus AMT,Chennai,Comprehensive,Petrol,32947.0,5,29.0,680000,4
1228,Hatchback,Manual,1,Hyundai i20,2016,Asta Option 1.2,Chennai,Comprehensive,Petrol,34460.0,5,29.0,614000,8
1229,Sedan,Manual,1,Maruti Swift Dzire,2010,ZXi,Chennai,Comprehensive,Petrol,33886.0,5,29.0,340000,14
1230,Hatchback,Manual,2,Hyundai i20 Active,2016,1.2 SX,Chennai,Third Party insurance,Petrol,57910.0,5,29.0,558000,8
1231,Sedan,Automatic,1,Honda City,2017,ZX CVT,Chennai,Comprehensive,Petrol,60000.0,5,29.0,950000,7
1232,Hatchback,Manual,1,Maruti Swift,2021,VXI,Chennai,Third Party,Petrol,48979.0,5,29.0,710000,3
1233,SUV,Manual,1,Ford Ecosport,2016,1.5 TDCi Titanium BSIV,Chennai,Comprehensive,Diesel,106165.0,5,29.0,684000,8
1234,Hatchback,Manual,1,Datsun RediGO,2018,T Option,Chennai,Third Party,Petrol,91261.0,5,29.0,309000,6
1235,Hatchback,Manual,1,Maruti Celerio,2018,ZXI,Chennai,Comprehensive,Petrol,36711.0,5,29.0,500000,6
1236,Hatchback,Manual,0,Maruti Baleno,2018,1.2 Delta,Chennai,Third Party insurance,Petrol,30428.0,5,29.0,650000,6
1237,Hatchback,Manual,1,Renault KWID,2018,1.0 RXL,Chennai,Comprehensive,Petrol,49791.0,5,29.0,360000,6
1238,Sedan,Manual,2,Hyundai Xcent,2014,1.2 Kappa SX Option,Chennai,Third Party insurance,Petrol,40000.0,5,29.0,450000,10
1239,Hatchback,Automatic,2,Maruti Baleno,2018,1.2 CVT Delta,Chennai,Third Party insurance,Petrol,50000.0,5,29.0,660000,6
1240,SUV,Manual,1,Maruti Vitara Brezza,2019,ZDi,Chennai,Third Party insurance,Diesel,60000.0,5,29.0,950000,5
1241,Hatchback,Manual,2,Maruti Wagon R,2014,VXI BS IV,Chennai,Third Party insurance,Petrol,107158.0,5,29.0,361000,10
1242,Hatchback,Manual,1,Hyundai Grand i10,2019,1.2 Kappa Sportz BSIV,Chennai,Third Party insurance,Petrol,90811.0,5,29.0,549000,5
1243,Hatchback,Manual,3,Ford Figo,2012,Petrol Titanium,Chennai,Comprehensive,Petrol,76454.0,5,29.0,210000,12
1244,Hatchback,Manual,1,Maruti Swift,2021,VXI,Chennai,Third Party,Petrol,57464.0,5,29.0,704000,3
1245,Sedan,Manual,1,Honda Amaze,2019,V Petrol BSIV,Chennai,Comprehensive,Petrol,95072.0,5,29.0,729000,5
1246,Hatchback,Manual,2,Hyundai i20,2018,1.2 Asta Option,Chennai,Third Party,Petrol,56028.0,5,29.0,619000,6
1247,Sedan,Manual,1,Honda City,2017,i VTEC S,Chennai,Third Party insurance,Petrol,60000.0,5,29.0,725000,7
1248,Hatchback,Manual,1,Hyundai Grand i10 Nios,2020,Sportz,Chennai,Zero Dep,Petrol,36460.0,5,29.0,621000,4
1249,Sedan,Manual,1,Honda Amaze,2020,S Petrol BSIV,Chennai,Zero Dep,Petrol,103249.0,5,29.0,685000,4
1250,Sedan,Manual,1,Honda City,2021,V MT,Chennai,Third Party insurance,Petrol,45568.0,5,29.0,950000,3
1251,Sedan,Manual,1,Skoda Rapid,2013,1.6 TDI Ambition,Chennai,Comprehensive,Diesel,100521.0,5,29.0,410000,11
1252,Sedan,Manual,1,Volkswagen Ameo,2019,1.0 MPI Comfortline,Chennai,Comprehensive,Petrol,42709.0,5,29.0,570000,5
1253,Sedan,Manual,1,Honda City,2015,i VTEC V,Chennai,Third Party insurance,Petrol,100000.0,5,29.0,600000,9
1254,Sedan,Automatic,1,Hyundai Elantra,2018,2.0 SX Option AT,Chennai,Comprehensive,Petrol,30000.0,5,29.0,1350000,6
1255,Hatchback,Manual,1,Hyundai Grand i10,2014,Magna,Chennai,Third Party insurance,Petrol,104279.0,5,29.0,365000,10
1256,Hatchback,Manual,1,Hyundai i20 Active,2018,1.2 SX,Chennai,Comprehensive,Petrol,73321.0,5,29.0,707000,6
1257,Hatchback,Manual,1,Hyundai Santro,2018,Sportz BSIV,Chennai,Zero Dep,Petrol,34279.0,5,29.0,520000,6
1258,Hatchback,Manual,2,Hyundai i20,2016,Asta Option 1.2,Chennai,Comprehensive,Petrol,55040.0,5,29.0,602000,8
1259,Hatchback,Manual,2,Hyundai i20,2014,Asta 1.4 CRDi,Chennai,Comprehensive,Diesel,104336.0,5,29.0,546000,10
1260,Sedan,Manual,1,Honda City,2020,ZX MT,Chennai,Third Party,Petrol,69617.0,5,29.0,1188000,4
1261,Hatchback,Manual,1,Hyundai i20,2016,Asta Option 1.2,Chennai,Comprehensive,Petrol,47429.0,5,29.0,621000,8
1262,Hatchback,Manual,1,Maruti Swift,2015,VXI,Chennai,Comprehensive,Petrol,67000.0,5,29.0,515000,9
1263,Hatchback,Manual,1,Volkswagen Polo,2016,1.2 MPI Highline,Chennai,Third Party insurance,Petrol,80000.0,5,29.0,600000,8
1264,Hatchback,Manual,1,Volkswagen Polo,2018,1.0 MPI Highline,Chennai,Comprehensive,Petrol,27000.0,5,29.0,775000,6
1265,SUV,Manual,2,Ford Ecosport,2016,1.5 TDCi Titanium Plus BSIV,Chennai,Comprehensive,Diesel,56000.0,5,29.0,645000,8
1266,Sedan,Manual,1,Honda Amaze,2018,S Petrol,Chennai,Comprehensive,Petrol,33379.0,5,29.0,650000,6
1267,Sedan,Manual,1,Maruti Ciaz,2017,1.3 Delta,Chennai,Third Party insurance,Diesel,80000.0,5,29.0,700000,7
1268,Sedan,Manual,1,Hyundai Xcent,2016,VTVT Plus ABS,Chennai,Third Party insurance,Petrol,90000.0,5,29.0,437000,8
1269,Sedan,Manual,1,Hyundai Xcent,2015,1.2 Kappa SX,Chennai,Third Party insurance,Petrol,50197.0,5,29.0,460000,9
1270,Sedan,Manual,2,Hyundai Accent,2012,Executive,Chennai,Third Party insurance,Petrol,80000.0,5,29.0,250000,12
1271,Hatchback,Manual,0,Honda Jazz,2016,1.2 VX i VTEC,Chennai,Third Party insurance,Petrol,60611.0,5,29.0,520000,8
1272,SUV,Manual,3,Ford Ecosport,2017,1.5 Ti VCT MT Titanium BSIV,Chennai,Third Party insurance,Petrol,61120.0,5,29.0,566000,7
1273,Hatchback,Manual,1,Renault KWID,2019,1.0 RXT Optional,Chennai,Third Party insurance,Petrol,55415.0,5,29.0,403000,5
1274,Hatchback,Manual,1,Honda Jazz,2015,1.2 VX i VTEC,Chennai,Comprehensive,Petrol,48579.0,5,29.0,517000,9
1275,Sedan,Manual,2,Hyundai Xcent,2016,1.2 Kappa S,Chennai,Third Party insurance,Petrol,59532.0,5,29.0,449000,8
1276,Sedan,Manual,1,Volkswagen Jetta,2014,1.4 TSI Comfortline,Chennai,Third Party,Petrol,113231.0,5,29.0,643000,10
1277,Hatchback,Manual,1,Tata Altroz,2021,XZ Plus Diesel BSVI,Chennai,Third Party,Diesel,40629.0,5,29.0,889000,3
1278,Sedan,Automatic,2,Maruti Swift Dzire,2016,AMT ZDI,Chennai,Third Party insurance,Diesel,73341.0,5,29.0,621000,8
1279,Sedan,Automatic,2,BMW 3 Series,2011,320d,Chennai,Comprehensive,Diesel,39001.0,5,29.0,1400000,13
1280,Sedan,Manual,1,Honda City,2014,VX MT,Chennai,Comprehensive,Petrol,81532.0,5,29.0,630000,10
1281,Sedan,Manual,1,Honda City,2015,SV MT,Chennai,Third Party insurance,Petrol,108818.0,5,29.0,530000,9
1282,Hatchback,Manual,1,Maruti Baleno,2017,Alpha,Chennai,Third Party insurance,Petrol,35419.0,5,29.0,678000,7
1283,Sedan,Automatic,2,Mercedes-Benz C-Class,2011,C 250 CDI Avantgarde,Chennai,Third Party insurance,Diesel,80000.0,5,29.0,1200000,13
1284,Sedan,Manual,2,Renault Fluence,2014,E2 D,Chennai,Third Party insurance,Diesel,100000.0,5,29.0,524000,10
1285,Sedan,Manual,1,Hyundai Verna,2011,1.6 SX CRDi (O),Chennai,Comprehensive,Diesel,70001.0,5,29.0,675000,13
1286,Sedan,Manual,1,Hyundai Xcent,2014,1.1 CRDi S Option,Chennai,Comprehensive,Diesel,61331.0,5,29.0,470000,10
1287,Sedan,Manual,1,Honda Amaze,2014,EX i-Dtech,Chennai,Third Party insurance,Diesel,51438.0,5,29.0,530000,10
1288,Hatchback,Manual,1,Hyundai Santro,2019,Magna BSIV,Chennai,Comprehensive,Petrol,67988.0,5,29.0,463000,5
1289,Hatchback,Automatic,2,Honda Jazz,2019,VX CVT,Chennai,Zero Dep,Petrol,36032.0,5,29.0,727000,5
1290,Sedan,Manual,1,Honda City,2015,SV MT,Chennai,Comprehensive,Petrol,114883.0,5,29.0,515000,9
1291,Sedan,Manual,1,Maruti Swift Dzire,2016,VXI,Chennai,Zero Dep,Petrol,88584.0,5,29.0,547000,8
1292,Hatchback,Manual,2,Maruti Ritz,2012,VDi,Chennai,Third Party insurance,Diesel,97419.0,5,29.0,307000,12
1293,SUV,Manual,2,Ford Ecosport,2015,1.5 DV5 MT Titanium Optional,Chennai,Comprehensive,Diesel,106498.0,5,29.0,529000,9
1294,Hatchback,Manual,2,Maruti Swift,2016,VDI BSIV,Chennai,Comprehensive,Diesel,68177.0,5,29.0,624000,8
1295,SUV,Manual,1,Maruti SX4 S Cross,2017,DDiS 200 Zeta,Chennai,Comprehensive,Diesel,75471.0,5,29.0,850000,7
1296,Sedan,Manual,1,Honda Amaze,2021,S,Chennai,Comprehensive,Petrol,8000.0,5,29.0,745000,3
1297,SUV,Manual,1,Hyundai Creta,2021,EX BSVI,Chennai,Third Party insurance,Petrol,20000.0,5,29.0,1150000,3
1298,Hatchback,Manual,1,Maruti Alto K10,2017,VXI,Chennai,Comprehensive,Petrol,60730.0,5,29.0,310000,7
1299,Sedan,Manual,2,Maruti Swift Dzire,2016,LXI,Chennai,Comprehensive,Petrol,44494.0,5,29.0,495000,8
1300,SUV,Automatic,1,Tata Nexon,2019,1.5 Revotorq XMA,Chennai,Comprehensive,Diesel,45673.0,5,29.0,825000,5
1301,Sedan,Manual,1,Hyundai Verna,2017,1.6 SX VTVT,Chennai,Third Party,Petrol,51878.0,5,29.0,774000,7
1302,Hatchback,Automatic,1,Nissan Micra,2017,XV CVT,Chennai,Third Party,Petrol,56747.0,5,29.0,525000,7
1303,Hatchback,Manual,1,Maruti Swift,2018,VXI Optional,Chennai,Comprehensive,Petrol,38000.0,5,29.0,600000,6
1304,Hatchback,Manual,2,Hyundai i20,2016,Asta Option 1.2,Chennai,Zero Dep,Petrol,76457.0,5,29.0,582000,8
1305,Hatchback,Manual,2,Honda Jazz,2017,1.2 VX i VTEC,Chennai,Comprehensive,Petrol,78880.0,5,29.0,551000,7
1306,Sedan,Manual,1,Maruti Swift Dzire,2015,ZXI,Chennai,Comprehensive,Petrol,19593.0,5,29.0,525000,9
1307,Hatchback,Manual,1,Hyundai i20,2016,Asta Option 1.2,Chennai,Zero Dep,Petrol,84429.0,5,29.0,583000,8
1308,Hatchback,Manual,2,Volkswagen Polo,2013,Petrol Comfortline 1.2L,Chennai,Comprehensive,Petrol,119070.0,5,29.0,396000,11
1309,Sedan,Manual,1,Maruti Swift Dzire,2017,VXI,Chennai,Third Party insurance,Petrol,32199.0,5,29.0,590000,7
1310,Hatchback,Manual,1,Tata Tiago,2016,1.2 Revotron XZ,Chennai,Comprehensive,Petrol,85607.0,5,29.0,400000,8
1311,Hatchback,Manual,1,Maruti Baleno,2019,1.2 Alpha,Chennai,Third Party insurance,Petrol,30000.0,5,29.0,700000,5
1312,Hatchback,Manual,1,Renault KWID,2019,RXL,Chennai,Comprehensive,Petrol,9000.0,5,29.0,460000,5
1313,Hatchback,Manual,1,Maruti Alto 800,2019,VXI BSIV,Chennai,Comprehensive,Petrol,31000.0,5,29.0,395000,5
1314,Hatchback,Manual,1,Volkswagen Polo,2013,1.5 TDI Comfortline,Chennai,Comprehensive,Diesel,81488.0,5,29.0,435000,11
1315,Hatchback,Manual,1,Volkswagen Polo,2019,Cup Edition Comfortline,Chennai,Third Party,Petrol,94439.0,5,29.0,666000,5
1316,Hatchback,Manual,3,Maruti Swift,2013,VXI,Chennai,Third Party insurance,Petrol,98481.0,5,29.0,380000,11
1317,Hatchback,Manual,1,Maruti Baleno,2018,1.2 Alpha,Chennai,Third Party insurance,Petrol,20000.0,5,29.0,700000,6
1318,Sedan,Automatic,2,Volkswagen Vento,2016,1.5 TDI Highline AT,Chennai,Comprehensive,Diesel,100894.0,5,29.0,692000,8
1319,Hatchback,Manual,1,Maruti Swift,2016,VDI BSIV,Chennai,Third Party insurance,Diesel,86215.0,5,29.0,590000,8
1320,Hatchback,Manual,2,Volkswagen Polo,2017,1.2 MPI Highline,Chennai,Third Party,Petrol,98115.0,5,29.0,520000,7
1321,Sedan,Manual,1,Maruti Swift Dzire,2019,ZXi,Chennai,Third Party insurance,Petrol,47125.0,5,29.0,695000,5
1322,Hatchback,Manual,1,Maruti Wagon R,2022,ZXI Plus Dual Tone BSVI,Chennai,Third Party,Petrol,4453.0,5,29.0,607000,2
1323,SUV,Manual,1,Tata Punch,2022,Adventure BSVI,Chennai,Third Party,Petrol,9991.0,5,29.0,688000,2
1324,Hatchback,Manual,1,Maruti Wagon R,2021,VXI,Chennai,Comprehensive,Petrol,4564.0,5,29.0,660000,3
1325,Sedan,Manual,1,Honda City,2021,VX MT,Chennai,Comprehensive,Petrol,13000.0,5,29.0,1245000,3
1326,SUV,Manual,2,Honda WR-V,2017,i-VTEC S,Chennai,Comprehensive,Petrol,55450.0,5,29.0,575000,7
1327,Sedan,Manual,1,Hyundai Xcent,2015,1.2 VTVT S,Chennai,Comprehensive,Petrol,86694.0,5,29.0,405000,9
1328,Sedan,Manual,2,Maruti Swift Dzire,2013,LDI,Chennai,Third Party insurance,Diesel,150000.0,5,29.0,300000,11
1329,Sedan,Manual,0,Honda City,2019,V MT,Chennai,Third Party insurance,Petrol,25284.0,5,29.0,925000,5
1330,Hatchback,Manual,1,Toyota Glanza,2021,G,Chennai,Third Party insurance,Petrol,30000.0,5,29.0,750000,3
1331,Sedan,Automatic,2,BMW 3 Series,2015,320d Sport Line,Chennai,Third Party insurance,Diesel,109000.0,5,29.0,1300000,9
1332,SUV,Manual,1,Kia Sonet,2020,HTX Turbo iMT BSVI,Chennai,Comprehensive,Petrol,49218.0,5,29.0,928000,4
1333,Sedan,Manual,1,Honda City,2021,V MT,Chennai,Comprehensive,Petrol,45568.0,5,29.0,950000,3
1334,SUV,Manual,1,Tata Punch,2022,Adventure BSVI,Chennai,Third Party,Petrol,36035.0,5,29.0,702000,2
1335,SUV,Manual,1,Mahindra XUV300,2020,W4 Diesel BSVI,Chennai,Comprehensive,Diesel,45242.0,5,29.0,844999,4
1336,Hatchback,Automatic,1,Tata Tiago,2019,XZA,Chennai,Comprehensive,Petrol,52979.0,5,29.0,513000,5
1337,Sedan,Manual,2,Honda Amaze,2015,VX Diesel,Chennai,Third Party insurance,Diesel,67130.0,5,29.0,570000,9
1338,Hatchback,Manual,1,Maruti Celerio,2014,VXI,Chennai,Comprehensive,Petrol,67558.0,5,29.0,370000,10
1339,Hatchback,Manual,1,Volkswagen Polo,2014,1.2 MPI Highline,Chennai,Comprehensive,Petrol,55664.0,5,29.0,460000,10
1340,Hatchback,Manual,1,Volkswagen Polo,2014,1.2 MPI Highline,Chennai,Third Party insurance,Petrol,55664.0,5,29.0,460000,10
1341,Hatchback,Manual,1,Hyundai i20,2013,Magna 1.4 CRDi,Chennai,Comprehensive,Diesel,109324.0,5,29.0,365000,11
1342,SUV,Manual,1,Renault Duster,2016,110PS Diesel RxZ AWD,Chennai,Comprehensive,Diesel,72000.0,5,29.0,790000,8
1343,Hatchback,Manual,1,Maruti Swift,2013,VDI,Chennai,Comprehensive,Diesel,86630.0,5,29.0,450000,11
1344,Hatchback,Manual,1,Maruti Wagon R,2014,VXI BS IV,Chennai,Comprehensive,Petrol,82476.0,5,29.0,370000,10
1345,Hatchback,Automatic,2,Hyundai Grand i10 Nios,2019,AMT Sportz,Chennai,Third Party,Petrol,27749.0,5,29.0,665000,5
1346,SUV,Automatic,1,Hyundai Venue,2020,SX Plus Turbo DCT DT,Chennai,Third Party,Petrol,21609.0,5,29.0,1036000,4
1347,Hatchback,Manual,2,Ford Freestyle,2019,Ambiente Diesel,Chennai,Comprehensive,Diesel,83556.0,5,29.0,539000,5
1348,SUV,Manual,1,Tata Punch,2022,Creative Kaziranga Edition,Chennai,Third Party,Petrol,31513.0,5,29.0,847000,2
1349,Sedan,Manual,1,Honda City,2016,SV MT,Chennai,Third Party insurance,Petrol,45939.0,5,29.0,755000,8
1350,Hatchback,Manual,1,Tata Tiago,2020,XE BSVI,Chennai,Third Party insurance,Petrol,40531.0,5,29.0,496000,4
1351,SUV,Automatic,1,Maruti Vitara Brezza,2020,ZXI Plus AT,Chennai,Third Party,Petrol,17663.0,5,29.0,1009000,4
1352,Hatchback,Manual,3,Hyundai Grand i10,2013,Sportz,Chennai,Third Party,Petrol,77706.0,5,29.0,339000,11
1353,Sedan,Manual,1,Honda New Accord,2010,2.4 MT,Chennai,Third Party insurance,Petrol,110000.0,5,29.0,519000,14
1354,Sedan,Automatic,1,Audi A4,2012,2.0 TDI Premium Sport Limited Edition,Chennai,Comprehensive,Diesel,80000.0,5,29.0,1450000,12
1355,SUV,Manual,1,Maruti SX4 S Cross,2018,DDiS 200 Delta,Chennai,Third Party insurance,Diesel,72020.0,5,29.0,825000,6
1356,Hatchback,Manual,0,Maruti Alto,2007,LXi,Chennai,Third Party insurance,Petrol,36385.0,5,29.0,165000,17
1357,Hatchback,Automatic,2,Maruti Baleno,2020,1.2 CVT Alpha,Chennai,Comprehensive,Petrol,24500.0,5,29.0,861000,4
1358,Sedan,Manual,1,Maruti Swift Dzire,2020,VXI BSVI,Chennai,Third Party insurance,Petrol,40000.0,5,29.0,610000,4
1359,Hatchback,Manual,1,Tata Tiago,2021,XZ Plus BSVI,Chennai,Comprehensive,Petrol,12060.0,5,29.0,648000,3
1360,Sedan,Manual,1,Maruti Swift Dzire,2009,VDi,Chennai,Third Party insurance,Diesel,150000.0,5,29.0,250000,15
1361,Hatchback,Manual,2,Hyundai EON,2012,D Lite Plus,Chennai,Comprehensive,Petrol,46931.0,5,29.0,265000,12
1362,Hatchback,Manual,1,Volkswagen Polo,2014,Petrol Highline 1.2L,Chennai,Comprehensive,Petrol,60000.0,5,29.0,490000,10
1363,Sedan,Manual,2,Tata Indigo,2009,GLX,Chennai,Third Party insurance,Petrol,80000.0,5,29.0,114000,15
1364,Sedan,Manual,1,Honda Amaze,2014,S i-Dtech,Chennai,Comprehensive,Diesel,44000.0,5,29.0,475000,10
1365,Sedan,Automatic,1,Honda Amaze,2020,VX CVT Petrol,Chennai,Third Party insurance,Petrol,4786.0,5,29.0,973000,4
1366,Hatchback,Manual,1,Hyundai i20,2018,1.2 Asta,Chennai,Comprehensive,Petrol,39024.0,5,29.0,630000,6
1367,SUV,Manual,1,Hyundai Creta,2018,1.6 E Plus,Chennai,Third Party insurance,Petrol,114386.0,5,29.0,827000,6
1368,Hatchback,Manual,2,Hyundai Grand i10,2019,1.2 Kappa Sportz BSIV,Chennai,Comprehensive,Petrol,16561.0,5,29.0,569000,5
1369,Hatchback,Manual,1,Renault KWID,2021,Climber 1.0 MT Opt,Chennai,Comprehensive,Petrol,23328.0,5,29.0,490000,3
1370,Hatchback,Manual,1,Maruti S-Presso,2020,VXI Plus 2019-2022,Chennai,Comprehensive,Petrol,16473.0,5,29.0,485000,4
1371,Hatchback,Manual,2,Honda Brio,2017,1.2 S MT,Chennai,Third Party,Petrol,46375.0,5,29.0,452000,7
1372,Hatchback,Manual,1,Maruti S-Presso,2020,VXI Plus 2019-2022,Chennai,Comprehensive,Petrol,16473.0,5,29.0,485000,4
1373,Hatchback,Automatic,1,Maruti Baleno,2017,1.2 CVT Zeta,Chennai,Comprehensive,Petrol,91799.0,5,29.0,622000,7
1374,Hatchback,Manual,3,Hyundai i20,2016,Sportz 1.2,Chennai,Comprehensive,Petrol,38919.0,5,29.0,554000,8
1375,Hatchback,Manual,1,Maruti Wagon R,2016,VXI,Chennai,Comprehensive,Petrol,70235.0,5,29.0,375000,8
1376,Sedan,Automatic,1,Honda Amaze,2020,VX CVT Petrol,Chennai,Third Party insurance,Petrol,3989.0,5,29.0,967000,4
1377,Sedan,Manual,1,Honda Amaze,2015,S Diesel,Chennai,Comprehensive,Diesel,91773.0,5,29.0,475000,9
1378,Hatchback,Manual,2,Maruti Alto 800,2019,LXI,Chennai,Third Party insurance,Petrol,60000.0,5,29.0,320000,5
1379,Sedan,Manual,1,Honda Amaze,2018,VX Petrol,Chennai,Comprehensive,Petrol,28906.0,5,29.0,695000,6
1380,Hatchback,Manual,1,Maruti Celerio,2016,ZDi,Chennai,Third Party insurance,Diesel,150000.0,5,29.0,350000,8
1381,Hatchback,Manual,1,Maruti Alto 800,2014,LXI,Chennai,Third Party insurance,Petrol,43428.0,5,29.0,260000,10
1382,Hatchback,Manual,1,Chevrolet Beat,2013,Diesel LS,Chennai,Comprehensive,Diesel,67000.0,5,29.0,285000,11
1383,Hatchback,Automatic,1,Maruti Baleno,2017,1.2 CVT Zeta,Chennai,Comprehensive,Petrol,70528.0,5,29.0,616000,7
1384,Hatchback,Manual,1,Hyundai i20,2016,Asta 1.2,Chennai,Third Party insurance,Petrol,35413.0,5,29.0,594000,8
1385,Hatchback,Manual,2,Maruti Alto 800,2018,VXI Optional,Chennai,Third Party insurance,Petrol,40000.0,5,29.0,320000,6
1386,SUV,Automatic,1,Kia Seltos,2019,GTX Plus DCT,Chennai,Zero Dep,Petrol,83129.0,5,29.0,1400000,5
1387,Sedan,Manual,1,Honda City,2016,SV MT,Chennai,Comprehensive,Petrol,87055.0,5,29.0,600000,8
1388,Hatchback,Manual,2,Hyundai Grand i10,2019,1.2 Kappa Sportz BSIV,Chennai,Third Party insurance,Petrol,37218.0,5,29.0,505000,5
1389,SUV,Manual,1,Hyundai Venue,2019,SX Opt Turbo BSIV,Chennai,Third Party insurance,Petrol,60000.0,5,29.0,900000,5
1390,Hatchback,Manual,1,Hyundai i20,2019,Asta Option BSIV,Chennai,Third Party insurance,Petrol,33640.0,5,29.0,730000,5
1391,Hatchback,Manual,1,Ford Freestyle,2020,Titanium,Chennai,Comprehensive,Petrol,23608.0,5,29.0,648000,4
1392,Hatchback,Manual,1,Hyundai i20,2013,Magna,Chennai,Comprehensive,Petrol,22353.0,5,29.0,435000,11
1393,Sedan,Automatic,1,Skoda Rapid,2017,1.5 TDI AT Style BSIV,Chennai,Third Party insurance,Diesel,120000.0,5,29.0,900000,7
1394,Sedan,Manual,1,Honda City,2018,i-VTEC S,Chennai,Comprehensive,Petrol,54241.0,5,29.0,740000,6
1395,Hatchback,Manual,1,Maruti Wagon R,2012,VXI,Chennai,Third Party insurance,Petrol,86173.0,5,29.0,320000,12
1396,Hatchback,Manual,1,Hyundai i10,2011,Magna,Chennai,Comprehensive,Petrol,91143.0,5,29.0,295000,13
1397,Sedan,Manual,1,Honda City,2015,i VTEC SV,Chennai,Third Party insurance,Petrol,108818.0,5,29.0,530000,9
1398,Hatchback,Manual,2,Volkswagen Polo,2011,Diesel Comfortline 1.2L,Chennai,Third Party insurance,Diesel,120000.0,5,29.0,315000,13
1399,Sedan,Automatic,2,Mercedes-Benz C-Class,2008,220 CDI AT,Chennai,Comprehensive,Diesel,107000.0,5,29.0,850000,16
1400,Hatchback,Manual,1,Hyundai i20,2016,Asta 1.2,Chennai,Comprehensive,Petrol,77957.0,5,29.0,576000,8
1401,Sedan,Manual,1,Maruti Ciaz,2017,ZXi,Chennai,Third Party insurance,Petrol,64341.0,5,29.0,675000,7
1402,Hatchback,Manual,1,Hyundai Grand i10,2017,1.2 Kappa Sportz Option,Chennai,Comprehensive,Petrol,33407.0,5,29.0,518000,7
1403,Hatchback,Manual,1,Datsun RediGO,2021,A,Chennai,Comprehensive,Petrol,14811.0,5,29.0,397000,3
1404,Sedan,Manual,1,Skoda Rapid,2017,1.6 MPI Style BSIV,Chennai,Comprehensive,Petrol,37000.0,5,29.0,775000,7
1405,SUV,Manual,2,Jeep Compass,2017,2.0 Longitude BSIV,Chennai,Third Party,Diesel,49326.0,5,29.0,1166000,7
1406,Sedan,Manual,3,Honda New Accord,2009,2.4 Inspire M/T,Chennai,Third Party insurance,Petrol,120000.0,5,29.0,450000,15
1407,Hatchback,Automatic,1,Tata Tiago NRG,2022,XZA AMT BSVI,Chennai,Zero Dep,Petrol,4939.0,5,29.0,732000,2
1408,SUV,Automatic,1,Ford Ecosport,2014,1.5 Ti VCT AT Titanium,Chennai,Comprehensive,Petrol,82620.0,5,29.0,577000,10
1409,Sedan,Manual,2,Skoda Superb,2009,1.8 TSI MT,Chennai,Third Party insurance,Petrol,60000.0,5,29.0,600000,15
1410,Hatchback,Manual,1,Volkswagen Polo,2015,1.5 TDI Highline,Chennai,Third Party insurance,Diesel,86857.0,5,29.0,510000,9
1411,Sedan,Automatic,3,Mercedes-Benz C-Class,2010,220 CDI AT,Chennai,Third Party insurance,Diesel,70000.0,5,29.0,900000,14
1412,Hatchback,Automatic,1,Maruti Wagon R,2022,VXI AT BSVI,Chennai,Third Party,Petrol,14483.0,5,29.0,625000,2
1413,SUV,Manual,1,Hyundai Creta,2022,E Diesel BSVI,Chennai,Comprehensive,Diesel,19000.0,5,29.0,1275000,2
1414,Hatchback,Manual,1,Ford Figo,2016,1.2P Trend MT,Chennai,Comprehensive,Petrol,36202.0,5,29.0,395000,8
1415,Hatchback,Manual,1,Ford Figo,2017,1.5 Sports Edition MT,Chennai,Third Party insurance,Diesel,70000.0,5,29.0,450000,7
1416,SUV,Manual,1,Hyundai Venue,2022,SX Opt Turbo iMT BSVI,Chennai,Third Party insurance,Petrol,20000.0,5,29.0,1085000,2
1417,Hatchback,Manual,1,Datsun RediGO,2021,A,Chennai,Comprehensive,Petrol,24077.0,5,29.0,400000,3
1418,Sedan,Manual,1,Maruti Swift Dzire,2012,VDi,Chennai,Comprehensive,Diesel,81985.0,5,29.0,485000,12
1419,Sedan,Manual,1,Honda City,2017,i VTEC V,Chennai,Third Party insurance,Petrol,91841.0,5,29.0,681000,7
1420,SUV,Automatic,3,Ford Ecosport,2016,1.5 Ti VCT AT Titanium BSIV,Chennai,Third Party insurance,Petrol,64961.0,5,29.0,621000,8
1421,Hatchback,Automatic,1,Maruti Alto K10,2018,VXI AMT,Chennai,Comprehensive,Petrol,20950.0,5,29.0,410000,6
1422,Hatchback,Manual,2,Hyundai i20,2016,Sportz 1.2,Chennai,Comprehensive,Petrol,94348.0,5,29.0,505000,8
1423,SUV,Manual,1,Hyundai Venue,2022,SX Opt Diesel BSVI,Chennai,Comprehensive,Diesel,32000.0,5,29.0,1290000,2
1424,Hatchback,Manual,1,Hyundai i20,2019,Asta Option BSIV,Chennai,Third Party insurance,Petrol,51744.0,5,29.0,708000,5
1425,Sedan,Manual,1,Honda Amaze,2018,S Petrol,Chennai,Comprehensive,Petrol,19516.0,5,29.0,650000,6
1426,Hatchback,Manual,1,Maruti Swift,2021,VXI,Chennai,Comprehensive,Petrol,29093.0,5,29.0,760000,3
1427,Sedan,Automatic,1,Honda Amaze,2018,V CVT Diesel BSIV,Chennai,Third Party insurance,Diesel,54408.0,5,29.0,785000,6
1428,Hatchback,Manual,1,Maruti Baleno,2019,Zeta,Chennai,Comprehensive,Petrol,16000.0,5,29.0,745000,5
1429,Hatchback,Manual,1,Datsun RediGO,2016,T Option,Chennai,Comprehensive,Petrol,56876.0,5,29.0,270000,8
1430,Hatchback,Manual,1,Volkswagen Polo,2014,Diesel Comfortline 1.2L,Chennai,Third Party insurance,Diesel,50000.0,5,29.0,450000,10
1431,Sedan,Manual,2,Honda Amaze,2015,S Petrol,Chennai,Comprehensive,Petrol,84505.0,5,29.0,420000,9
1432,Hatchback,Manual,1,Maruti Wagon R,2020,VXI,Chennai,Comprehensive,Petrol,22305.0,5,29.0,550000,4
1433,Hatchback,Manual,1,Renault KWID,2019,1.0 RXT Optional,Chennai,Comprehensive,Petrol,33573.0,5,29.0,421000,5
1434,Hatchback,Manual,1,Datsun RediGO,2019,T Option,Chennai,Third Party,Petrol,33615.0,5,29.0,303000,5
1435,Hatchback,Automatic,2,Honda Jazz,2018,VX CVT,Chennai,Third Party insurance,Petrol,30000.0,5,29.0,780000,6
1436,Sedan,Manual,1,Tata Tigor,2020,XZ Plus,Chennai,Comprehensive,Petrol,34935.0,5,29.0,643000,4
1437,Hatchback,Automatic,2,Maruti Celerio,2018,ZXI Optional AMT BSIV,Chennai,Comprehensive,Petrol,66511.0,5,29.0,474000,6
1438,Sedan,Manual,1,Maruti Swift Dzire,2017,VXI 1.2,Chennai,Comprehensive,Petrol,68979.0,5,29.0,644000,7
1439,Hatchback,Automatic,2,Maruti Wagon R,2019,AMT VXI,Chennai,Comprehensive,Petrol,45161.0,5,29.0,519000,5
1440,Hatchback,Manual,1,Maruti Baleno,2019,Zeta,Chennai,Third Party insurance,Petrol,20000.0,5,29.0,725000,5
1441,Hatchback,Automatic,1,Maruti Baleno,2018,Alpha CVT,Chennai,Comprehensive,Petrol,32000.0,5,29.0,725000,6
1442,Hatchback,Manual,1,Hyundai i20,2019,Sportz Plus Diesel,Chennai,Third Party insurance,Diesel,40000.0,5,29.0,750000,5
1443,Sedan,Manual,1,Honda City,2020,SV MT,Chennai,Comprehensive,Petrol,29911.0,5,29.0,950000,4
1444,Sedan,Manual,2,Tata Zest,2018,Quadrajet 1.3 75PS XE,Chennai,Third Party insurance,Diesel,100000.0,5,29.0,525000,6
1445,Hatchback,Manual,1,Maruti Swift,2015,VDI BSIV,Chennai,Comprehensive,Diesel,53764.0,5,29.0,550000,9
1446,Hatchback,Manual,1,Hyundai Grand i10,2015,1.2 Kappa Asta,Chennai,Third Party insurance,Petrol,61455.0,5,29.0,500000,9
1447,SUV,Manual,1,Hyundai Creta,2018,1.6 SX,Chennai,Comprehensive,Petrol,106506.0,5,29.0,894999,6
1448,Sedan,Automatic,2,BMW 5 Series,2012,525d,Chennai,Third Party insurance,Diesel,70000.0,5,29.0,1500000,12
1449,Hatchback,Manual,2,Hyundai Grand i10,2015,Sportz,Chennai,Comprehensive,Petrol,108551.0,5,29.0,392000,9
1450,Sedan,Manual,1,Honda Amaze,2014,S i-Dtech,Chennai,Comprehensive,Diesel,54186.0,5,29.0,470000,10
1451,Sedan,Automatic,2,Volkswagen Vento,2020,1.0 TSI Highline Plus AT,Chennai,Third Party,Petrol,38464.0,5,29.0,1023000,4
1452,Hatchback,Manual,1,Maruti Ignis,2017,Delta BSVI,Chennai,Third Party insurance,Petrol,59841.0,5,29.0,500000,7
1453,SUV,Automatic,1,Kia Seltos,2020,HTX IVT,Chennai,Comprehensive,Petrol,27000.0,5,29.0,1425000,4
1454,Hatchback,Automatic,1,Maruti Alto K10,2018,VXI AMT,Chennai,Comprehensive,Petrol,20950.0,5,29.0,410000,6
1455,SUV,Manual,1,Jeep Compass,2018,2.0 Longitude BSIV,Chennai,Third Party insurance,Diesel,50000.0,5,29.0,1250000,6
1456,SUV,Manual,1,Hyundai Creta,2017,1.6 VTVT SX Plus Dual Tone,Chennai,Comprehensive,Petrol,55927.0,5,29.0,903000,7
1457,Hatchback,Manual,2,Hyundai i20,2014,Magna 1.2,Chennai,Comprehensive,Petrol,35325.0,5,29.0,488000,10
1458,Hatchback,Manual,2,Maruti Baleno,2020,Delta,Chennai,Third Party insurance,Petrol,20000.0,5,29.0,660000,4
1459,Hatchback,Manual,1,Hyundai i20,2017,1.2 Asta Dual Tone,Chennai,Third Party insurance,Petrol,41248.0,5,29.0,604000,7
1460,Hatchback,Manual,1,Tata Tiago,2016,1.2 Revotron XZ,Chennai,Third Party,Petrol,70076.0,5,29.0,417000,8
1461,SUV,Manual,1,Mahindra XUV300,2016,W8 BSVI,Chennai,Comprehensive,Petrol,128398.0,5,29.0,405000,8
1462,Hatchback,Automatic,3,Maruti Wagon R,2017,AMT VXI,Chennai,Comprehensive,Petrol,20973.0,5,29.0,444000,7
1463,Hatchback,Manual,2,Maruti Swift,2007,1.3 VXi,Chennai,Third Party insurance,Petrol,90000.0,5,29.0,220000,17
1464,Sedan,Manual,1,Hyundai Aura,2020,E,Chennai,Comprehensive,Petrol,98807.0,5,29.0,615000,4
1465,Hatchback,Automatic,1,Hyundai Grand i10,2018,AT Sportz,Chennai,Comprehensive,Petrol,18837.0,5,29.0,650000,6
1466,SUV,Manual,1,Jeep Compass,2018,2.0 Limited,Chennai,Comprehensive,Diesel,50000.0,5,29.0,1400000,6
1467,Hatchback,Manual,1,Hyundai EON,2012,Magna Plus,Chennai,Third Party insurance,Petrol,120000.0,5,29.0,210000,12
1468,Hatchback,Manual,1,Maruti Alto 800,2020,VXI Plus BSVI,Chennai,Third Party insurance,Petrol,10000.0,5,29.0,400000,4
1469,Hatchback,Automatic,1,Maruti Celerio,2015,VXi AMT,Chennai,Comprehensive,Petrol,128876.0,5,29.0,350000,9
1470,Hatchback,Manual,0,Maruti Wagon R,2016,VXI Optional,Chennai,Third Party insurance,Petrol,37942.0,5,29.0,430000,8
1471,Hatchback,Manual,1,Hyundai Grand i10,2018,1.2 Kappa Sportz BSIV,Chennai,Comprehensive,Petrol,37300.0,5,29.0,515000,6
1472,Hatchback,Manual,1,Hyundai i20,2014,Magna 1.4 CRDi,Chennai,Comprehensive,Diesel,82784.0,5,29.0,492000,10
1473,Sedan,Manual,1,Maruti Swift Dzire,2021,ZXI BSVI,Chennai,Third Party,Petrol,63274.0,5,29.0,731000,3
1474,Hatchback,Automatic,1,Maruti Alto K10,2015,VXI AMT,Chennai,Comprehensive,Petrol,87521.0,5,29.0,345000,9
1475,Hatchback,Manual,2,Hyundai i20 Active,2017,1.2 S,Chennai,Third Party,Petrol,77388.0,5,29.0,523000,7
1476,Hatchback,Manual,1,Maruti Wagon R,2014,VXI BS IV,Chennai,Comprehensive,Petrol,114772.0,5,29.0,302000,10
1477,Sedan,Manual,1,Honda City,2021,VX MT,Chennai,Third Party insurance,Petrol,20000.0,5,29.0,1350000,3
1478,Hatchback,Manual,1,Hyundai Santro,2019,Magna BSIV,Chennai,Comprehensive,Petrol,59985.0,5,29.0,472000,5
1479,Sedan,Manual,2,Maruti Ciaz,2017,1.4 Alpha,Chennai,Comprehensive,Petrol,104073.0,5,29.0,564000,7
1480,Sedan,Manual,2,Hyundai Xcent,2017,1.2 CRDi E Plus,Chennai,Third Party insurance,Diesel,100000.0,5,29.0,410000,7
1481,Hatchback,Manual,1,Tata Tiago,2017,1.05 Revotorq XZ WO Alloy,Chennai,Third Party insurance,Diesel,120000.0,5,29.0,470000,7
1482,Hatchback,Automatic,1,Maruti Baleno,2017,1.2 CVT Zeta,Chennai,Comprehensive,Petrol,53819.0,5,29.0,630000,7
1483,Hatchback,Manual,1,Ford Figo,2016,1.5D Trend MT,Chennai,Third Party insurance,Diesel,98914.0,5,29.0,375000,8
1484,Sedan,Manual,1,Volkswagen Ameo,2017,1.5 TDI Highline,Chennai,Third Party insurance,Diesel,110000.0,5,29.0,520000,7
1485,Hatchback,Automatic,1,Hyundai i20,2019,Sportz Plus CVT,Chennai,Comprehensive,Petrol,35000.0,5,29.0,800000,5
1486,Hatchback,Manual,1,Honda Jazz,2017,1.2 SV i VTEC,Chennai,Third Party insurance,Petrol,35983.0,5,29.0,575000,7
1487,Sedan,Manual,1,Hyundai Xcent,2018,1.2 VTVT S,Chennai,Zero Dep,Petrol,23325.0,5,29.0,562000,6
1488,Hatchback,Automatic,1,Honda Jazz,2018,V CVT,Chennai,Comprehensive,Petrol,51690.0,5,29.0,690000,6
1489,Hatchback,Manual,2,Hyundai i20 Active,2017,1.2 SX,Chennai,Comprehensive,Petrol,69786.0,5,29.0,573000,7
1490,Sedan,Automatic,2,Tata Tigor,2018,XZA,Chennai,Comprehensive,Petrol,53612.0,5,29.0,558000,6
1491,Hatchback,Manual,1,Maruti Swift,2018,VXI,Chennai,Comprehensive,Petrol,41502.0,5,29.0,580000,6
1492,SUV,Manual,2,Honda WR-V,2017,i-VTEC VX,Chennai,Third Party insurance,Petrol,43841.0,5,29.0,684000,7
1493,SUV,Automatic,1,Ford Ecosport,2018,1.5 Petrol Titanium Plus AT BSIV,Chennai,Comprehensive,Petrol,77380.0,5,29.0,762000,6
1494,Hatchback,Manual,1,Maruti Baleno RS,2018,1.0 Petrol,Chennai,Third Party insurance,Petrol,69269.0,5,29.0,663000,6
1495,SUV,Manual,1,Maruti SX4 S Cross,2018,DDiS 200 Sigma,Chennai,Third Party insurance,Diesel,53060.0,5,29.0,869999,6
1496,Sedan,Manual,2,Mitsubishi Cedia,2011,Sports,Chennai,Third Party insurance,Petrol,70000.0,5,29.0,320000,13
1497,SUV,Manual,1,Ford Ecosport,2021,1.5 Diesel Titanium,Chennai,Third Party insurance,Diesel,40000.0,5,29.0,950000,3
1498,Sedan,Manual,2,Maruti Swift Dzire,2008,ZXi,Chennai,Third Party insurance,Petrol,68283.0,5,29.0,245000,16
1499,SUV,Manual,1,Hyundai Creta,2018,1.4 E Plus,Chennai,Comprehensive,Diesel,49000.0,5,29.0,1080000,6
1500,Hatchback,Manual,2,Hyundai i20,2016,Asta Option 1.2,Chennai,Third Party insurance,Petrol,47547.0,5,29.0,608000,8
1501,Hatchback,Manual,2,Hyundai i20 Active,2017,1.4 SX,Chennai,Third Party insurance,Diesel,100844.0,5,29.0,698000,7
1502,Hatchback,Manual,1,Hyundai i20,2014,Asta 1.4 CRDi,Chennai,Third Party insurance,Diesel,111275.0,5,29.0,502000,10
1503,SUV,Automatic,2,Hyundai Creta,2018,1.6 SX Automatic,Chennai,Comprehensive,Petrol,71770.0,5,29.0,1027000,6
1504,SUV,Manual,1,Honda WR-V,2017,i-VTEC VX,Chennai,Comprehensive,Petrol,55435.0,5,29.0,769000,7
1505,Sedan,Automatic,1,Maruti Swift Dzire,2016,VXi AT,Chennai,Third Party insurance,Petrol,51396.0,5,29.0,595000,8
1506,Hatchback,Manual,2,Maruti Wagon R Stingray,2015,VXI,Chennai,Comprehensive,Petrol,79063.0,5,29.0,375000,9
1507,Sedan,Manual,1,Maruti Ciaz,2015,ZXi Plus,Chennai,Comprehensive,Petrol,89570.0,5,29.0,585000,9
1508,Sedan,Manual,2,Hyundai Verna,2012,1.6 SX VTVT,Chennai,Third Party insurance,Petrol,50000.0,5,29.0,450000,12
1509,Sedan,Automatic,2,BMW 3 Series,2012,320d Sport Line,Chennai,Third Party insurance,Diesel,100000.0,5,29.0,995000,12
1510,Hatchback,Manual,3,Volkswagen Polo,2014,1.2 MPI Highline,Chennai,Third Party insurance,Petrol,120000.0,5,29.0,350000,10
1511,Sedan,Automatic,1,Maruti Ciaz,2018,Alpha Automatic BSIV,Chennai,Comprehensive,Petrol,77204.0,5,29.0,730000,6
1512,Sedan,Automatic,2,BMW 5 Series,2012,525d,Chennai,Third Party insurance,Diesel,70000.0,5,29.0,1000000,12
1513,Sedan,Automatic,2,BMW 3 Series,2012,320d,Chennai,Comprehensive,Diesel,55000.0,5,29.0,1350000,12
1514,SUV,Manual,1,Ford Ecosport,2018,1.0 Ecoboost Titanium Plus BSIV,Chennai,Third Party insurance,Petrol,64285.0,5,29.0,860000,6
1515,Hatchback,Manual,3,Hyundai i20,2014,Sportz 1.4 CRDi,Chennai,Zero Dep,Diesel,76697.0,5,29.0,485000,10
1516,Sedan,Automatic,1,Maruti Swift Dzire,2017,AMT ZXI Plus,Chennai,Third Party,Petrol,95291.0,5,29.0,636000,7
1517,SUV,Automatic,1,Renault Kiger,2021,RXT AMT,Chennai,Comprehensive,Petrol,8000.0,5,29.0,825000,3
1518,Hatchback,Manual,1,Datsun RediGO,2021,1.0 T Option,Chennai,Zero Dep,Petrol,49254.0,5,29.0,393000,3
1519,SUV,Manual,1,Kia Sonet,2021,HTX Diesel iMT BSVI,Chennai,Third Party insurance,Diesel,20000.0,5,29.0,1100000,3
1520,Hatchback,Manual,2,Hyundai Grand i10,2016,Sportz,Chennai,Third Party,Petrol,97522.0,5,29.0,420000,8
1521,SUV,Manual,1,Ford Ecosport,2017,1.0 Ecoboost Titanium Plus BSIV,Chennai,Zero Dep,Petrol,34097.0,5,29.0,704000,7
1522,SUV,Automatic,1,Nissan Magnite,2022,Turbo CVT XV BSVI,Chennai,Third Party insurance,Petrol,10000.0,5,29.0,950000,2
1523,Hatchback,Manual,3,Fiat Grande Punto,2010,1.4 Emotion,Chennai,Third Party insurance,Petrol,80000.0,5,29.0,120000,14
1524,Sedan,Manual,1,Maruti Swift Dzire,2021,VXI,Chennai,Comprehensive,Petrol,25581.0,5,29.0,750000,3
1525,Hatchback,Automatic,2,Renault KWID,2019,1.0 AMT RXT,Chennai,Third Party insurance,Petrol,20000.0,5,29.0,410000,5
1526,Hatchback,Manual,1,Maruti Baleno,2016,1.3 Alpha,Chennai,Third Party insurance,Diesel,123394.0,5,29.0,622000,8
1527,Hatchback,Manual,2,Volkswagen Polo,2018,1.5 TDI Highline Plus,Chennai,Comprehensive,Diesel,106275.0,5,29.0,730000,6
1528,Sedan,Manual,1,Honda City,2019,ZX MT,Chennai,Third Party insurance,Petrol,58416.0,5,29.0,950000,5
1529,Hatchback,Manual,2,Maruti Alto K10,2017,VXI,Chennai,Comprehensive,Petrol,18704.0,5,29.0,357000,7
1530,Sedan,Manual,1,Honda City,2015,i VTEC V,Chennai,Comprehensive,Petrol,27166.0,5,29.0,621000,9
1531,Sedan,Automatic,2,Honda City,2020,VX CVT,Chennai,Third Party insurance,Petrol,30000.0,5,29.0,1125000,4
1532,SUV,Automatic,1,Hyundai Creta,2017,1.6 CRDi AT SX Plus,Chennai,Comprehensive,Diesel,45000.0,5,29.0,1215000,7
1533,Hatchback,Manual,1,Hyundai i20,2016,Asta 1.2,Chennai,Third Party,Petrol,17160.0,5,29.0,635000,8
1534,SUV,Manual,1,Volkswagen Taigun,2022,1.0 TSI Topline BSVI,Chennai,Third Party,Petrol,15817.0,5,29.0,1466000,2
1535,Hatchback,Manual,2,Renault KWID,2021,Climber 1.0 MT Opt,Chennai,Third Party insurance,Petrol,10000.0,5,29.0,500000,3
1536,Hatchback,Manual,0,Renault KWID,2020,1.0 RXT Opt,Chennai,Third Party insurance,Petrol,31268.0,5,29.0,425000,4
1537,Hatchback,Manual,1,Maruti Celerio,2019,ZXI,Chennai,Third Party insurance,Petrol,7267.0,5,29.0,500000,5
1538,Hatchback,Manual,2,Honda Jazz,2017,1.2 VX i VTEC,Chennai,Third Party insurance,Petrol,30000.0,5,29.0,550000,7
1539,SUV,Manual,1,Honda WR-V,2018,i-VTEC VX,Chennai,Third Party insurance,Petrol,30742.0,5,29.0,770000,6
1540,Hatchback,Manual,1,Maruti Swift,2014,VDI Optional,Chennai,Third Party insurance,Diesel,110000.0,5,29.0,390000,10
1541,SUV,Automatic,1,Tata Nexon,2021,XZA Plus Dark Edition Diesel,Chennai,Comprehensive,Diesel,29351.0,5,29.0,1105000,3
1542,Sedan,Manual,2,Maruti Ciaz,2016,VXi Plus,Chennai,Third Party insurance,Petrol,50000.0,5,29.0,580000,8
1543,Hatchback,Automatic,1,Maruti Baleno,2017,1.2 CVT Zeta,Chennai,Comprehensive,Petrol,14696.0,5,29.0,659000,7
1544,Hatchback,Manual,1,Renault KWID,2016,RXT,Chennai,Comprehensive,Petrol,27153.0,5,29.0,356000,8
1545,Hatchback,Manual,1,Hyundai Grand i10,2016,Sportz,Chennai,Third Party insurance,Petrol,50000.0,5,29.0,480000,8
1546,Hatchback,Manual,1,Volkswagen Polo,2017,1.2 MPI Highline,Chennai,Third Party insurance,Petrol,40480.0,5,29.0,625000,7
1547,Hatchback,Manual,2,Maruti Celerio,2017,ZXI,Chennai,Comprehensive,Petrol,31239.0,5,29.0,516000,7
1548,Sedan,Manual,1,Maruti Ciaz,2018,1.3 Delta,Chennai,Third Party insurance,Diesel,20000.0,5,29.0,950000,6
1549,Hatchback,Manual,0,Maruti Alto,2009,LXi,Chennai,Third Party insurance,Petrol,68767.0,5,29.0,180000,15
1550,SUV,Manual,1,Kia Sonet,2022,HTK Plus BSVI,Chennai,Third Party insurance,Petrol,10000.0,5,29.0,900000,2
1551,Hatchback,Manual,1,Maruti Alto 800,2013,LXI,Chennai,Comprehensive,Petrol,42600.0,5,29.0,205000,11
1552,Hatchback,Manual,0,Maruti Baleno,2021,Delta,Chennai,Third Party insurance,Petrol,13270.0,5,29.0,710000,3
1553,Sedan,Manual,1,Maruti Swift Dzire,2019,VXI 1.2,Chennai,Third Party insurance,Petrol,40000.0,5,29.0,630000,5
1554,Sedan,Manual,3,Ford Fiesta,2009,1.6 SXI ABS Duratec,Chennai,Third Party insurance,Petrol,120000.0,5,29.0,155000,15
1555,Sedan,Manual,2,Honda City,2017,i VTEC V,Chennai,Third Party insurance,Petrol,22286.0,5,29.0,799000,7
1556,Hatchback,Manual,1,Maruti Wagon R,2022,ZXI 1.2,Chennai,Comprehensive,Petrol,12132.0,5,29.0,630000,2
1557,Hatchback,Manual,1,Tata Tiago,2018,XT BSVI,Chennai,Third Party insurance,Petrol,79048.0,5,29.0,415000,6
1558,Hatchback,Manual,3,Tata Tiago,2016,1.2 Revotron XZ,Chennai,Third Party insurance,Petrol,48360.0,5,29.0,417000,8
1559,Hatchback,Manual,2,Renault KWID,2016,RXT,Chennai,Comprehensive,Petrol,54538.0,5,29.0,334000,8
1560,Sedan,Manual,1,Maruti Swift Dzire,2017,VXI,Chennai,Third Party insurance,Petrol,32157.0,5,29.0,590000,7
1561,SUV,Manual,1,Kia Seltos,2019,HTK Plus G,Chennai,Zero Dep,Petrol,34182.0,5,29.0,1029000,5
1562,SUV,Manual,1,Nissan Magnite,2021,XV BSVI,Chennai,Comprehensive,Petrol,81508.0,5,29.0,711000,3
1563,SUV,Automatic,2,Tata Nexon,2020,XZA Plus (O) AMT,Chennai,Comprehensive,Petrol,42036.0,5,29.0,950000,4
1564,Sedan,Manual,3,Chevrolet Aveo,2008,1.4 LS,Chennai,Third Party insurance,Petrol,80000.0,5,29.0,140000,16
1565,SUV,Manual,1,Honda WR-V,2017,i-VTEC VX,Chennai,Third Party insurance,Petrol,29640.0,5,29.0,760000,7
1566,Hatchback,Manual,3,Hyundai i20,2012,Magna 1.4 CRDi (Diesel),Chennai,Third Party insurance,Diesel,100000.0,5,29.0,300000,12
1567,SUV,Manual,1,Ford Ecosport,2020,Sports Diesel,Chennai,Comprehensive,Diesel,32000.0,5,29.0,1080000,4
1568,Sedan,Manual,2,Maruti Ciaz,2016,ZXi,Chennai,Third Party insurance,Petrol,23678.0,5,29.0,650000,8
1569,Hatchback,Manual,1,Maruti Baleno,2018,Zeta,Chennai,Comprehensive,Petrol,38502.0,5,29.0,680000,6
1570,Hatchback,Manual,2,Ford Figo,2020,Titanium,Chennai,Third Party insurance,Petrol,30000.0,5,29.0,515000,4
1571,Hatchback,Manual,1,Hyundai Grand i10,2019,1.2 Kappa Magna BSIV,Chennai,Comprehensive,Petrol,40091.0,5,29.0,520000,5
1572,Hatchback,Manual,1,Renault KWID,2016,RXT,Chennai,Third Party,Petrol,48113.0,5,29.0,344000,8
1573,SUV,Manual,1,Hyundai Venue,2021,SX Turbo,Chennai,Comprehensive,Petrol,50486.0,5,29.0,923000,3
1574,Sedan,Automatic,2,Mercedes-Benz C-Class,2008,C 200 Kompressor Elegance AT,Chennai,Third Party insurance,Petrol,50000.0,5,29.0,750000,16
1575,Sedan,Automatic,1,Maruti Swift Dzire,2017,AMT VXI,Chennai,Third Party insurance,Petrol,33246.0,5,29.0,637000,7
1576,Hatchback,Manual,1,Renault KWID,2021,Climber 1.0 MT Opt,Chennai,Comprehensive,Petrol,31754.0,5,29.0,454000,3
1577,SUV,Manual,2,Jeep Compass,2018,2.0 Limited,Chennai,Third Party,Diesel,91992.0,5,29.0,1184000,6
1578,SUV,Manual,1,Maruti Vitara Brezza,2019,VDi,Chennai,Third Party insurance,Diesel,70000.0,5,29.0,760000,5
1579,Hatchback,Manual,1,Hyundai Grand i10,2019,1.2 Kappa Sportz BSIV,Chennai,Third Party insurance,Petrol,30000.0,5,29.0,545000,5
1580,Sedan,Automatic,2,Skoda Rapid,2013,Ultima 1.6 MPI AT Elegance,Chennai,Third Party insurance,Petrol,50000.0,5,29.0,400000,11
1581,Hatchback,Manual,1,Maruti Wagon R,2010,LXI,Chennai,Comprehensive,Petrol,53250.0,5,29.0,255000,14
1582,Hatchback,Manual,1,Skoda Fabia,2010,1.4 TDI Classic,Chennai,Third Party insurance,Diesel,51555.0,5,29.0,250000,14
1583,Hatchback,Manual,1,Maruti Swift,2022,VXI BSVI,Chennai,Third Party insurance,Petrol,10000.0,5,29.0,750000,2
1584,Hatchback,Manual,1,Hyundai i20,2019,Sportz Plus Diesel,Chennai,Third Party insurance,Diesel,40000.0,5,29.0,700000,5
1585,Sedan,Manual,1,Honda City,2011,S,Chennai,Third Party insurance,Petrol,110000.0,5,29.0,365000,13
1586,Sedan,Manual,1,Honda City,2017,i-VTEC V,Chennai,Third Party insurance,Petrol,60000.0,5,29.0,750000,7
1587,Hatchback,Manual,3,Hyundai EON,2014,Era Plus,Chennai,Third Party insurance,Petrol,85486.0,5,29.0,254000,10
1588,Hatchback,Automatic,1,Tata Altroz,2022,XZA DCT BSVI,Chennai,Third Party,Petrol,5022.0,5,29.0,925000,2
1589,Hatchback,Automatic,1,Maruti Baleno,2019,Alpha CVT,Chennai,Comprehensive,Petrol,39386.0,5,29.0,750000,5
1590,Hatchback,Manual,2,Renault KWID,2016,RXT,Chennai,Third Party insurance,Petrol,72679.0,5,29.0,326000,8
1591,Hatchback,Manual,2,Hyundai Grand i10,2015,Asta,Chennai,Comprehensive,Petrol,83738.0,5,29.0,432000,9
1592,Hatchback,Manual,1,Volkswagen Polo,2021,1.2 MPI Highline,Chennai,Third Party insurance,Petrol,10551.0,5,29.0,950000,3
1593,Hatchback,Automatic,3,Maruti Celerio,2019,VXI Optional AMT BSIV,Chennai,Zero Dep,Petrol,31795.0,5,29.0,479000,5
1594,Hatchback,Manual,2,Maruti Ritz,2009,VXI,Chennai,Comprehensive,Petrol,76656.0,5,29.0,230000,15
1595,Hatchback,Manual,1,Datsun RediGO,2017,T Option,Chennai,Comprehensive,Petrol,52524.0,5,29.0,301000,7
1596,Hatchback,Manual,1,Maruti Swift,2013,VDI,Chennai,Comprehensive,Diesel,96165.0,5,29.0,443000,11
1597,Hatchback,Manual,1,Hyundai i20,2014,Sportz 1.4 CRDi,Chennai,Comprehensive,Diesel,92860.0,5,29.0,440000,10
1598,Hatchback,Manual,1,Maruti Alto,2007,LXi,Chennai,Comprehensive,Petrol,36383.0,5,29.0,165000,17
1599,SUV,Automatic,1,Kia Sonet,2021,GTX Plus Turbo DCT BSVI,Chennai,Comprehensive,Petrol,26000.0,5,29.0,1225000,3
1600,Hatchback,Automatic,1,Maruti Swift,2018,AMT VXI,Chennai,Comprehensive,Petrol,42891.0,5,29.0,620000,6
1601,Hatchback,Manual,1,Maruti Wagon R,2015,VXI,Chennai,Comprehensive,Petrol,34640.0,5,29.0,395000,9
1602,Hatchback,Manual,1,Maruti Baleno,2017,1.2 Zeta,Chennai,Third Party insurance,Petrol,40000.0,5,29.0,580000,7
1603,Sedan,Manual,0,Maruti Swift Dzire,2009,Vdi BSIV,Chennai,Third Party insurance,Diesel,129306.0,5,29.0,310000,15
1604,SUV,Manual,1,Volkswagen Taigun,2021,1.0 TSI Topline BSVI,Chennai,Comprehensive,Petrol,42662.0,5,29.0,1450000,3
1605,Sedan,Automatic,1,Hyundai Xcent,2016,1.2 Kappa S AT,Chennai,Comprehensive,Petrol,64011.0,5,29.0,525000,8
1606,Hatchback,Manual,3,Maruti Swift,2013,VXI,Chennai,Comprehensive,Petrol,85750.0,5,29.0,410000,11
1607,Hatchback,Manual,1,Honda Jazz,2021,ZX,Chennai,Comprehensive,Petrol,24774.0,5,29.0,865000,3
1608,Hatchback,Manual,1,Hyundai Grand i10,2019,1.2 Kappa Sportz BSIV,Chennai,Third Party,Petrol,74348.0,5,29.0,581000,5
1609,Sedan,Manual,1,Tata Tigor,2017,1.2 Revotron XZ,Chennai,Third Party,Petrol,40711.0,5,29.0,518000,7
1610,Hatchback,Automatic,1,Maruti Baleno,2019,Alpha CVT,Chennai,Comprehensive,Petrol,39386.0,5,29.0,790000,5
1611,Hatchback,Manual,2,Maruti Baleno,2016,1.2 Delta,Chennai,Third Party insurance,Petrol,93806.0,5,29.0,547000,8
1612,Hatchback,Manual,1,Tata Tiago,2016,1.2 Revotron XZ,Chennai,Third Party insurance,Petrol,86304.0,5,29.0,407000,8
1613,SUV,Manual,2,Honda WR-V,2019,i-VTEC VX,Chennai,Third Party,Petrol,46566.0,5,29.0,692000,5
1614,Hatchback,Manual,1,Maruti Swift,2015,LXI,Chennai,Third Party insurance,Petrol,74367.0,5,29.0,455000,9
1615,Hatchback,Manual,1,Maruti Alto 800,2016,LXI,Chennai,Comprehensive,Petrol,48098.0,5,29.0,295000,8
1616,Hatchback,Manual,2,Hyundai i10,2014,Magna,Chennai,Third Party insurance,Petrol,61696.0,5,29.0,340000,10
1617,Hatchback,Manual,1,Tata Indica,2007,DLS,Chennai,Third Party insurance,Diesel,110000.0,5,29.0,100000,17
1618,Hatchback,Manual,1,Maruti Celerio,2015,VXI,Chennai,Third Party insurance,Petrol,85223.0,5,29.0,365000,9
1619,Hatchback,Manual,1,Volkswagen Polo,2016,1.2 MPI Highline,Chennai,Comprehensive,Petrol,33961.0,5,29.0,660000,8
1620,Hatchback,Manual,3,Maruti Baleno,2017,1.2 Alpha,Chennai,Third Party,Petrol,36573.0,5,29.0,563000,7
1621,Hatchback,Automatic,1,Maruti Wagon R,2016,AMT VXI Option,Chennai,Comprehensive,Petrol,45636.0,5,29.0,436000,8
1622,Sedan,Automatic,1,Maruti Ciaz,2017,AT ZXi,Chennai,Comprehensive,Petrol,58698.0,5,29.0,681000,7
1623,Hatchback,Manual,1,Maruti Wagon R,2023,VXI BSVI,Chennai,Third Party insurance,Petrol,10000.0,5,29.0,590000,1
1624,Hatchback,Manual,1,Maruti Baleno,2016,1.3 Alpha,Chennai,Comprehensive,Diesel,77603.0,5,29.0,632000,8
1625,SUV,Automatic,1,Maruti Vitara Brezza,2019,ZDi Plus AMT Dual Tone,Chennai,Third Party insurance,Diesel,60000.0,5,29.0,890000,5
1626,Sedan,Automatic,2,Honda Amaze,2018,V CVT Diesel BSIV,Chennai,Comprehensive,Diesel,65675.0,5,29.0,726000,6
1627,Sedan,Manual,1,Maruti Swift Dzire,2015,VDI,Chennai,Comprehensive,Diesel,120797.0,5,29.0,551000,9
1628,Hatchback,Automatic,1,Hyundai i20,2019,Asta Option CVT BSIV,Chennai,Third Party insurance,Petrol,10000.0,5,29.0,850000,5
1629,Hatchback,Manual,2,Maruti Alto K10,2018,VXI,Chennai,Third Party insurance,Petrol,18228.0,5,29.0,382000,6
1630,Sedan,Manual,1,Maruti Swift Dzire,2017,LDi,Chennai,Comprehensive,Diesel,33654.0,5,29.0,765000,7
1631,Hatchback,Manual,1,Renault KWID,2018,1.0 RXT Optional,Chennai,Comprehensive,Petrol,45333.0,5,29.0,390000,6
1632,Hatchback,Manual,1,Maruti Swift,2013,ZDi,Chennai,Comprehensive,Diesel,95535.0,5,29.0,455000,11
1633,Hatchback,Manual,2,Volkswagen Polo,2015,1.5 TDI Highline,Chennai,Third Party insurance,Diesel,80000.0,5,29.0,520000,9
1634,SUV,Manual,2,Honda WR-V,2017,i-VTEC VX,Chennai,Third Party insurance,Petrol,42375.0,5,29.0,782000,7
1635,Sedan,Manual,2,Hyundai Xcent,2018,1.2 CRDi SX,Chennai,Third Party insurance,Diesel,63155.0,5,29.0,611000,6
1636,Sedan,Manual,1,Maruti Swift Dzire,2014,VDI,Chennai,Third Party,Diesel,106121.0,5,29.0,515000,10
1637,Hatchback,Manual,1,Maruti Swift,2022,VXI,Chennai,Comprehensive,Petrol,51012.0,5,29.0,679000,2
1638,SUV,Manual,1,Kia Sonet,2022,HTK Plus,Chennai,Comprehensive,Petrol,16000.0,5,29.0,945000,2
1639,SUV,Manual,1,Renault Duster,2018,110PS Diesel RxZ,Chennai,Third Party,Diesel,72898.0,5,29.0,885000,6
1640,Hatchback,Manual,1,Hyundai i20,2018,1.2 Spotz,Chennai,Zero Dep,Petrol,97326.0,5,29.0,574000,6
1641,SUV,Manual,1,Honda WR-V,2018,i-DTEC VX,Chennai,Comprehensive,Diesel,1870.0,5,29.0,710000,6
1642,Hatchback,Automatic,1,Hyundai Santro,2022,Sportz AMT,Chennai,Third Party insurance,Petrol,10000.0,5,29.0,620000,2
1643,Hatchback,Manual,1,Chevrolet Beat,2016,Diesel LS,Chennai,Third Party insurance,Diesel,110000.0,5,29.0,225000,8
1644,Hatchback,Manual,1,Maruti Ignis,2017,1.2 Delta BSIV,Chennai,Third Party insurance,Petrol,20000.0,5,29.0,500000,7
1645,SUV,Manual,1,Hyundai Creta,2018,1.6 CRDi SX Plus,Chennai,Third Party insurance,Diesel,70000.0,5,29.0,1150000,6
1646,Hatchback,Manual,1,Datsun RediGO,2018,T Option,Chennai,Third Party insurance,Petrol,30000.0,5,29.0,285000,6
1647,Sedan,Manual,2,Honda City,2015,VX MT,Chennai,Comprehensive,Petrol,71887.0,5,29.0,550000,9
1648,SUV,Automatic,2,Skoda Kushaq,2021,1.0 TSI Style AT BSVI,Chennai,Third Party insurance,Petrol,20000.0,5,29.0,1300000,3
1649,SUV,Manual,2,Renault Duster,2018,1.5 Petrol RXE,Chennai,Third Party,Petrol,61426.0,5,29.0,678000,6
1650,Hatchback,Manual,2,Toyota Etios Liva,2012,G,Chennai,Third Party insurance,Petrol,121735.0,5,29.0,310000,12
1651,Hatchback,Manual,1,Maruti Swift,2013,VDI,Chennai,Comprehensive,Diesel,71195.0,5,29.0,431000,11
1652,Sedan,Automatic,1,Volkswagen Vento,2016,1.2 TSI Highline AT,Chennai,Third Party,Petrol,91700.0,5,29.0,728000,8
1653,Hatchback,Manual,0,Maruti Alto K10,2015,VXI,Chennai,Third Party insurance,Petrol,132724.0,5,29.0,225000,9
1654,SUV,Manual,1,Maruti Vitara Brezza,2016,ZDi,Chennai,Comprehensive,Diesel,59232.0,5,29.0,861000,8
1655,Hatchback,Automatic,1,Volkswagen Polo,2017,GT TSI,Chennai,Third Party insurance,Petrol,55023.0,5,29.0,780000,7
1656,SUV,Manual,1,Hyundai Creta,2020,SX Diesel BSVI,Chennai,Third Party,Diesel,58323.0,5,29.0,1478000,4
1657,SUV,Manual,1,Maruti Vitara Brezza,2018,VDi,Chennai,Comprehensive,Diesel,52743.0,5,29.0,800000,6
1658,Sedan,Manual,2,Hyundai Verna,2012,1.6 CRDI,Chennai,Third Party insurance,Diesel,100000.0,5,29.0,420000,12
1659,Hatchback,Manual,1,Maruti Swift,2011,1.2 VXi BSII,Chennai,Comprehensive,Petrol,111350.0,5,29.0,290000,13
1660,Hatchback,Manual,1,Tata Tiago,2022,XT CNG BSVI,Chennai,Third Party insurance,CNG,20000.0,5,29.0,650000,2
1661,Sedan,Manual,1,Ford Aspire,2017,1.5 TDCi Titanium,Chennai,Third Party insurance,Diesel,63134.0,5,29.0,500000,7
1662,Sedan,Automatic,1,Honda City,2019,V CVT,Chennai,Third Party insurance,Petrol,89547.0,5,29.0,790000,5
1663,SUV,Manual,1,Ford Ecosport,2018,1.5 Diesel Titanium Plus,Chennai,Comprehensive,Diesel,25000.0,5,29.0,900000,6
1664,Hatchback,Manual,2,Volkswagen Polo,2016,1.2 MPI Highline,Chennai,Third Party,Petrol,61583.0,5,29.0,568000,8
1665,Sedan,Manual,1,Honda Amaze,2015,SX i-DTEC,Chennai,Third Party,Diesel,102002.0,5,29.0,461000,9
1666,Hatchback,Manual,2,Maruti Wagon R,2016,VXI,Chennai,Comprehensive,Petrol,38980.0,5,29.0,400000,8
1667,Sedan,Automatic,1,Hyundai Elantra,2017,2.0 SX Option AT,Chennai,Third Party,Petrol,108463.0,5,29.0,983000,7
1668,SUV,Manual,1,Honda WR-V,2017,i-VTEC VX,Chennai,Zero Dep,Petrol,30033.0,5,29.0,739000,7
1669,Hatchback,Manual,1,Renault KWID,2016,RXT,Chennai,Comprehensive,Petrol,29084.0,5,29.0,340000,8
1670,Hatchback,Manual,3,Maruti Celerio,2016,VXI Optional,Chennai,Third Party,Petrol,69437.0,5,29.0,366000,8
1671,Sedan,Manual,2,Honda New Accord,2009,2.4 MT,Chennai,Third Party insurance,Petrol,70000.0,5,29.0,300000,15
1672,Hatchback,Manual,3,Maruti Swift,2013,VXI,Chennai,Comprehensive,Petrol,88122.0,5,29.0,368000,11
1673,Sedan,Manual,2,Volkswagen Vento,2011,Petrol Highline,Chennai,Third Party,Petrol,98263.0,5,29.0,346000,13
1674,Hatchback,Manual,2,Honda Jazz,2016,1.2 SV i VTEC,Chennai,Comprehensive,Petrol,73674.0,5,29.0,450000,8
1675,Hatchback,Manual,1,Maruti Celerio,2016,ZXI,Chennai,Comprehensive,Petrol,37718.0,5,29.0,450000,8
1676,Hatchback,Manual,1,Honda Jazz,2016,1.5 VX i DTEC,Chennai,Third Party insurance,Diesel,66030.0,5,29.0,590000,8
1677,Hatchback,Manual,1,Hyundai Grand i10,2013,Sportz,Chennai,Third Party insurance,Petrol,10000.0,5,29.0,300000,11
1678,Hatchback,Manual,1,Maruti Ritz,2010,VXI,Chennai,Third Party insurance,Petrol,20000.0,5,29.0,150000,14
1679,Hatchback,Automatic,1,Toyota Glanza,2020,V CVT,Chennai,Third Party insurance,Petrol,56118.0,5,29.0,843000,4
1680,Hatchback,Manual,1,Hyundai i10,2012,Magna,Chennai,Comprehensive,Petrol,93968.0,5,29.0,300000,12
1681,Hatchback,Manual,1,Hyundai Grand i10 Nios,2021,Sportz,Chennai,Third Party insurance,Petrol,30000.0,5,29.0,560000,3
1682,Hatchback,Manual,2,Volkswagen Polo,2020,1.0 MPI Comfortline,Chennai,Third Party,Petrol,41364.0,5,29.0,744000,4
1683,Sedan,Automatic,2,Honda City,2013,1.5 S AT,Chennai,Comprehensive,Petrol,108898.0,5,29.0,419000,11
1684,SUV,Manual,1,Kia Seltos,2020,HTX G,Chennai,Comprehensive,Petrol,35589.0,5,29.0,1369000,4
1685,Hatchback,Manual,1,Hyundai i10,2016,Magna 1.1L,Chennai,Comprehensive,Petrol,41514.0,5,29.0,380000,8
1686,Hatchback,Manual,2,Hyundai EON,2014,Era Plus,Chennai,Third Party insurance,Petrol,60000.0,5,29.0,200000,10
1687,Hatchback,Manual,3,Volkswagen Polo,2013,1.2 MPI Highline,Chennai,Third Party insurance,Petrol,65744.0,5,29.0,325000,11
1688,Hatchback,Manual,3,Tata Indica,2007,DLS,Chennai,Third Party insurance,Diesel,60000.0,5,29.0,0,17
1689,SUV,Automatic,1,Skoda Kushaq,2022,1.0 TSI Ambition AT BSVI,Chennai,Third Party insurance,Petrol,20000.0,5,29.0,1300000,2
1690,Sedan,Manual,3,Volkswagen Vento,2012,IPL II Petrol Highline,Chennai,Third Party insurance,Petrol,90000.0,5,29.0,232000,12
1691,Hatchback,Manual,1,Tata Tiago,2020,XT BSVI,Chennai,Third Party insurance,Petrol,51578.0,5,29.0,536000,4
1692,Hatchback,Manual,1,Ford Figo,2012,1.5D Titanium MT,Chennai,Comprehensive,Diesel,113000.0,5,29.0,230000,12
1693,Hatchback,Manual,1,Renault KWID,2016,RXT,Chennai,Third Party insurance,Petrol,27861.0,5,29.0,357000,8
1694,Sedan,Manual,1,Maruti Ciaz,2020,Sigma BSIV,Chennai,Third Party,Petrol,20419.0,5,29.0,786000,4
1695,Sedan,Manual,2,Volkswagen Vento,2013,1.6 Highline BSIV,Chennai,Third Party insurance,Petrol,49165.0,5,29.0,410000,11
1696,SUV,Manual,2,Honda WR-V,2018,Edge Edition i-VTEC S,Chennai,Comprehensive,Petrol,38309.0,5,29.0,607000,6
1697,SUV,Automatic,1,Toyota Urban cruiser,2022,Premium AT,Chennai,Comprehensive,Petrol,12000.0,5,29.0,1150000,2
1698,Hatchback,Manual,1,Renault KWID,2022,RXL,Chennai,Third Party,Petrol,14023.0,5,29.0,451000,2
1699,SUV,Manual,1,Tata Nexon,2021,XE Diesel,Chennai,Third Party insurance,Diesel,30000.0,5,29.0,800000,3
1700,Sedan,Manual,2,Hyundai Verna,2012,1.6 CRDi SX,Chennai,Third Party insurance,Diesel,116377.0,5,29.0,450000,12
1701,Hatchback,Manual,1,Volkswagen Polo,2021,Diesel Comfortline 1.2L,Chennai,Comprehensive,Diesel,13109.0,5,29.0,785000,3
1702,Sedan,Manual,1,Ford Aspire,2015,1.5 TDCi Ambiente,Chennai,Comprehensive,Diesel,67500.0,5,29.0,415000,9
1703,Hatchback,Manual,1,Hyundai Santro Xing,2007,XL,Chennai,Third Party insurance,Petrol,84169.0,5,29.0,150000,17
1704,Sedan,Automatic,2,Audi A3,2016,35 TDI Premium,Chennai,Third Party insurance,Diesel,50000.0,5,29.0,1500000,8
1705,Hatchback,Manual,3,Ford Figo,2011,Petrol ZXI,Chennai,Third Party insurance,Petrol,80000.0,5,29.0,170000,13
1706,Hatchback,Automatic,3,Hyundai Grand i10 Nios,2020,AMT Sportz,Chennai,Third Party insurance,Petrol,20000.0,5,29.0,570000,4
1707,Hatchback,Automatic,1,Maruti Baleno,2018,1.2 CVT Alpha,Chennai,Third Party insurance,Petrol,53631.0,5,29.0,638000,6
1708,SUV,Automatic,1,Ford Ecosport,2018,1.5 Petrol Trend Plus AT BSIV,Chennai,Third Party,Petrol,92562.0,5,29.0,674000,6
1709,Hatchback,Manual,1,Maruti Alto 800,2021,VXI BSVI,Chennai,Zero Dep,Petrol,24690.0,5,29.0,433000,3
1710,SUV,Manual,1,Renault Kiger,2021,RXZ Turbo,Chennai,Comprehensive,Petrol,36390.0,5,29.0,840000,3
1711,Hatchback,Manual,1,Maruti Ritz,2012,VXI,Chennai,Comprehensive,Petrol,9112.0,5,29.0,295000,12
1712,Hatchback,Manual,1,Maruti Celerio,2017,ZXI,Chennai,Comprehensive,Petrol,58263.0,5,29.0,520000,7
1713,Hatchback,Manual,3,Maruti Ritz,2015,LDi,Chennai,Third Party insurance,Diesel,80000.0,5,29.0,200000,9
1714,Hatchback,Manual,0,Maruti Swift,2013,LDI,Chennai,Third Party insurance,Diesel,65991.0,5,29.0,395000,11
1715,Sedan,Automatic,2,Maruti Ciaz,2015,AT VXi Plus,Chennai,Comprehensive,Petrol,57121.0,5,29.0,550000,9
1716,Sedan,Manual,1,Tata Zest,2015,Revotron 1.2T XE,Chennai,Comprehensive,Petrol,70418.0,5,29.0,400000,9
1717,Hatchback,Manual,0,Hyundai i10,2008,Magna 1.2,Chennai,Third Party insurance,Petrol,86715.0,5,29.0,170000,16
1718,Hatchback,Manual,0,Hyundai i10,2008,Magna 1.1,Chennai,Third Party insurance,Petrol,77032.0,5,29.0,195000,16
1719,Hatchback,Manual,1,Datsun RediGO,2019,A,Chennai,Third Party insurance,Petrol,21614.0,5,29.0,312000,5
1720,Hatchback,Manual,1,Maruti Alto 800,2020,LXI Opt BSVI,Chennai,Third Party,Petrol,35375.0,5,29.0,383000,4
1721,Sedan,Manual,0,Volkswagen Vento,2010,Diesel Highline,Chennai,Third Party insurance,Diesel,89545.0,5,29.0,310000,14
1722,Hatchback,Manual,1,Hyundai i20,2019,Sportz Plus BSIV,Chennai,Third Party insurance,Petrol,83298.0,5,29.0,590000,5
1723,Hatchback,Automatic,1,Maruti Ignis,2022,Alpha AMT BSVI,Chennai,Zero Dep,Petrol,33250.0,5,29.0,758000,2
1724,Hatchback,Manual,2,Honda Jazz,2015,V,Chennai,Comprehensive,Petrol,75000.0,5,29.0,480000,9
1725,Sedan,Manual,2,Honda City,2020,VX MT,Chennai,Comprehensive,Petrol,37294.0,5,29.0,1069000,4
1726,Hatchback,Manual,1,Renault KWID,2016,RXT,Chennai,Third Party,Petrol,65840.0,5,29.0,327000,8
1727,Sedan,Manual,1,Honda Amaze,2015,S Petrol,Chennai,Comprehensive,Petrol,62865.0,5,29.0,425000,9
1728,Sedan,Manual,1,Honda City,2017,VX MT,Chennai,Comprehensive,Petrol,63318.0,5,29.0,800000,7
1729,Hatchback,Automatic,1,Hyundai Grand i10,2016,1.2 Kappa Magna AT,Chennai,Comprehensive,Petrol,17797.0,5,29.0,495000,8
1730,Hatchback,Manual,1,Maruti Swift,2015,VXI,Chennai,Comprehensive,Petrol,52802.0,5,29.0,475000,9
1731,SUV,Manual,2,Honda WR-V,2018,i-DTEC VX,Chennai,Third Party insurance,Diesel,46830.0,5,29.0,700000,6
1732,Hatchback,Manual,1,Tata Altroz,2021,XZ Plus Turbo BSVI,Chennai,Third Party,Petrol,15957.0,5,29.0,795000,3
1733,Sedan,Manual,2,Honda Amaze,2014,S Petrol,Chennai,Comprehensive,Petrol,63860.0,5,29.0,415000,10
1734,Sedan,Automatic,1,Maruti Swift Dzire,2017,AMT ZXI Plus,Chennai,Comprehensive,Petrol,51252.0,5,29.0,660000,7
1735,SUV,Automatic,2,Ford Ecosport,2015,1.5 Ti VCT AT Titanium BSIV,Chennai,Third Party,Petrol,56071.0,5,29.0,543000,9
1736,Hatchback,Manual,1,Honda Jazz,2017,1.5 SV i DTEC,Chennai,Third Party insurance,Diesel,38100.0,5,29.0,650000,7
1737,Hatchback,Manual,1,Hyundai i10,2010,Magna,Chennai,Third Party insurance,Petrol,14424.0,5,29.0,270000,14
1738,Sedan,Automatic,2,Tata Tigor,2018,XZA,Chennai,Third Party,Petrol,39542.0,5,29.0,557000,6
1739,Hatchback,Manual,2,Hyundai Grand i10,2016,Sportz,Chennai,Third Party,Petrol,114507.0,5,29.0,441000,8
1740,Hatchback,Manual,1,Fiat Punto Pure,2015,1.3L Advanced Multi-Jet,Chennai,Comprehensive,Diesel,67129.0,5,29.0,340000,9
1741,Hatchback,Manual,1,Volkswagen Polo,2021,1.0 TSI Highline Plus,Chennai,Third Party,Petrol,35405.0,5,29.0,1000000,3
1742,Hatchback,Manual,1,Volkswagen Polo,2010,Diesel Comfortline 1.2L,Chennai,Comprehensive,Diesel,62992.0,5,29.0,295000,14
1743,Hatchback,Manual,1,Hyundai Santro Xing,2009,GLS,Chennai,Comprehensive,Petrol,94241.0,5,29.0,165000,15
1744,Sedan,Manual,1,Toyota Etios,2013,G,Chennai,Third Party insurance,Petrol,21647.0,5,29.0,475000,11
1745,Hatchback,Manual,1,Hyundai Grand i10,2015,Sportz,Chennai,Comprehensive,Petrol,39922.0,5,29.0,430000,9
1746,Hatchback,Manual,2,Maruti Wagon R,2017,VXI,Chennai,Third Party insurance,Petrol,61372.0,5,29.0,375000,7
1747,Hatchback,Manual,1,Hyundai i10,2008,Era,Chennai,Comprehensive,Petrol,60250.0,5,29.0,145000,16
1748,Hatchback,Automatic,3,Hyundai Grand i10,2014,AT Asta,Chennai,Comprehensive,Petrol,91617.0,5,29.0,398000,10
1749,Hatchback,Automatic,1,Hyundai i20 N Line,2021,N8 DCT Dual Tone BSVI,Chennai,Third Party,Petrol,23899.0,5,29.0,1076000,3
1750,Hatchback,Manual,1,Maruti Swift,2015,VXI,Chennai,Comprehensive,Petrol,89000.0,5,29.0,430000,9
1751,Hatchback,Automatic,2,Maruti Celerio,2017,VXI Optional AMT BSIV,Chennai,Comprehensive,Petrol,97445.0,5,29.0,400000,7
1752,Hatchback,Manual,2,Hyundai i10,2012,Magna,Chennai,Comprehensive,Petrol,69680.0,5,29.0,287000,12
1753,Hatchback,Manual,1,Hyundai i20,2014,1.2 Asta,Chennai,Comprehensive,Petrol,87431.0,5,29.0,495000,10
1754,Hatchback,Manual,1,Hyundai EON,2015,Era Plus,Chennai,Zero Dep,Petrol,98204.0,5,29.0,298000,9
1755,Sedan,Manual,2,Honda City,2012,V MT,Chennai,Comprehensive,Petrol,108338.0,5,29.0,431000,12
1756,Hatchback,Manual,1,Hyundai i20,2016,Asta Option 1.2,Chennai,Comprehensive,Petrol,47045.0,5,29.0,577000,8
1757,Sedan,Automatic,1,Tata Tigor,2018,1.2 Revotron XTA,Chennai,Third Party insurance,Petrol,18079.0,5,29.0,600000,6
1758,Hatchback,Manual,1,Hyundai i10,2009,Era,Chennai,Third Party insurance,Petrol,44985.0,5,29.0,225000,15
1759,Sedan,Manual,1,Maruti Ciaz,2017,ZDi,Chennai,Third Party insurance,Diesel,84095.0,5,29.0,675000,7
1760,SUV,Manual,1,Jeep Compass,2020,2.0 Sport Plus BSIV,Chennai,Comprehensive,Diesel,50520.0,5,29.0,1475000,4
1761,Sedan,Manual,3,Mahindra Renault Logan,2010,1.5 DLS BSIV ABS Diesel,Chennai,Comprehensive,Diesel,82124.0,5,29.0,145000,14
1762,Sedan,Automatic,1,Honda Amaze,2018,S CVT i-VTEC,Chennai,Third Party insurance,Petrol,3228.0,5,29.0,750000,6
1763,Sedan,Manual,1,Tata Indigo,2010,GLX,Chennai,Third Party insurance,Petrol,41516.0,5,29.0,150000,14
1764,Hatchback,Manual,2,Chevrolet Beat,2012,Diesel LS,Chennai,Third Party insurance,Diesel,86147.0,5,29.0,195000,12
1765,Sedan,Manual,1,Skoda Rapid,2018,1.5 TDI Ambition BSIV,Chennai,Zero Dep,Diesel,73139.0,5,29.0,729000,6
1766,Sedan,Automatic,2,Skoda Rapid,2016,1.6 MPI AT Elegance,Chennai,Comprehensive,Petrol,99715.0,5,29.0,680000,8
1767,Hatchback,Manual,1,Volkswagen Polo,2014,Petrol Highline 1.6L,Chennai,Comprehensive,Petrol,56200.0,5,29.0,380000,10
1768,Hatchback,Automatic,1,Hyundai Grand i10,2014,AT Asta,Chennai,Third Party insurance,Petrol,44632.0,5,29.0,465000,10
1769,Sedan,Manual,2,Hyundai Verna,2010,1.6 VTVT,Chennai,Third Party insurance,Petrol,122533.0,5,29.0,210000,14
1770,Sedan,Manual,1,Maruti Swift Dzire,2013,VXI BSVI,Chennai,Third Party insurance,Petrol,55320.0,5,29.0,410000,11
1771,Hatchback,Manual,1,Hyundai i20,2012,Sportz 1.4 CRDi,Chennai,Third Party insurance,Diesel,68459.0,5,29.0,325000,12
1772,Sedan,Manual,1,Honda Amaze,2016,S Petrol,Chennai,Third Party insurance,Petrol,14195.0,5,29.0,450000,8
1773,Hatchback,Manual,1,Hyundai i20,2012,Sportz 1.2,Chennai,Third Party insurance,Petrol,67900.0,5,29.0,280000,12
1774,Hatchback,Automatic,1,Maruti Wagon R,2017,AMT VXI,Chennai,Third Party insurance,Petrol,47756.0,5,29.0,410000,7
1775,Hatchback,Automatic,1,Hyundai Grand i10,2016,AT Asta,Chennai,Third Party insurance,Petrol,42856.0,5,29.0,520000,8
1776,Hatchback,Manual,1,Volkswagen Polo,2014,1.5 TDI Comfortline,Chennai,Comprehensive,Diesel,43000.0,5,29.0,560000,10
1777,Sedan,Manual,2,Toyota Yaris,2019,J,Chennai,Third Party,Petrol,27652.0,5,29.0,702000,5
1778,Sedan,Manual,1,Maruti Ciaz,2015,VXi,Chennai,Comprehensive,Petrol,50000.0,5,29.0,525000,9
1779,Hatchback,Manual,2,Maruti Alto K10,2017,VXI,Chennai,Comprehensive,Petrol,18861.0,5,29.0,357000,7
1780,Hatchback,Manual,1,Maruti Swift,2017,VXI Optional,Chennai,Third Party insurance,Petrol,41138.0,5,29.0,512000,7
1781,Hatchback,Manual,1,Hyundai i10,2012,Era,Chennai,Comprehensive,Petrol,55039.0,5,29.0,250000,12
1782,Hatchback,Manual,2,Hyundai i20,2018,Asta Option BSIV,Chennai,Third Party,Petrol,41361.0,5,29.0,700000,6
1783,Hatchback,Manual,1,Hyundai Santro Xing,2009,Base,Chennai,Third Party insurance,Petrol,80033.0,5,29.0,170000,15
1784,Hatchback,Manual,1,Maruti Wagon R,2012,VXI 1.2,Chennai,Comprehensive,Petrol,100056.0,5,29.0,310000,12
1785,Hatchback,Manual,1,Hyundai i20,2018,Asta Option,Chennai,Comprehensive,Petrol,90062.0,5,29.0,725000,6
1786,Hatchback,Manual,1,Maruti Wagon R,2017,VXI 1.2,Chennai,Comprehensive,Petrol,78030.0,5,29.0,440000,7
1787,SUV,Manual,1,Renault Duster,2020,RXS Turbo,Chennai,Comprehensive,Petrol,35464.0,5,29.0,1045000,4
1788,Hatchback,Manual,3,Hyundai Grand i10,2015,Sportz,Chennai,Third Party insurance,Petrol,55161.0,5,29.0,411000,9
1789,Hatchback,Automatic,1,Hyundai Santro,2019,Sportz AMT BSIV,Chennai,Third Party insurance,Petrol,33771.0,5,29.0,518000,5
1790,Sedan,Manual,1,Hyundai Verna,2016,1.6 SX VTVT,Chennai,Third Party,Petrol,41659.0,5,29.0,647000,8
1791,Sedan,Manual,1,Tata Tigor,2020,XZ,Chennai,Third Party insurance,Petrol,19935.0,5,29.0,645000,4
1792,Hatchback,Manual,1,Datsun RediGO,2016,S,Chennai,Comprehensive,Petrol,61126.0,5,29.0,253000,8
1793,Hatchback,Manual,2,Volkswagen Polo,2018,1.5 TDI Highline,Chennai,Comprehensive,Diesel,90068.0,5,29.0,600000,6
1794,Sedan,Manual,1,Hyundai Xcent,2015,1.2 Kappa S Option,Chennai,Third Party insurance,Petrol,86694.0,5,29.0,405000,9
1795,Sedan,Automatic,2,Mercedes-Benz C-Class,2011,250 CDI Classic,Chennai,Comprehensive,Diesel,86000.0,5,29.0,1040000,13
1796,Sedan,Manual,1,Maruti Ciaz,2015,VXi Plus,Chennai,Comprehensive,Petrol,79399.0,5,29.0,585000,9
1797,Sedan,Automatic,1,Audi A4,2012,2.0 TDI Multitronic,Chennai,Third Party insurance,Diesel,86038.0,5,29.0,1175000,12
1798,Hatchback,Manual,1,Maruti Wagon R,2015,VXI,Chennai,Third Party insurance,Petrol,69863.0,5,29.0,385000,9
1799,Hatchback,Manual,1,Hyundai i10,2013,Magna,Chennai,Third Party insurance,Petrol,133727.0,5,29.0,310000,11
1800,Hatchback,Manual,1,Tata Altroz,2022,XM Plus Diesel,Chennai,Third Party,Diesel,8837.0,5,29.0,800000,2
1801,Sedan,Manual,2,Toyota Corolla Altis,2011,Diesel D4D JS,Chennai,Third Party insurance,Diesel,120057.0,5,29.0,475000,13
1802,Hatchback,Manual,1,Toyota Glanza,2019,V,Chennai,Comprehensive,Petrol,48527.0,5,29.0,699000,5
1803,SUV,Manual,2,Honda WR-V,2017,i-DTEC VX,Chennai,Comprehensive,Diesel,71096.0,5,29.0,714000,7
1804,Sedan,Manual,1,Honda Amaze,2020,VX Petrol,Chennai,Comprehensive,Petrol,22000.0,5,29.0,750000,4
1805,Hatchback,Manual,1,Hyundai Grand i10 Nios,2020,Sportz,Chennai,Zero Dep,Petrol,110054.0,5,29.0,626000,4
1806,Sedan,Manual,1,Honda City,2012,i VTEC V,Chennai,Comprehensive,Petrol,85028.0,5,29.0,465000,12
1807,Sedan,Manual,1,Honda City,2021,ZX MT,Chennai,Zero Dep,Petrol,10990.0,5,29.0,1268000,3
1808,Sedan,Manual,2,Hyundai Elantra,2017,2.0 SX,Chennai,Third Party,Petrol,115484.0,5,29.0,805000,7
1809,SUV,Manual,2,Skoda Yeti,2011,Elegance,Chennai,Third Party insurance,Diesel,80062.0,5,29.0,475000,13
1810,Sedan,Manual,1,Skoda Rapid,2012,1.6 TDI Elegance,Chennai,Third Party insurance,Diesel,80039.0,5,29.0,375000,12
1811,Hatchback,Manual,1,Maruti S-Presso,2020,VXI Plus 2019-2022,Chennai,Third Party insurance,Petrol,16473.0,5,29.0,510000,4
1812,Hatchback,Automatic,1,Maruti Baleno,2017,1.2 CVT Zeta,Chennai,Third Party insurance,Petrol,53819.0,5,29.0,660000,7
1813,Sedan,Automatic,1,Volkswagen Vento,2017,1.2 TSI Highline AT,Chennai,Comprehensive,Petrol,93000.0,5,29.0,790000,7
1814,Sedan,Automatic,1,BMW 5 Series,2013,520d Luxury Line,Chennai,Third Party insurance,Diesel,100057.0,5,29.0,1450000,11
1815,Sedan,Manual,1,Volkswagen Ameo,2016,1.5 TDI Highline,Chennai,Third Party insurance,Diesel,100425.0,5,29.0,570000,8
1816,Sedan,Manual,2,Toyota Etios,2011,G,Chennai,Third Party insurance,Petrol,97942.0,5,29.0,345000,13
1817,Hatchback,Manual,1,Volkswagen Polo,2019,1.0 MPI Highline Plus BSIV,Chennai,Third Party insurance,Petrol,78423.0,5,29.0,650000,5
1818,Hatchback,Manual,2,Maruti Alto 800,2014,LXI,Chennai,Third Party,Petrol,43088.0,5,29.0,244000,10
1819,SUV,Manual,1,Renault Kiger,2021,RXZ Turbo,Chennai,Third Party insurance,Petrol,14103.0,5,29.0,815000,3
1820,Sedan,Automatic,1,Mercedes-Benz C-Class,2011,250 CDI Classic,Chennai,Comprehensive,Diesel,74000.0,5,29.0,1100000,13
1821,SUV,Automatic,1,Toyota Urban cruiser,2022,Premium AT,Chennai,Comprehensive,Petrol,41285.0,5,29.0,1150000,2
1822,Hatchback,Manual,3,Ford Figo,2012,Petrol Titanium,Chennai,Third Party insurance,Petrol,76554.0,5,29.0,210000,12
1823,SUV,Manual,1,Volkswagen Taigun,2022,1.0 TSI Topline BSVI,Chennai,Comprehensive,Petrol,4977.0,5,29.0,1529000,2
1824,Hatchback,Manual,2,Maruti S-Presso,2021,VXI Plus 2019-2022,Chennai,Comprehensive,Petrol,2177.0,5,29.0,549000,3
1825,SUV,Manual,1,Ford Ecosport,2018,1.5 Diesel Titanium,Chennai,Third Party insurance,Diesel,40511.0,5,29.0,860000,6
1826,SUV,Manual,1,Honda WR-V,2017,i-DTEC VX,Chennai,Comprehensive,Diesel,75000.0,5,29.0,790000,7
1827,SUV,Automatic,1,Tata Punch,2021,Creative AMT BSVI,Chennai,Zero Dep,Petrol,9471.0,5,29.0,828999,3
1828,Hatchback,Automatic,1,Tata Tiago,2020,XZA Plus Dual Tone,Chennai,Comprehensive,Petrol,12011.0,5,29.0,648000,4
1829,Sedan,Automatic,2,Volkswagen Vento,2011,Petrol Highline AT,Chennai,Comprehensive,Petrol,85000.0,5,29.0,375000,13
1830,Hatchback,Manual,2,Hyundai EON,2016,Era Plus Option,Chennai,Comprehensive,Petrol,53098.0,5,29.0,288000,8
1831,Hatchback,Manual,1,Datsun RediGO,2019,A,Chennai,Third Party insurance,Petrol,51680.0,5,29.0,340000,5
1832,Hatchback,Automatic,2,Hyundai i20,2018,Petrol CVT Asta,Chennai,Comprehensive,Petrol,39323.0,5,29.0,686000,6
1833,Hatchback,Manual,1,Renault KWID,2016,RXT,Chennai,Comprehensive,Petrol,60799.0,5,29.0,335000,8
1834,Sedan,Automatic,2,Mercedes-Benz C-Class,2014,220 CDI AT,Chennai,Comprehensive,Diesel,130000.0,5,29.0,1350000,10
1835,Sedan,Manual,1,Maruti Ciaz,2021,Delta BSVI,Chennai,Third Party insurance,Petrol,30000.0,5,29.0,900000,3
1836,Hatchback,Manual,1,Hyundai i10,2010,Magna,Chennai,Comprehensive,Petrol,91000.0,5,29.0,265000,14
1837,SUV,Manual,1,Kia Seltos,2020,HTE Diesel,Chennai,Comprehensive,Diesel,30000.0,5,29.0,1200000,4
1838,Hatchback,Manual,2,Maruti Baleno,2019,1.2 Delta,Chennai,Comprehensive,Petrol,82171.0,5,29.0,574000,5
1839,Hatchback,Manual,1,Tata Tiago,2022,XT CNG BSVI,Chennai,Comprehensive,CNG,18551.0,5,29.0,711000,2
1840,Hatchback,Automatic,1,Hyundai i20,2020,Asta Opt Turbo DCT BSVI,Chennai,Comprehensive,Petrol,35000.0,5,29.0,960000,4
1841,Hatchback,Manual,1,Maruti Alto 800,2016,VXI Optional,Chennai,Comprehensive,Petrol,50252.0,5,29.0,273000,8
1842,Sedan,Manual,2,Honda Amaze,2019,S Petrol BSIV,Chennai,Comprehensive,Petrol,34715.0,5,29.0,593000,5
1843,Sedan,Manual,2,Nissan Sunny,2011,XL,Chennai,Comprehensive,Petrol,24035.0,5,29.0,300000,13
1844,Hatchback,Manual,1,Hyundai Grand i10 Nios,2020,Sportz CRDi,Chennai,Comprehensive,Diesel,39605.0,5,29.0,735000,4
1845,Hatchback,Automatic,1,Maruti Wagon R,2016,AMT VXI,Chennai,Comprehensive,Petrol,66992.0,5,29.0,407000,8
1846,Hatchback,Manual,1,Maruti Celerio,2017,ZXI Optional,Chennai,Third Party insurance,Petrol,29973.0,5,29.0,460000,7
1847,Hatchback,Manual,1,Renault KWID,2018,RXL,Chennai,Third Party insurance,Petrol,49791.0,5,29.0,360000,6
1848,SUV,Manual,1,Honda WR-V,2018,Edge Edition i-VTEC S,Chennai,Third Party insurance,Petrol,23000.0,5,29.0,700000,6
1849,Hatchback,Manual,1,Maruti Alto,2010,LXi,Chennai,Third Party insurance,Petrol,52172.0,5,29.0,210000,14
1850,Hatchback,Automatic,1,Nissan Micra,2017,XL CVT,Chennai,Third Party insurance,Petrol,67022.0,5,29.0,485000,7
1851,Sedan,Manual,2,Volkswagen Ameo,2016,1.5 TDI Highline,Chennai,Zero Dep,Diesel,103651.0,5,29.0,513000,8
1852,Sedan,Automatic,1,Honda Amaze,2016,S AT i-Vtech,Chennai,Third Party insurance,Petrol,49682.0,5,29.0,520000,8
1853,Hatchback,Manual,3,Renault KWID,2018,RXT Optional,Chennai,Comprehensive,Petrol,53751.0,5,29.0,305000,6
1854,Hatchback,Manual,2,Maruti Alto 800,2015,LXI,Chennai,Comprehensive,Petrol,111283.0,5,29.0,238000,9
1855,SUV,Manual,2,Ford Ecosport,2013,1.5 DV5 MT Titanium,Chennai,Comprehensive,Diesel,63000.0,5,29.0,540000,11
1856,Hatchback,Manual,1,Nissan Micra,2017,Diesel XL,Chennai,Third Party insurance,Diesel,69319.0,5,29.0,460000,7
1857,Hatchback,Manual,1,Maruti Celerio,2018,VXI,Chennai,Comprehensive,Petrol,89191.0,5,29.0,451000,6
1858,Sedan,Automatic,2,Audi A6,2013,2.0 TDI,Chennai,Comprehensive,Diesel,65000.0,5,29.0,1480000,11
1859,Sedan,Manual,1,Honda Amaze,2014,S i-Dtech,Chennai,Comprehensive,Diesel,116413.0,5,29.0,430000,10
1860,SUV,Manual,1,Hyundai Venue,2022,S BSVI,Chennai,Third Party insurance,Petrol,11600.0,5,29.0,950000,2
1861,Sedan,Automatic,2,Honda City,2010,1.5 V AT,Chennai,Comprehensive,Petrol,97000.0,5,29.0,365000,14
1862,Hatchback,Manual,1,Hyundai EON,2015,Era Plus,Chennai,Comprehensive,Petrol,75184.0,5,29.0,287000,9
1863,Sedan,Manual,2,Maruti Swift Dzire,2014,VXI,Chennai,Comprehensive,Petrol,49387.0,5,29.0,437000,10
1864,Hatchback,Manual,1,Hyundai i10,2011,Magna,Chennai,Comprehensive,Petrol,81000.0,5,29.0,310000,13
1865,Hatchback,Manual,1,Maruti Wagon R,2010,VXI BS IV,Chennai,Comprehensive,Petrol,80320.0,5,29.0,287000,14
1866,Sedan,Automatic,1,Skoda Rapid,2021,1.0 TSI Style AT,Chennai,Zero Dep,Petrol,8608.0,5,29.0,1202000,3
1867,SUV,Manual,3,Nissan Terrano,2015,XV 110 PS,Chennai,Third Party insurance,Diesel,96892.0,5,29.0,515000,9
1868,SUV,Manual,1,Renault Duster,2016,85PS Diesel RxL,Chennai,Comprehensive,Diesel,75000.0,5,29.0,665000,8
1869,Hatchback,Manual,1,Maruti Alto 800,2016,LXI,Chennai,Third Party,Petrol,61237.0,5,29.0,279000,8
1870,Hatchback,Manual,1,Renault KWID,2019,1.0,Chennai,Third Party insurance,Petrol,52138.0,5,29.0,380000,5
1871,Sedan,Manual,1,Volkswagen Ameo,2016,1.0 MPI Highline,Chennai,Third Party insurance,Petrol,37429.0,5,29.0,520000,8
1872,Hatchback,Manual,2,Maruti Wagon R,2010,VXI,Chennai,Third Party insurance,Petrol,78978.0,5,29.0,260000,14
1873,Hatchback,Manual,1,Honda Brio,2015,VX,Chennai,Third Party insurance,Petrol,52044.0,5,29.0,450000,9
1874,Sedan,Automatic,2,Skoda Rapid,2019,1.6 MPI AT Style BSIV,Chennai,Comprehensive,Petrol,30000.0,5,29.0,710000,5
1875,Hatchback,Automatic,1,Maruti Celerio X,2018,AMT ZXI Option BSIV,Chennai,Comprehensive,Petrol,44768.0,5,29.0,459000,6
1876,SUV,Manual,1,Ford Ecosport,2020,1.5 Petrol Trend,Chennai,Comprehensive,Petrol,27062.0,5,29.0,769000,4
1877,Sedan,Manual,1,Volkswagen Virtus,2022,Highline BSVI,Chennai,Third Party,Petrol,22239.0,5,29.0,1277000,2
1878,SUV,Manual,1,Tata Nexon,2021,XZ Plus (O) BSVI,Chennai,Comprehensive,Petrol,16455.0,5,29.0,969000,3
1879,Hatchback,Automatic,1,Tata Altroz,2022,XZA DCT BSVI,Chennai,Comprehensive,Petrol,5107.0,5,29.0,942000,2
1880,Hatchback,Manual,1,Hyundai Grand i10 Nios,2022,Sportz,Chennai,Third Party insurance,Petrol,34000.0,5,29.0,690000,2
1881,Hatchback,Manual,2,Maruti Wagon R,2013,VXI BS IV,Chennai,Third Party insurance,Petrol,94581.0,5,29.0,288000,11
1882,Hatchback,Manual,2,Maruti Alto K10,2011,2010-2014 VXI,Chennai,Third Party insurance,Petrol,58747.0,5,29.0,222000,13
1883,Hatchback,Manual,1,Maruti Alto,2012,LXi,Chennai,Third Party insurance,Petrol,63697.0,5,29.0,235000,12
1884,SUV,Manual,1,Honda WR-V,2017,i-DTEC VX,Chennai,Third Party insurance,Diesel,53000.0,5,29.0,890000,7
1885,SUV,Manual,1,Ford Ecosport,2016,1.5 Diesel Trend,Chennai,Comprehensive,Diesel,43000.0,5,29.0,660000,8
1886,Sedan,Manual,2,Honda Amaze,2013,S i-Dtech,Chennai,Comprehensive,Diesel,108513.0,5,29.0,380000,11
1887,Sedan,Automatic,1,Skoda Rapid,2015,1.5 TDI AT Elegance,Chennai,Comprehensive,Diesel,91000.0,5,29.0,675000,9
1888,SUV,Manual,1,Honda WR-V,2021,VX Diesel,Chennai,Comprehensive,Diesel,71721.0,5,29.0,971000,3
1889,Hatchback,Manual,1,Renault KWID,2019,1.0 RXT Optional,Chennai,Third Party,Petrol,39276.0,5,29.0,352000,5
1890,SUV,Automatic,1,Maruti Vitara Brezza,2019,ZDi AMT,Chennai,Zero Dep,Diesel,85616.0,5,29.0,866000,5
1891,Sedan,Manual,1,Toyota Etios,2016,G,Chennai,Third Party insurance,Petrol,56380.0,5,29.0,508000,8
1892,Hatchback,Manual,3,Hyundai i20,2009,Magna,Chennai,Comprehensive,Petrol,83000.0,5,29.0,260000,15
1893,SUV,Manual,1,Maruti Vitara Brezza,2016,ZDi,Chennai,Comprehensive,Diesel,66211.0,5,29.0,796000,8
1894,Hatchback,Manual,1,Hyundai Grand i10,2016,Sportz,Chennai,Comprehensive,Petrol,60662.0,5,29.0,434000,8
1895,SUV,Automatic,1,Tata Punch,2021,Creative AMT BSVI,Chennai,Comprehensive,Petrol,24140.0,5,29.0,782000,3
1896,Hatchback,Automatic,1,Hyundai i20,2021,Asta Opt Turbo DCT BSVI,Chennai,Third Party insurance,Petrol,27000.0,5,29.0,1090000,3
1897,Hatchback,Manual,2,Chevrolet Beat,2013,Diesel LS,Chennai,Third Party insurance,Diesel,63000.0,5,29.0,350000,11
1898,Hatchback,Automatic,1,Datsun GO,2019,T CVT,Chennai,Third Party insurance,Petrol,29708.0,5,29.0,471000,5
1899,SUV,Automatic,1,Kia Seltos,2019,GTX DCT,Chennai,Third Party insurance,Petrol,57600.0,5,29.0,1490000,5
1900,Hatchback,Manual,2,Datsun GO,2019,T Option Petrol,Chennai,Comprehensive,Petrol,46116.0,5,29.0,393000,5
1901,Hatchback,Manual,1,Volkswagen Polo,2018,1.0 MPI Comfortline,Chennai,Third Party insurance,Petrol,81454.0,5,29.0,555000,6
1902,SUV,Automatic,1,Ford Ecosport,2019,1.5 Petrol Titanium Plus AT BSIV,Chennai,Third Party insurance,Petrol,37655.0,5,29.0,990000,5
1903,Sedan,Automatic,2,Audi A4,2013,35 TDI Premium Sport,Chennai,Comprehensive,Diesel,73000.0,5,29.0,1390000,11
1904,Sedan,Manual,1,Volkswagen Vento,2017,1.6 MPI ALL STAR,Chennai,Third Party insurance,Petrol,15100.0,5,29.0,850000,7
1905,SUV,Manual,1,Kia Sonet,2020,HTX Turbo iMT BSVI,Chennai,Third Party insurance,Petrol,23700.0,5,29.0,1050000,4
1906,SUV,Manual,0,Renault Kiger,2022,RXZ Turbo,Chennai,Third Party insurance,Petrol,7087.0,5,29.0,972000,2
1907,Hatchback,Manual,1,Hyundai Grand i10 Nios,2020,Asta,Chennai,Comprehensive,Petrol,40000.0,5,29.0,725000,4
1908,Hatchback,Manual,2,Renault KWID,2016,RXT,Chennai,Third Party insurance,Petrol,58155.0,5,29.0,316000,8
1909,SUV,Automatic,3,Ford Ecosport,2020,1.5 Petrol Titanium Plus AT BSIV,Chennai,Third Party,Petrol,30015.0,5,29.0,860000,4
1910,Sedan,Automatic,1,Hyundai Aura,2022,SX Plus AMT,Chennai,Third Party insurance,Petrol,5239.0,5,29.0,890000,2
1911,Hatchback,Manual,2,Hyundai i10,2011,Magna,Chennai,Third Party insurance,Petrol,62606.0,5,29.0,251000,13
1912,Hatchback,Manual,1,Tata Tiago,2017,1.2 Revotron XZ,Chennai,Third Party,Petrol,65287.0,5,29.0,433000,7
1913,Sedan,Automatic,1,Maruti Ciaz,2018,Delta Diesel,Chennai,Comprehensive,Diesel,50267.0,5,29.0,715000,6
1914,Hatchback,Automatic,1,Maruti Alto K10,2015,VXI AMT,Chennai,Third Party insurance,Petrol,87277.0,5,29.0,345000,9
1915,SUV,Manual,1,Maruti SX4 S Cross,2021,Sigma,Chennai,Third Party insurance,Petrol,11323.0,5,29.0,855000,3
1916,SUV,Automatic,1,Audi Q3,2013,35 TDI Quattro Premium,Chennai,Comprehensive,Diesel,90000.0,5,29.0,1350000,11
1917,Sedan,Automatic,2,Mercedes-Benz C-Class,2012,C 200 AVANTGARDE,Chennai,Comprehensive,Petrol,36000.0,5,29.0,1220000,12
1918,Hatchback,Manual,2,Hyundai i20,2010,Magna,Chennai,Not Available,Petrol,107280.0,5,29.0,275000,14
1919,SUV,Manual,1,Nissan Kicks,2019,XV Premium D BSIV,Chennai,Third Party insurance,Diesel,45700.0,5,29.0,1050000,5
1920,Hatchback,Manual,1,Fiat Punto,2013,1.3 Dynamic,Chennai,Third Party insurance,Diesel,74686.0,5,29.0,295000,11
1921,Hatchback,Manual,1,Maruti Celerio,2018,VXI,Chennai,Comprehensive,Petrol,119004.0,5,29.0,461000,6
1922,SUV,Manual,1,Hyundai Venue,2019,S Diesel BSIV,Chennai,Comprehensive,Diesel,117079.0,5,29.0,719000,5
1923,Hatchback,Manual,1,Honda Jazz,2017,1.2 S i VTEC,Chennai,Comprehensive,Petrol,35000.0,5,29.0,550000,7
1924,Hatchback,Manual,1,Hyundai Santro Xing,2012,GL Plus,Chennai,Comprehensive,Petrol,76730.0,5,29.0,287000,12
1925,Sedan,Automatic,1,Toyota Corolla Altis,2014,VL AT,Chennai,Comprehensive,Petrol,98000.0,5,29.0,875000,10
1926,Hatchback,Manual,1,Tata Tiago,2018,1.2 Revotron XM Option,Chennai,Third Party insurance,Petrol,69684.0,5,29.0,445000,6
1927,SUV,Automatic,1,Renault Duster,2020,RXZ Turbo CVT,Chennai,Third Party insurance,Petrol,16600.0,5,29.0,1190000,4
1928,Sedan,Manual,2,Volkswagen Vento,2016,1.6 Comfortline,Chennai,Third Party insurance,Petrol,90403.0,5,29.0,540000,8
1929,Hatchback,Manual,3,Volkswagen Polo,2016,1.5 TDI Highline,Chennai,Comprehensive,Diesel,81009.0,5,29.0,584000,8
1930,Hatchback,Manual,2,Tata Tiago,2017,1.05 Revotorq XZ,Chennai,Third Party insurance,Diesel,84741.0,5,29.0,430000,7
1931,SUV,Manual,1,Renault Duster,2018,85PS Diesel RxZ,Chennai,Third Party insurance,Diesel,59100.0,5,29.0,890000,6
1932,SUV,Manual,2,Hyundai Creta,2016,1.6 VTVT S,Delhi,Zero Dep,Petrol,57437.0,5,29.0,762000,8
1933,Hatchback,Manual,2,Maruti Swift,2018,VXI,Delhi,Comprehensive,Petrol,28151.0,5,29.0,523000,6
1934,SUV,Manual,1,Hyundai Creta,2017,1.6 VTVT E Plus,Delhi,Third Party insurance,Petrol,60000.0,5,29.0,765000,7
1935,SUV,Manual,1,Kia Sonet,2021,HTK Plus BSVI,Delhi,Comprehensive,Petrol,20000.0,5,29.0,894999,3
1936,Hatchback,Manual,1,Volkswagen Polo,2017,1.2 MPI Trendline,Delhi,Comprehensive,Petrol,44653.0,5,29.0,400000,7
1937,Hatchback,Manual,1,Hyundai Grand i10 Nios,2022,Magna CNG,Delhi,Comprehensive,CNG,7000.0,5,29.0,725000,2
1938,Hatchback,Manual,1,Maruti Baleno,2019,Alpha,Delhi,Third Party insurance,Petrol,67823.0,5,29.0,663000,5
1939,Hatchback,Automatic,1,Honda Brio,2014,VX AT,Delhi,Comprehensive,Petrol,50000.0,5,29.0,390000,10
1940,SUV,Manual,1,Nissan Kicks,2019,XV D BSIV,Delhi,Comprehensive,Diesel,97055.0,5,29.0,784000,5
1941,SUV,Manual,1,Kia Sonet,2022,1.5 GTX Plus Diesel DT,Delhi,Zero Dep,Diesel,24000.0,5,29.0,1350000,2
1942,SUV,Automatic,1,BMW X1,2013,sDrive 20d Sportline,Delhi,Third Party insurance,Diesel,29000.0,5,29.0,900000,11
1943,SUV,Manual,1,Hyundai Venue,2019,SX Opt Diesel BSIV,Delhi,Comprehensive,Diesel,83329.0,5,29.0,839000,5
1944,Hatchback,Manual,1,Maruti Zen Estilo,2008,1.1 LXI BSIII,Delhi,Third Party insurance,Petrol,43000.0,5,29.0,120000,16
1945,Hatchback,Manual,1,Hyundai Grand i10 Nios,2022,Sportz,Delhi,Third Party insurance,Petrol,8000.0,5,29.0,750000,2
1946,SUV,Automatic,1,Skoda Kushaq,2021,1.0 TSI Ambition AT BSVI,Delhi,Comprehensive,Petrol,11404.0,5,29.0,1284000,3
1947,Hatchback,Manual,1,Tata Altroz,2023,XZ Diesel,Delhi,Comprehensive,Diesel,23000.0,5,29.0,869999,1
1948,Hatchback,Manual,1,Maruti Ignis,2022,Zeta BSVI,Delhi,Comprehensive,Petrol,19044.0,5,29.0,634000,2
1949,SUV,Manual,1,Hyundai Creta,2019,1.6 SX,Delhi,Comprehensive,Petrol,17367.0,5,29.0,1250000,5
1950,SUV,Manual,1,Kia Seltos,2020,HTK Diesel,Delhi,Third Party insurance,Diesel,3800.0,5,29.0,1325000,4
1951,Hatchback,Automatic,2,Hyundai Grand i10,2014,AT Asta,Delhi,Comprehensive,Petrol,43124.0,5,29.0,421000,10
1952,SUV,Automatic,1,Hyundai Creta,2017,1.6 CRDi AT SX Plus,Delhi,Third Party insurance,Diesel,60000.0,5,29.0,1000000,7
1953,Hatchback,Manual,1,Maruti Baleno,2018,Zeta,Delhi,Third Party,Petrol,36000.0,5,29.0,600000,6
1954,Hatchback,Automatic,1,Hyundai Grand i10,2015,AT Asta,Delhi,Third Party insurance,Petrol,44559.0,5,29.0,495000,9
1955,Hatchback,Manual,1,Tata Altroz,2021,XM plus BSVI,Delhi,Comprehensive,Petrol,37587.0,5,29.0,627000,3
1956,Sedan,Manual,1,Honda Amaze,2016,SX i VTEC,Delhi,Third Party insurance,Petrol,90000.0,5,29.0,340000,8
1957,Hatchback,Manual,1,Hyundai i10,2010,Magna 1.2,Delhi,Comprehensive,Petrol,73786.0,5,29.0,190000,14
1958,Sedan,Automatic,1,Toyota Corolla Altis,2009,1.8 VL AT,Delhi,Third Party insurance,Petrol,50000.0,5,29.0,300000,15
1959,Hatchback,Manual,1,Maruti Swift,2018,VXI,Delhi,Third Party insurance,Petrol,22000.0,5,29.0,575000,6
1960,Hatchback,Automatic,1,Maruti Baleno,2019,Alpha CVT,Delhi,Comprehensive,Petrol,38103.0,5,29.0,743000,5
1961,Hatchback,Manual,1,Maruti Ignis,2022,Zeta BSVI,Delhi,Third Party insurance,Petrol,15000.0,5,29.0,645000,2
1962,Hatchback,Manual,2,Hyundai Grand i10,2013,Asta,Delhi,Comprehensive,Petrol,48327.0,5,29.0,359000,11
1963,Hatchback,Manual,1,Maruti Zen Estilo,2008,1.1 LXI BSIII,Delhi,Third Party insurance,Petrol,40000.0,5,29.0,120000,16
1964,SUV,Manual,1,Kia Seltos,2020,GTX Plus,Delhi,Third Party insurance,Petrol,38967.0,5,29.0,1121000,4
1965,SUV,Manual,1,Kia Seltos,2020,HTK Diesel,Delhi,Comprehensive,Diesel,50000.0,5,29.0,1375000,4
1966,Hatchback,Manual,1,Maruti Baleno,2016,Alpha,Delhi,Comprehensive,Petrol,33000.0,5,29.0,525000,8
1967,Sedan,Manual,1,Toyota Etios,2014,G,Delhi,Comprehensive,Petrol,70000.0,5,29.0,375000,10
1968,SUV,Manual,1,Hyundai Creta,2017,1.6 VTVT E Plus,Delhi,Comprehensive,Petrol,58511.0,5,29.0,894999,7
1969,Sedan,Manual,1,Maruti Swift Dzire,2014,VDI,Delhi,Third Party insurance,Diesel,60000.0,5,29.0,410000,10
1970,Sedan,Manual,1,Maruti Swift Dzire,2019,VXi,Delhi,Comprehensive,Petrol,68192.0,5,29.0,625000,5
1971,Hatchback,Manual,1,Honda Jazz,2015,1.5 V i DTEC,Delhi,Comprehensive,Diesel,74872.0,5,29.0,340000,9
1972,SUV,Manual,1,Maruti Brezza,2022,Zxi Plus DT BSVI,Delhi,Third Party,Petrol,9000.0,5,29.0,1295000,2
1973,Hatchback,Manual,1,Volkswagen Polo,2019,1.0 MPI Highline Plus BSIV,Delhi,Comprehensive,Petrol,31000.0,5,29.0,699000,5
1974,Hatchback,Manual,2,Tata Tiago,2018,1.2 Revotron XE,Delhi,Comprehensive,Petrol,33709.0,5,29.0,399000,6
1975,Hatchback,Manual,1,Maruti Ignis,2018,1.2 Alpha BSIV,Delhi,Comprehensive,Petrol,123617.0,5,29.0,387000,6
1976,Sedan,Automatic,1,Audi A6,2015,35 TDI Technology,Delhi,Comprehensive,Diesel,31000.0,5,29.0,1475000,9
1977,Hatchback,Manual,1,Hyundai Santro,2019,Sportz CNG BSIV,Delhi,Third Party insurance,CNG,45000.0,5,29.0,485000,5
1978,Hatchback,Manual,1,Maruti Wagon R,2014,CNG LXI BSIV,Delhi,Third Party insurance,CNG,82000.0,5,29.0,295000,10
1979,Hatchback,Automatic,1,Maruti Celerio,2015,VXI AT,Delhi,Comprehensive,Petrol,36400.0,5,29.0,425000,9
1980,Hatchback,Manual,1,Honda Brio,2013,S MT,Delhi,Third Party insurance,Petrol,69000.0,5,29.0,250000,11
1981,Sedan,Manual,1,Fiat Linea,2015,Emotion (Diesel),Delhi,Third Party insurance,Diesel,110000.0,5,29.0,350000,9
1982,SUV,Automatic,1,Nissan Terrano,2016,XV D Premium AMT,Delhi,Comprehensive,Diesel,62500.0,5,29.0,645000,8
1983,Hatchback,Manual,1,Renault KWID,2021,RXL,Delhi,Third Party insurance,Petrol,20000.0,5,29.0,460000,3
1984,Sedan,Manual,2,Honda City,2014,i VTEC V,Delhi,Zero Dep,Petrol,70307.0,5,29.0,458000,10
1985,Hatchback,Manual,1,Maruti Ignis,2020,1.2 Zeta BSIV,Delhi,Third Party insurance,Petrol,30000.0,5,29.0,580000,4
1986,Hatchback,Manual,2,Maruti Ignis,2022,Sigma BSVI,Delhi,Third Party,Petrol,4108.0,5,29.0,517000,2
1987,Hatchback,Manual,1,Hyundai i20,2020,Sportz Plus,Delhi,Comprehensive,Petrol,40000.0,5,29.0,750000,4
1988,Hatchback,Manual,1,Hyundai i10,2012,Magna,Delhi,Comprehensive,Petrol,91926.0,5,29.0,213000,12
1989,Hatchback,Manual,1,Maruti Baleno,2019,1.2 Delta,Delhi,Third Party insurance,Petrol,60000.0,5,29.0,611000,5
1990,Hatchback,Manual,1,Toyota Glanza,2021,G,Delhi,Third Party insurance,Petrol,23200.0,5,29.0,745000,3
1991,Hatchback,Manual,1,Hyundai Grand i10,2015,Sportz,Delhi,Comprehensive,Petrol,50000.0,5,29.0,415000,9
1992,SUV,Manual,1,Jeep Compass,2017,2.0 Limited,Delhi,Comprehensive,Diesel,39000.0,5,29.0,1075000,7
1993,Hatchback,Automatic,1,Maruti Baleno,2016,1.2 CVT Delta,Delhi,Comprehensive,Petrol,55000.0,5,29.0,550000,8
1994,Hatchback,Manual,1,Tata Altroz,2020,XE BSVI,Delhi,Comprehensive,Petrol,55000.0,5,29.0,540000,4
1995,SUV,Manual,1,Maruti Vitara Brezza,2016,ZDi,Delhi,Third Party insurance,Diesel,50000.0,5,29.0,575000,8
1996,Sedan,Manual,2,Maruti Swift Dzire,2012,VXI,Delhi,Comprehensive,Petrol,50854.0,5,29.0,286000,12
1997,Sedan,Automatic,1,Audi A6,2014,35 TDI Premium,Delhi,Third Party insurance,Diesel,134000.0,5,29.0,890000,10
1998,Sedan,Automatic,1,Hyundai Elantra,2019,2.0 SX AT,Delhi,Comprehensive,Petrol,34000.0,5,29.0,1280000,5
1999,Sedan,Manual,1,Maruti Swift Dzire,2014,VXI,Delhi,Comprehensive,Petrol,52515.0,5,29.0,356000,10
2000,Sedan,Automatic,1,Toyota Corolla Altis,2017,1.8 G CVT,Delhi,Third Party insurance,Petrol,41000.0,5,29.0,1190000,7
2001,Hatchback,Manual,2,Renault KWID,2017,RXT Optional,Delhi,Comprehensive,Petrol,57806.0,5,29.0,295000,7
2002,Hatchback,Manual,1,Datsun RediGO,2018,A,Delhi,Zero Dep,Petrol,66227.0,5,29.0,213000,6
2003,Hatchback,Manual,3,Hyundai i10,2010,Era 1.1,Delhi,Third Party insurance,Petrol,100000.0,5,29.0,135000,14
2004,Hatchback,Automatic,2,Tata Tiago,2019,1.2 Revotron XZA,Delhi,Comprehensive,Petrol,43220.0,5,29.0,595000,5
2005,Hatchback,Manual,2,Renault KWID,2018,1.0 RXT 02 Anniversary Edition,Delhi,Comprehensive,Petrol,13500.0,5,29.0,425000,6
2006,Sedan,Manual,2,Tata Tigor,2016,1.2 Revotron XB,Delhi,Third Party insurance,Petrol,60000.0,5,29.0,330000,8
2007,Hatchback,Manual,1,Maruti Baleno,2016,1.2 Delta,Delhi,Third Party insurance,Petrol,43929.0,5,29.0,478000,8
2008,Hatchback,Manual,1,Maruti Wagon R,2017,LXI Optional,Delhi,Third Party insurance,Petrol,70000.0,5,29.0,450000,7
2009,Hatchback,Manual,1,Maruti Baleno,2020,Alpha,Delhi,Third Party insurance,Petrol,50000.0,5,29.0,680000,4
2010,Hatchback,Manual,3,Hyundai i10,2010,Era 1.1,Delhi,Third Party insurance,Petrol,100000.0,5,29.0,135000,14
2011,Hatchback,Manual,1,Renault KWID,2018,RXT Optional,Delhi,Comprehensive,Petrol,34250.0,5,29.0,385000,6
2012,Hatchback,Manual,2,Honda Brio,2012,V MT,Delhi,Third Party insurance,Petrol,90000.0,5,29.0,240000,12
2013,Hatchback,Manual,1,Hyundai Grand i10 Nios,2020,Sportz CNG,Delhi,Third Party,CNG,64847.0,5,29.0,626000,4
2014,SUV,Manual,1,Hyundai Creta,2021,S Diesel BSVI,Delhi,Third Party insurance,Diesel,50000.0,5,29.0,1350000,3
2015,Hatchback,Manual,2,Honda Brio,2012,V MT,Delhi,Third Party insurance,Petrol,90000.0,5,29.0,240000,12
2016,Hatchback,Manual,1,Hyundai i10,2015,Magna 1.1L,Delhi,1,Petrol,62150.0,5,29.0,345000,9
2017,SUV,Automatic,1,Ford Ecosport,2018,1.5 Petrol Titanium AT,Delhi,Comprehensive,Petrol,67000.0,5,29.0,749000,6
2018,Hatchback,Manual,2,Hyundai EON,2011,Magna Optional,Delhi,Third Party insurance,Petrol,41705.0,5,29.0,140000,13
2019,Hatchback,Manual,1,Maruti Swift,2014,VDI BSIV,Delhi,Third Party insurance,Diesel,120000.0,5,29.0,325000,10
2020,Hatchback,Manual,1,Maruti Swift,2017,LXI Optional-O,Delhi,Comprehensive,Petrol,55000.0,5,29.0,431000,7
2021,SUV,Manual,1,Hyundai Creta,2017,1.6 EX Petrol,Delhi,Third Party insurance,Petrol,69000.0,5,29.0,780000,7
2022,Hatchback,Manual,2,Hyundai i10,2009,Magna 1.2,Delhi,Third Party insurance,Petrol,90000.0,5,29.0,170000,15
2023,Hatchback,Manual,1,Toyota Glanza,2019,G,Delhi,Third Party insurance,Petrol,40000.0,5,29.0,530000,5
2024,SUV,Automatic,1,Maruti Vitara Brezza,2021,ZXI AT,Delhi,Zero Dep,Petrol,18432.0,5,29.0,949000,3
2025,Sedan,Manual,1,Honda Amaze,2016,S Option i-VTEC,Delhi,Third Party insurance,Petrol,43584.0,5,29.0,479000,8
2026,Hatchback,Manual,1,Maruti Baleno,2017,1.2 Delta,Delhi,Third Party insurance,Petrol,17665.0,5,29.0,562000,7
2027,SUV,Manual,2,Ford Ecosport,2017,1.5 TDCi Titanium BSIV,Delhi,Third Party insurance,Diesel,70000.0,5,29.0,600000,7
2028,Sedan,Manual,1,Tata Tigor,2022,XZ Plus BSVI,Delhi,Third Party,Petrol,10203.0,5,29.0,735000,2
2029,Hatchback,Manual,2,Hyundai Grand i10,2015,Magna,Delhi,Third Party insurance,Petrol,70000.0,5,29.0,420000,9
2030,Sedan,Manual,1,Honda City,2015,V MT,Delhi,Comprehensive,Petrol,63000.0,5,29.0,549000,9
2031,Hatchback,Manual,2,Volkswagen Polo,2013,Petrol Comfortline 1.2L,Delhi,Third Party,Petrol,45244.0,5,29.0,322000,11
2032,Hatchback,Manual,2,Hyundai i10,2009,Magna 1.2,Delhi,Third Party insurance,Petrol,80000.0,5,29.0,180000,15
2033,Hatchback,Manual,2,Maruti Baleno,2016,1.2 Delta,Delhi,Comprehensive,Petrol,77611.0,5,29.0,472000,8
2034,SUV,Manual,1,Hyundai Creta,2016,1.6 VTVT S,Delhi,Comprehensive,Petrol,68000.0,5,29.0,715000,8
2035,Sedan,Manual,1,Honda City,2021,SV MT,Delhi,Third Party insurance,Petrol,30000.0,5,29.0,900000,3
2036,Sedan,Manual,1,Honda City,2014,V MT,Delhi,Comprehensive,Petrol,67000.0,5,29.0,499000,10
2037,Hatchback,Manual,2,Maruti Swift,2017,LXI Optional-O,Delhi,Comprehensive,Petrol,34568.0,5,29.0,445000,7
2038,Hatchback,Manual,1,Volkswagen Polo,2017,1.2 MPI Comfortline,Delhi,Zero Dep,Petrol,54101.0,5,29.0,501000,7
2039,Hatchback,Manual,1,Toyota Etios Cross,2015,1.4L GD,Delhi,Third Party insurance,Diesel,120000.0,5,29.0,400000,9
2040,Sedan,Manual,1,Honda Amaze,2016,S Petrol BSIV,Delhi,Comprehensive,Petrol,67000.0,5,29.0,440000,8
2041,Sedan,Automatic,2,Volkswagen Vento,2016,1.2 TSI Highline AT,Delhi,Third Party insurance,Petrol,88952.0,5,29.0,631000,8
2042,Hatchback,Manual,1,Maruti Wagon R,2019,ZXI 1.2,Delhi,Comprehensive,Petrol,65000.0,5,29.0,545000,5
2043,Hatchback,Manual,1,Maruti Wagon R,2012,VXI BS IV,Delhi,Comprehensive,Petrol,50979.0,5,29.0,243000,12
2044,Sedan,Automatic,2,Audi A4,2014,2.0 TDI Premium Plus,Delhi,Comprehensive,Diesel,95000.0,5,29.0,890000,10
2045,Hatchback,Manual,1,Hyundai i20,2016,Sportz 1.2,Delhi,Third Party insurance,Petrol,58696.0,5,29.0,546000,8
2046,SUV,Automatic,1,Hyundai Venue,2022,SX Plus Turbo DCT,Delhi,Third Party insurance,Petrol,30000.0,5,29.0,1090000,2
2047,Hatchback,Manual,1,Maruti Ignis,2020,Alpha BSVI,Delhi,Comprehensive,Petrol,44000.0,5,29.0,575000,4
2048,SUV,Automatic,1,Land Rover Defender,2023,2.0 110 HSE,Delhi,Comprehensive,Petrol,1600.0,5,29.0,0,1
2049,Sedan,Automatic,1,Maruti Swift Dzire,2022,ZXI AT BSVI,Delhi,Third Party insurance,Petrol,30000.0,5,29.0,800000,2
2050,SUV,Manual,1,Tata Nexon,2021,XM S BSVI,Delhi,Zero Dep,Petrol,18110.0,5,29.0,819999,3
2051,SUV,Manual,2,Honda WR-V,2017,i-VTEC S,Delhi,Third Party,Petrol,24349.0,5,29.0,625000,7
2052,SUV,Manual,1,Hyundai Creta,2019,1.4 E Plus,Delhi,Third Party insurance,Diesel,60000.0,5,29.0,800000,5
2053,Hatchback,Manual,1,Hyundai i20,2017,Sportz 1.2,Delhi,Zero Dep,Petrol,81711.0,5,29.0,599000,7
2054,SUV,Automatic,1,Land Rover Defender,2023,2.0 110 HSE,Delhi,Comprehensive,Petrol,101.0,5,29.0,0,1
2055,Hatchback,Manual,1,Tata Tiago,2022,XZ Plus CNG BSVI,Delhi,Comprehensive,CNG,30400.0,5,29.0,725000,2
2056,Hatchback,Manual,2,Hyundai EON,2013,Magna Plus,Delhi,Comprehensive,Petrol,23961.0,5,29.0,216000,11
2057,Hatchback,Manual,1,Toyota Etios Liva,2018,1.2 V,Delhi,Third Party insurance,Petrol,66300.0,5,29.0,525000,6
2058,Hatchback,Manual,1,Maruti Celerio X,2019,VXI,Delhi,Zero Dep,Petrol,20802.0,5,29.0,480000,5
2059,Hatchback,Manual,1,Maruti Wagon R Stingray,2013,VXI,Delhi,Third Party,Petrol,54420.0,5,29.0,276000,11
2060,Sedan,Manual,1,Hyundai Verna,2012,1.6 SX VTVT,Delhi,Comprehensive,Petrol,92000.0,5,29.0,335000,12
2061,SUV,Automatic,1,Hyundai Creta,2018,1.6 SX Automatic,Delhi,Comprehensive,Petrol,59801.0,5,29.0,1150000,6
2062,SUV,Automatic,1,Maruti Vitara Brezza,2020,ZXI Plus AT,Delhi,Comprehensive,Petrol,32228.0,5,29.0,985000,4
2063,Sedan,Manual,1,Honda Amaze,2018,S i-DTEC,Delhi,Comprehensive,Diesel,88594.0,5,29.0,567000,6
2064,SUV,Manual,2,Hyundai Creta,2017,1.6 CRDi SX Plus,Delhi,Comprehensive,Diesel,33756.0,5,29.0,880000,7
2065,SUV,Manual,1,Honda WR-V,2017,i-VTEC VX,Delhi,Zero Dep,Petrol,38192.0,5,29.0,738000,7
2066,Sedan,Manual,1,Honda Amaze,2017,SX i VTEC,Delhi,Comprehensive,Petrol,97411.0,5,29.0,469000,7
2067,Hatchback,Automatic,1,Honda Jazz,2021,VX CVT,Delhi,Zero Dep,Petrol,11077.0,5,29.0,935000,3
2068,SUV,Manual,2,Hyundai Creta,2020,1.6 CRDi SX Option,Delhi,Third Party insurance,Diesel,55000.0,5,29.0,1290000,4
2069,Sedan,Automatic,1,Skoda Rapid,2016,1.6 MPI AT Elegance,Delhi,Third Party insurance,Petrol,43100.0,5,29.0,765000,8
2070,Hatchback,Manual,1,Maruti Baleno,2016,1.2 Alpha,Delhi,Comprehensive,Petrol,91881.0,5,29.0,524000,8
2071,Hatchback,Manual,2,Maruti Swift,2017,LXI Optional-O,Delhi,Third Party insurance,Petrol,36000.0,5,29.0,380000,7
2072,Hatchback,Automatic,2,Maruti Baleno,2018,1.2 CVT Alpha,Delhi,Comprehensive,Petrol,62479.0,5,29.0,621000,6
2073,Hatchback,Manual,2,Honda Brio,2013,S MT,Delhi,Comprehensive,Petrol,51000.0,5,29.0,230000,11
2074,Hatchback,Manual,1,Hyundai i20,2015,Asta 1.2,Delhi,Comprehensive,Petrol,63774.0,5,29.0,549000,9
2075,Sedan,Manual,1,Honda Amaze,2017,S Option i-VTEC,Delhi,Comprehensive,Petrol,45000.0,5,29.0,475000,7
2076,Sedan,Manual,1,Hyundai Aura,2021,S,Delhi,Third Party,Petrol,21900.0,5,29.0,775000,3
2077,Sedan,Manual,1,Hyundai Verna,2016,1.6 VTVT S,Delhi,Comprehensive,Petrol,27381.0,5,29.0,649000,8
2078,Hatchback,Manual,2,Maruti Alto 800,2017,CNG LXI Optional,Delhi,Comprehensive,CNG,54147.0,5,29.0,290000,7
2079,Hatchback,Manual,1,Maruti Wagon R,2020,CNG LXI,Delhi,Zero Dep,CNG,56716.0,5,29.0,551000,4
2080,Hatchback,Manual,2,Maruti Wagon R,2015,VXI,Delhi,Comprehensive,Petrol,49000.0,5,29.0,295000,9
2081,Sedan,Manual,1,Maruti Swift Dzire,2016,LXI Optional-O,Delhi,Comprehensive,Petrol,63000.0,5,29.0,485000,8
2082,Sedan,Manual,1,Honda City,2018,VX MT,Delhi,Comprehensive,Petrol,55000.0,5,29.0,825000,6
2083,SUV,Manual,2,Maruti Vitara Brezza,2018,ZDi Plus,Delhi,Comprehensive,Diesel,40190.0,5,29.0,736000,6
2084,SUV,Automatic,1,Hyundai Creta,2016,1.6 CRDi AT SX Plus,Delhi,Comprehensive,Diesel,80000.0,5,29.0,766000,8
2085,Sedan,Manual,1,Maruti Ciaz,2017,1.4 Alpha,Delhi,Third Party insurance,Petrol,65083.0,5,29.0,704000,7
2086,Sedan,Automatic,1,Honda City,2021,ZX CVT,Delhi,Zero Dep,Petrol,5378.0,5,29.0,1443000,3
2087,Sedan,Automatic,2,Audi A4,2014,2.0 TDI Premium Sport Limited Edition,Delhi,Comprehensive,Diesel,68000.0,5,29.0,950000,10
2088,SUV,Manual,1,Tata Harrier,2020,XZ,Delhi,Comprehensive,Diesel,68000.0,5,29.0,1400000,4
2089,SUV,Manual,1,Hyundai Creta,2021,E,Delhi,Comprehensive,Petrol,24000.0,5,29.0,1095000,3
2090,Sedan,Manual,1,Honda City,2018,VX MT,Delhi,Comprehensive,Petrol,55000.0,5,29.0,850000,6
2091,Hatchback,Manual,1,Maruti Baleno,2020,Delta,Delhi,Third Party,Petrol,60665.0,5,29.0,621000,4
2092,SUV,Manual,2,Hyundai Creta,2021,S BSVI,Delhi,Third Party insurance,Petrol,10000.0,5,29.0,1120000,3
2093,Sedan,Manual,1,Honda City,2015,i VTEC V,Delhi,Comprehensive,Petrol,57463.0,5,29.0,622000,9
2094,SUV,Manual,1,Hyundai Creta,2023,EX,Delhi,Comprehensive,Petrol,3100.0,5,29.0,1310000,1
2095,SUV,Manual,1,Ford Ecosport,2016,1.5 Ti VCT MT Titanium BSIV,Delhi,Zero Dep,Petrol,58716.0,5,29.0,625000,8
2096,Hatchback,Manual,1,Maruti Baleno,2017,1.2 Delta,Delhi,Comprehensive,Petrol,51017.0,5,29.0,532000,7
2097,Hatchback,Manual,1,Maruti Baleno,2022,Sigma BSVI,Delhi,Comprehensive,Petrol,17000.0,5,29.0,710000,2
2098,Sedan,Automatic,1,Maruti Ciaz,2016,AT ZXi,Delhi,Comprehensive,Petrol,49000.0,5,29.0,690000,8
2099,Sedan,Manual,1,Maruti Swift Dzire,2013,VXI,Delhi,Comprehensive,Petrol,70000.0,5,29.0,350000,11
2100,SUV,Manual,1,Kia Sonet,2020,GTX Plus Turbo iMT BSVI,Delhi,Comprehensive,Petrol,29100.0,5,29.0,1145000,4
2101,Sedan,Manual,1,Tata Tigor,2018,1.2 Revotron XZ Option,Delhi,Zero Dep,Petrol,57116.0,5,29.0,518000,6
2102,Hatchback,Manual,1,Hyundai EON,2016,Magna Plus,Delhi,Comprehensive,Petrol,56000.0,5,29.0,261000,8
2103,SUV,Manual,1,Honda WR-V,2021,SV,Delhi,Third Party,Petrol,9343.0,5,29.0,866000,3
2104,Sedan,Manual,1,Ford Aspire,2019,Titanium BSIV,Delhi,Zero Dep,Petrol,64668.0,5,29.0,518000,5
2105,Sedan,Manual,1,Honda City,2014,i VTEC VX,Delhi,Comprehensive,Petrol,87313.0,5,29.0,574000,10
2106,Hatchback,Manual,1,Honda Jazz,2015,1.2 V i VTEC,Delhi,Comprehensive,Petrol,39000.0,5,29.0,449000,9
2107,SUV,Manual,2,Honda WR-V,2017,i-VTEC VX,Delhi,Third Party,Petrol,27684.0,5,29.0,719000,7
2108,Hatchback,Manual,1,Ford Figo,2019,Titanium BSIV,Delhi,Comprehensive,Petrol,71566.0,5,29.0,507000,5
2109,SUV,Automatic,1,MG Astor,2022,Sharp CVT BSVI,Delhi,Comprehensive,Petrol,10000.0,5,29.0,1500000,2
2110,SUV,Automatic,1,Hyundai Creta,2018,1.6 SX Automatic,Delhi,Comprehensive,Petrol,85031.0,5,29.0,1052000,6
2111,SUV,Manual,1,Ford Ecosport,2020,Thunder Edition Diesel,Delhi,Zero Dep,Diesel,37527.0,5,29.0,930000,4
2112,SUV,Manual,1,Maruti Vitara Brezza,2019,VDi Option,Delhi,Comprehensive,Diesel,80000.0,5,29.0,850000,5
2113,Hatchback,Manual,1,Toyota Glanza,2020,G,Delhi,Third Party insurance,Petrol,10000.0,5,29.0,625000,4
2114,SUV,Automatic,1,Audi Q3,2015,35 TDI Quattro Premium Plus,Delhi,Comprehensive,Diesel,72011.0,5,29.0,1499000,9
2115,Hatchback,Manual,2,Maruti Baleno,2019,1.2 Zeta,Delhi,Comprehensive,Petrol,86919.0,5,29.0,688000,5
2116,SUV,Automatic,1,Mercedes-Benz AMG G 63,2022,4MATIC 2018-2023,Delhi,Comprehensive,Petrol,4000.0,5,29.0,0,2
2117,Sedan,Manual,1,Volkswagen Ameo,2018,1.0 MPI Highline Plus,Delhi,Third Party,Petrol,41051.0,5,29.0,627000,6
2118,Hatchback,Manual,1,Hyundai i10,2013,Magna 1.1L,Delhi,Comprehensive,Petrol,52439.0,5,29.0,335000,11
2119,Sedan,Automatic,2,Maruti Ciaz,2014,AT ZXi,Delhi,Comprehensive,Petrol,82347.0,5,29.0,528000,10
2120,Sedan,Manual,1,Maruti Ciaz,2014,VXi Option SHVS,Delhi,Third Party,Petrol,97249.0,5,29.0,511000,10
2121,SUV,Manual,1,Maruti Vitara Brezza,2018,ZDi Plus,Delhi,Third Party insurance,Diesel,52368.0,5,29.0,849000,6
2122,Sedan,Manual,1,Honda Amaze,2020,E Petrol,Delhi,Third Party insurance,Petrol,80000.0,5,29.0,500000,4
2123,SUV,Manual,2,Honda WR-V,2017,i-DTEC S,Delhi,Third Party insurance,Diesel,85162.0,5,29.0,525000,7
2124,Hatchback,Manual,1,Honda Jazz,2016,1.2 VX i VTEC,Delhi,Zero Dep,Petrol,62526.0,5,29.0,486000,8
2125,SUV,Manual,1,Renault Duster,2019,RXZ 110PS BSIV,Delhi,Zero Dep,Diesel,35331.0,5,29.0,989000,5
2126,Hatchback,Manual,1,Hyundai Santro,2019,Asta BSIV,Delhi,Zero Dep,Petrol,14893.0,5,29.0,526000,5
2127,Hatchback,Manual,2,Maruti Wagon R,2011,LXI BS IV,Delhi,Third Party insurance,Petrol,110000.0,5,29.0,170000,13
2128,Sedan,Automatic,1,Mercedes-Benz S-Class,2021,S 350 d,Delhi,Comprehensive,Diesel,7900.0,5,29.0,0,3
2129,Hatchback,Manual,1,Hyundai Grand i10,2016,Sportz,Delhi,Zero Dep,Petrol,55215.0,5,29.0,434000,8
2130,Sedan,Manual,1,Honda City,2014,i VTEC S,Delhi,Third Party insurance,Petrol,100000.0,5,29.0,300000,10
2131,SUV,Manual,1,Maruti Vitara Brezza,2017,VDi,Delhi,Third Party insurance,Diesel,54000.0,5,29.0,645000,7
2132,Hatchback,Manual,2,Hyundai i10,2011,Magna 1.2 iTech SE,Delhi,Third Party insurance,Petrol,60000.0,5,29.0,130000,13
2133,Sedan,Manual,1,Maruti Swift Dzire Tour,2018,1.2 S STD CNG,Delhi,Third Party insurance,CNG,100000.0,5,29.0,300000,6
2134,Hatchback,Manual,2,Hyundai i10,2009,Magna 1.2,Delhi,Third Party insurance,Petrol,60000.0,5,29.0,0,15
2135,SUV,Automatic,1,Hyundai Creta,2020,SX Diesel AT BSVI,Delhi,Third Party insurance,Diesel,50000.0,5,29.0,1500000,4
2136,Hatchback,Manual,1,Maruti Baleno,2016,1.2 Delta,Delhi,Comprehensive,Petrol,88882.0,5,29.0,495000,8
2137,Sedan,Manual,1,Toyota Corolla Altis,2016,G MT,Delhi,Comprehensive,Petrol,78986.0,5,29.0,815000,8
2138,Sedan,Manual,1,Maruti Swift Dzire,2014,LDI,Delhi,Third Party insurance,Diesel,100000.0,5,29.0,215000,10
2139,Hatchback,Manual,2,Hyundai i20 Active,2015,1.2 S,Delhi,Comprehensive,Petrol,24727.0,5,29.0,502000,9
2140,SUV,Automatic,3,Audi Q3,2014,2.0 TDI,Delhi,Third Party insurance,Diesel,70000.0,5,29.0,800000,10
2141,Hatchback,Manual,1,Maruti Alto K10,2017,VXI,Delhi,Third Party insurance,Petrol,50000.0,5,29.0,280000,7
2142,Hatchback,Manual,2,Maruti Baleno,2017,1.2 Delta,Delhi,Third Party insurance,Petrol,62113.0,5,29.0,524000,7
2143,Sedan,Automatic,3,Toyota Corolla Altis,2013,1.8 VL AT,Delhi,Third Party insurance,Petrol,120000.0,5,29.0,450000,11
2144,Hatchback,Manual,2,Tata Tiago,2018,1.05 Revotorq XT,Delhi,Third Party insurance,Diesel,120000.0,5,29.0,315000,6
2145,Sedan,Automatic,3,Toyota Corolla Altis,2013,1.8 VL AT,Delhi,Third Party insurance,Petrol,120000.0,5,29.0,450000,11
2146,SUV,Manual,2,Hyundai Creta,2021,S BSVI,Delhi,Third Party insurance,Petrol,10000.0,5,29.0,1120000,3
2147,Hatchback,Manual,1,Maruti Baleno,2021,Zeta,Delhi,Third Party insurance,Petrol,30000.0,5,29.0,635000,3
2148,SUV,Manual,1,Jeep Compass,2018,2.0 Limited,Delhi,Comprehensive,Diesel,67000.0,5,29.0,1110000,6
2149,Hatchback,Manual,1,Hyundai Grand i10,2016,Asta Option,Delhi,Zero Dep,Petrol,86183.0,5,29.0,450000,8
2150,Sedan,Manual,1,Toyota Etios,2013,VD,Delhi,Third Party insurance,Diesel,70000.0,5,29.0,260000,11
2151,Hatchback,Manual,1,Maruti Swift,2013,VXI,Delhi,Third Party,Petrol,88991.0,5,29.0,346000,11
2152,SUV,Automatic,1,Jeep Compass,2019,1.4 Longitude Plus AT,Delhi,Comprehensive,Petrol,55000.0,5,29.0,1475000,5
2153,Hatchback,Automatic,1,Renault KWID,2017,1.0 AMT RXT,Delhi,Comprehensive,Petrol,16452.0,5,29.0,300000,7
2154,Hatchback,Manual,1,Tata Tiago,2022,XZ Plus CNG BSVI,Delhi,Zero Dep,CNG,31029.0,5,29.0,740000,2
2155,Hatchback,Manual,2,Hyundai i20,2014,Sportz 1.2,Delhi,Comprehensive,Petrol,46724.0,5,29.0,403000,10
2156,Sedan,Automatic,1,Mercedes-Benz C-Class,2011,C 200 CGI,Delhi,Third Party insurance,Petrol,86000.0,5,29.0,750000,13
2157,Sedan,Automatic,1,Toyota Camry,2015,Hybrid,Delhi,Third Party insurance,Petrol,80000.0,5,29.0,1425000,9
2158,Sedan,Automatic,1,Toyota Camry,2015,Hybrid,Delhi,Third Party insurance,Petrol,70000.0,5,29.0,1425000,9
2159,Sedan,Manual,1,Honda City,2016,i VTEC V,Delhi,Comprehensive,Petrol,60000.0,5,29.0,660000,8
2160,Hatchback,Manual,1,Maruti Wagon R,2009,LXI Minor,Delhi,Third Party insurance,Petrol,60000.0,5,29.0,150000,15
2161,Hatchback,Manual,1,Hyundai Grand i10 Nios,2021,Sportz CNG,Delhi,Third Party,CNG,71727.0,5,29.0,676000,3
2162,Sedan,Automatic,1,Mercedes-Benz E-Class,2013,E250 CDI Avantgarde,Delhi,Comprehensive,Diesel,73000.0,5,29.0,1125000,11
2163,SUV,Manual,1,Honda WR-V,2017,i-VTEC VX,Delhi,Third Party insurance,Petrol,85482.0,5,29.0,686000,7
2164,Hatchback,Manual,2,Maruti Celerio,2016,Green VXI,Delhi,Third Party insurance,CNG,60000.0,5,29.0,260000,8
2165,Sedan,Manual,1,Hyundai Verna,2017,1.6 SX VTVT,Delhi,Zero Dep,Petrol,89581.0,5,29.0,798000,7
2166,Sedan,Automatic,2,Skoda Rapid,2014,1.6 MPI AT Ambition Plus,Delhi,Third Party insurance,Petrol,110000.0,5,29.0,275000,10
2167,Sedan,Manual,2,Toyota Etios,2011,V,Delhi,Third Party,Petrol,69164.0,5,29.0,250000,13
2168,SUV,Automatic,1,Honda CR-V,2016,2.0L 2WD AT,Delhi,Comprehensive,Petrol,28000.0,5,29.0,1450000,8
2169,SUV,Manual,1,Maruti Vitara Brezza,2018,ZDi Plus,Delhi,Comprehensive,Diesel,66175.0,5,29.0,787000,6
2170,Sedan,Manual,1,Tata Tigor,2017,1.2 Revotron XZ,Delhi,Comprehensive,Petrol,47001.0,5,29.0,485000,7
2171,Sedan,Automatic,2,Audi A4,2015,2.0 TDI Premium Plus,Delhi,Third Party insurance,Diesel,43600.0,5,29.0,1200000,9
2172,Sedan,Manual,1,Maruti Swift Dzire,2021,VXI BSVI,Delhi,Comprehensive,Petrol,18021.0,5,29.0,700000,3
2173,Hatchback,Manual,1,Maruti Wagon R,2008,LX BSIII,Delhi,Third Party insurance,Petrol,90000.0,5,29.0,0,16
2174,SUV,Automatic,1,Mercedes-Benz G,2021,G 350d,Delhi,Comprehensive,Diesel,38000.0,5,29.0,0,3
2175,Hatchback,Manual,1,Ford Figo,2021,Titanium,Delhi,Third Party,Petrol,39076.0,5,29.0,711000,3
2176,Hatchback,Manual,1,Maruti Celerio,2018,VXI CNG,Delhi,Zero Dep,CNG,106848.0,5,29.0,423000,6
2177,Hatchback,Manual,2,Hyundai i10,2010,Magna,Delhi,Third Party insurance,Petrol,111237.0,5,29.0,140000,14
2178,Hatchback,Automatic,2,Volkswagen Polo,2018,GT TSI,Delhi,Third Party insurance,Petrol,70000.0,5,29.0,715000,6
2179,SUV,Manual,1,Nissan Magnite,2022,XV Premium BSVI,Delhi,Comprehensive,Petrol,13278.0,5,29.0,836999,2
2180,Hatchback,Manual,1,Maruti Baleno,2019,Zeta Diesel,Delhi,Comprehensive,Diesel,37000.0,5,29.0,650000,5
2181,SUV,Manual,1,Maruti SX4 S Cross,2017,DDiS 200 Delta,Delhi,Third Party insurance,Diesel,54000.0,5,29.0,595000,7
2182,Sedan,Manual,1,Honda City,2014,i DTEC VX,Delhi,Third Party insurance,Diesel,120000.0,5,29.0,499000,10
2183,Sedan,Manual,2,Maruti Swift Dzire,2010,VXi,Delhi,Third Party insurance,Petrol,70000.0,5,29.0,150000,14
2184,Hatchback,Manual,1,Maruti Celerio,2018,ZXI,Delhi,Third Party insurance,Petrol,19717.0,5,29.0,459000,6
2185,Hatchback,Manual,1,Maruti Alto K10,2017,VXI,Delhi,Third Party,Petrol,35495.0,5,29.0,332000,7
2186,Hatchback,Manual,1,Maruti S-Presso,2019,VXI 2019-2022,Delhi,Comprehensive,Petrol,15981.0,5,29.0,427000,5
2187,Hatchback,Manual,1,Hyundai i10,2011,Sportz,Delhi,Third Party,Petrol,73052.0,5,29.0,183000,13
2188,SUV,Manual,1,Tata Punch,2021,Creative IRA BSVI,Delhi,Third Party,Petrol,15036.0,5,29.0,806000,3
2189,Sedan,Manual,1,Hyundai Xcent,2018,1.2 VTVT E Plus,Delhi,Third Party insurance,Petrol,39000.0,5,29.0,525000,6
2190,Hatchback,Manual,1,Skoda Fabia,2011,1.2 MPI Ambition,Delhi,Third Party insurance,Petrol,90000.0,5,29.0,120000,13
2191,Hatchback,Manual,1,Renault KWID,2018,RXL,Delhi,Third Party insurance,Petrol,30000.0,5,29.0,265000,6
2192,Hatchback,Manual,1,Maruti Ignis,2022,Sigma BSVI,Delhi,Comprehensive,Petrol,4975.0,5,29.0,519000,2
2193,Hatchback,Manual,2,Maruti Alto 800,2014,CNG LXI,Delhi,Comprehensive,CNG,48000.0,5,29.0,249000,10
2194,SUV,Automatic,1,Renault Kiger,2022,RXT Turbo CVT,Delhi,Third Party insurance,Petrol,10000.0,5,29.0,1025000,2
2195,SUV,Manual,1,Nissan Magnite,2021,XV BSVI,Delhi,Comprehensive,Petrol,61882.0,5,29.0,698000,3
2196,Hatchback,Manual,1,Maruti Ignis,2021,Sigma BSVI,Delhi,Comprehensive,Petrol,6088.0,5,29.0,524000,3
2197,Hatchback,Automatic,1,Hyundai i20,2018,Petrol CVT Magna Executive,Delhi,Comprehensive,Petrol,23000.0,5,29.0,675000,6
2198,Hatchback,Manual,1,Maruti Baleno,2018,1.2 Delta,Delhi,Zero Dep,Petrol,41732.0,5,29.0,546000,6
2199,SUV,Manual,1,Maruti Vitara Brezza,2019,VDi,Delhi,Comprehensive,Diesel,51000.0,5,29.0,775000,5
2200,Hatchback,Manual,1,Hyundai EON,2015,Era Plus,Delhi,Comprehensive,Petrol,38000.0,5,29.0,245000,9
2201,SUV,Automatic,3,Audi Q5,2014,30 TDI quattro Premium,Delhi,Comprehensive,Diesel,92000.0,5,29.0,1300000,10
2202,SUV,Automatic,2,Audi Q5,2013,30 TDI quattro Premium,Delhi,Comprehensive,Diesel,92000.0,5,29.0,1300000,11
2203,Hatchback,Manual,1,Hyundai i20,2019,1.2 Magna Executive,Delhi,Third Party insurance,Petrol,49010.0,5,29.0,595000,5
2204,Hatchback,Manual,1,Maruti Baleno,2019,1.2 Delta,Delhi,Third Party,Petrol,26089.0,5,29.0,592000,5
2205,Hatchback,Manual,1,Maruti Alto K10,2018,VXI,Delhi,Comprehensive,Petrol,37302.0,5,29.0,352000,6
2206,Hatchback,Automatic,1,Maruti Baleno,2021,1.2 CVT Alpha,Delhi,Comprehensive,Petrol,37000.0,5,29.0,890000,3
2207,Hatchback,Manual,1,Maruti Alto 800,2015,LXI,Delhi,Third Party,Petrol,36483.0,5,29.0,258000,9
2208,Sedan,Automatic,1,Hyundai Elantra,2015,2.0 SX AT,Delhi,Comprehensive,Petrol,62000.0,5,29.0,775000,9
2209,SUV,Manual,1,Hyundai Creta,2019,1.6 SX,Delhi,Third Party insurance,Petrol,38010.0,5,29.0,1095000,5
2210,Hatchback,Automatic,2,Maruti Celerio,2018,ZXI AMT BSIV,Delhi,Comprehensive,Petrol,35123.0,5,29.0,475000,6
2211,SUV,Manual,1,Hyundai Venue,2020,S,Delhi,Third Party insurance,Petrol,55000.0,5,29.0,775000,4
2212,Sedan,Automatic,1,Hyundai Elantra,2013,SX AT,Delhi,Comprehensive,Petrol,76000.0,5,29.0,575000,11
2213,Sedan,Automatic,1,Honda Amaze,2018,V CVT Petrol,Delhi,Third Party insurance,Petrol,58000.0,5,29.0,675000,6
2214,Hatchback,Manual,1,Maruti Baleno,2017,1.2 Delta,Delhi,Comprehensive,Petrol,25367.0,5,29.0,568000,7
2215,Hatchback,Manual,1,Maruti Baleno,2017,1.2 Delta,Delhi,Third Party,Petrol,27240.0,5,29.0,548000,7
2216,SUV,Manual,1,Hyundai Creta,2020,E Diesel,Delhi,Comprehensive,Diesel,28000.0,5,29.0,1150000,4
2217,Hatchback,Manual,2,Maruti Baleno,2016,1.2 Delta,Delhi,Comprehensive,Petrol,20755.0,5,29.0,503000,8
2218,SUV,Automatic,1,Mercedes-Benz AMG G 63,2023,4MATIC 2018-2023,Delhi,Comprehensive,Petrol,3500.0,5,29.0,0,1
2219,SUV,Automatic,2,Honda CR-V,2013,2.4L 4WD AT,Delhi,Third Party insurance,Petrol,81000.0,5,29.0,925000,11
2220,Sedan,Automatic,2,Maruti Ciaz,2016,AT ZXi,Delhi,Third Party insurance,Petrol,60000.0,5,29.0,600000,8
2221,Hatchback,Manual,1,Maruti Wagon R,2011,VXI BS IV,Delhi,Comprehensive,Petrol,64694.0,5,29.0,208000,13
2222,Hatchback,Manual,1,Hyundai Grand i10,2018,1.2 Kappa Magna BSIV,Delhi,Comprehensive,Petrol,21867.0,5,29.0,528000,6
2223,Hatchback,Manual,1,Tata Tiago,2021,XZ,Delhi,Comprehensive,Petrol,36247.0,5,29.0,555000,3
2224,Hatchback,Manual,1,Maruti Baleno,2019,Delta,Delhi,Comprehensive,Petrol,55566.0,5,29.0,622000,5
2225,SUV,Manual,1,Nissan Magnite,2021,XV BSVI,Delhi,Zero Dep,Petrol,46318.0,5,29.0,733000,3
2226,Sedan,Manual,1,Maruti Ciaz,2023,Zeta BSVI,Delhi,Comprehensive,Petrol,7359.0,5,29.0,1075000,1
2227,SUV,Manual,1,Maruti Vitara Brezza,2017,VDi Option,Delhi,Comprehensive,Diesel,27000.0,5,29.0,699000,7
2228,Sedan,Manual,2,Hyundai Accent,2010,GLX,Delhi,Third Party insurance,Petrol,53000.0,5,29.0,0,14
2229,Sedan,Manual,1,Honda Amaze,2013,S i-Dtech,Delhi,Third Party insurance,Diesel,50000.0,5,29.0,250000,11
2230,Sedan,Manual,1,Honda City,2015,i VTEC V,Delhi,Comprehensive,Petrol,99373.0,5,29.0,578000,9
2231,SUV,Manual,1,Ford Ecosport,2016,1.5 TDCi Ambiente BSIV,Delhi,Third Party insurance,Diesel,120000.0,5,29.0,265000,8
2232,Hatchback,Manual,1,Maruti Alto 800,2017,VXI,Delhi,Third Party,Petrol,11815.0,5,29.0,306000,7
2233,Sedan,Manual,1,Maruti Swift Dzire,2016,VXI 1.2,Delhi,Comprehensive,Petrol,39412.0,5,29.0,549000,8
2234,Hatchback,Manual,2,Maruti Baleno,2016,1.2 Sigma,Delhi,Third Party insurance,Petrol,60000.0,5,29.0,450000,8
2235,Hatchback,Manual,1,Maruti Swift,2018,VXI,Delhi,Comprehensive,Petrol,33015.0,5,29.0,536000,6
2236,Hatchback,Manual,2,Honda Brio,2012,S MT,Delhi,Third Party insurance,Petrol,44371.0,5,29.0,235000,12
2237,SUV,Automatic,1,Toyota Land Cruiser 300,2023,ZX,Delhi,Comprehensive,Diesel,3500.0,5,29.0,0,1
2238,Hatchback,Manual,1,Maruti Wagon R,2013,VXI BS IV,Delhi,Comprehensive,Petrol,39045.0,5,29.0,304000,11
2239,Hatchback,Manual,1,Hyundai i10,2013,Era,Delhi,Third Party insurance,Petrol,49000.0,5,29.0,295000,11
2240,Sedan,Automatic,1,Honda City,2021,VX CVT,Delhi,Comprehensive,Petrol,7936.0,5,29.0,1296000,3
2241,Sedan,Automatic,2,Audi A6,2014,2.0 TDI Technology,Delhi,Comprehensive,Diesel,66000.0,5,29.0,1075000,10
2242,Hatchback,Manual,1,Hyundai EON,2016,Era Plus,Delhi,Third Party insurance,Petrol,65739.0,5,29.0,295000,8
2243,Hatchback,Automatic,1,Maruti Celerio,2016,VXI AT,Delhi,Third Party insurance,Petrol,52407.0,5,29.0,425000,8
2244,Hatchback,Automatic,1,Hyundai i10,2011,Sportz AT,Delhi,Third Party insurance,Petrol,30000.0,5,29.0,350000,13
2245,Hatchback,Manual,1,Maruti Wagon R,2013,LXI,Delhi,Third Party insurance,Petrol,86816.0,5,29.0,275000,11
2246,Hatchback,Manual,1,Toyota Etios Liva,2015,1.2 G,Delhi,Third Party insurance,Petrol,63000.0,5,29.0,415000,9
2247,Hatchback,Manual,1,Tata Tiago,2018,1.2 Revotron XM,Delhi,Third Party insurance,Petrol,67000.0,5,29.0,465000,6
2248,Sedan,Automatic,2,Audi A4,2014,2.0 TDI Premium Plus,Delhi,Comprehensive,Diesel,59000.0,5,29.0,975000,10
2249,Hatchback,Manual,1,Hyundai i20,2016,Sportz 1.2,Delhi,Comprehensive,Petrol,68838.0,5,29.0,545000,8
2250,Hatchback,Manual,1,Hyundai Grand i10,2017,1.2 Kappa Sportz BSIV,Delhi,Third Party insurance,Petrol,46835.0,5,29.0,510000,7
2251,Sedan,Automatic,2,Honda City,2022,VX CVT,Delhi,Third Party,Petrol,5242.0,5,29.0,1403000,2
2252,Hatchback,Manual,1,Maruti Baleno,2022,Delta BSVI,Delhi,Comprehensive,Petrol,17457.0,5,29.0,749000,2
2253,Hatchback,Automatic,1,Maruti Alto K10,2016,VXI AMT,Delhi,Comprehensive,Petrol,33618.0,5,29.0,346000,8
2254,Hatchback,Manual,1,Maruti Wagon R,2013,LXI BS IV,Delhi,Comprehensive,Petrol,87208.0,5,29.0,257000,11
2255,Hatchback,Manual,1,Datsun RediGO,2016,1.0 T Option,Delhi,Third Party insurance,Petrol,42736.0,5,29.0,275000,8
2256,Sedan,Manual,1,Toyota Etios,2011,G,Delhi,Comprehensive,Petrol,55556.0,5,29.0,229000,13
2257,SUV,Manual,1,Maruti Brezza,2023,Zxi,Delhi,Comprehensive,Petrol,2054.0,5,29.0,1250000,1
2258,Sedan,Manual,1,Hyundai Verna,2011,1.6 SX VTVT (O),Delhi,Third Party insurance,Petrol,32000.0,5,29.0,349000,13
2259,Sedan,Manual,1,Honda City,2017,i VTEC V,Delhi,Comprehensive,Petrol,70000.0,5,29.0,699000,7
2260,Wagon,Automatic,1,Maruti Wagon R,2019,ZXI AMT 1.2BSIV,Delhi,Comprehensive,Petrol,40000.0,5,29.0,565000,5
2261,Hatchback,Manual,1,Maruti Baleno,2019,1.2 Zeta,Delhi,Comprehensive,Petrol,14163.0,5,29.0,722000,5
2262,Sedan,Manual,1,Hyundai Aura,2020,SX Option,Delhi,Third Party,Petrol,4764.0,5,29.0,803999,4
2263,SUV,Manual,1,Hyundai Creta,2018,1.4 E Plus CRDi,Delhi,Third Party insurance,Diesel,82000.0,5,29.0,910000,6
2264,Hatchback,Manual,1,Maruti Swift,2013,VXI,Delhi,Comprehensive,Petrol,75463.0,5,29.0,315000,11
2265,Hatchback,Manual,1,Maruti Wagon R,2013,CNG LXI BSIV,Delhi,Comprehensive,CNG,66000.0,5,29.0,231000,11
2266,Hatchback,Manual,1,Maruti Baleno,2017,1.2 Delta,Delhi,Third Party insurance,Petrol,22091.0,5,29.0,557000,7
2267,Hatchback,Manual,2,Hyundai i10,2012,Magna 1.1 iTech SE,Delhi,Comprehensive,Petrol,65000.0,5,29.0,231000,12
2268,Hatchback,Manual,1,Tata Tiago,2016,1.2 Revotron XZ,Delhi,Comprehensive,Petrol,66000.0,5,29.0,369000,8
2269,SUV,Manual,1,MG Astor,2022,Super EX BSVI,Delhi,Comprehensive,Petrol,15000.0,5,29.0,1150000,2
2270,Hatchback,Manual,1,Maruti Baleno,2021,1.2 Zeta,Delhi,Comprehensive,Petrol,30000.0,5,29.0,700000,3
2271,SUV,Automatic,1,Kia Seltos,2021,HTK Plus AT D,Delhi,Comprehensive,Diesel,47000.0,5,29.0,1300000,3
2272,Hatchback,Automatic,2,Maruti Baleno,2020,1.2 CVT Alpha,Delhi,Third Party insurance,Petrol,35854.0,5,29.0,805000,4
2273,Sedan,Manual,2,Toyota Etios,2015,V,Delhi,Comprehensive,Petrol,64229.0,5,29.0,441000,9
2274,Hatchback,Manual,1,Renault KWID,2019,1.0 RXT Optional,Delhi,Comprehensive,Petrol,2997.0,5,29.0,397000,5
2275,Hatchback,Manual,1,Renault KWID,2021,1.0 RXT Opt,Delhi,Third Party insurance,Petrol,9606.0,5,29.0,455000,3
2276,Hatchback,Manual,1,Toyota Glanza,2021,G,Delhi,Third Party insurance,Petrol,23159.0,5,29.0,737000,3
2277,SUV,Manual,1,Ford Ecosport,2016,1.5 Ti VCT MT Ambiente BSIV,Delhi,Third Party,Petrol,53488.0,5,29.0,540000,8
2278,Sedan,Manual,1,Maruti Swift Dzire,2019,VXI 1.2,Delhi,Third Party insurance,Petrol,68192.0,5,29.0,627000,5
2279,SUV,Manual,1,Maruti Vitara Brezza,2018,VDi Option,Delhi,Third Party insurance,Diesel,67756.0,5,29.0,772000,6
2280,SUV,Manual,1,Maruti SX4 S Cross,2017,Delta DDiS 200 SH,Delhi,Third Party insurance,Diesel,83811.0,5,29.0,587000,7
2281,Hatchback,Manual,1,Maruti Celerio,2016,Green VXI,Delhi,Comprehensive,CNG,68000.0,5,29.0,410000,8
2282,Hatchback,Manual,1,Maruti Swift,2022,VXI,Delhi,Comprehensive,Petrol,4100.0,5,29.0,699000,2
2283,Sedan,Manual,1,Maruti Swift Dzire,2020,VXI 1.2,Delhi,Comprehensive,Petrol,46243.0,5,29.0,642000,4
2284,Hatchback,Automatic,2,Nissan Micra,2015,XL CVT,Delhi,Comprehensive,Petrol,52123.0,5,29.0,366000,9
2285,Hatchback,Manual,1,Hyundai Grand i10,2015,SportZ Edition,Delhi,Third Party insurance,Petrol,23690.0,5,29.0,447000,9
2286,Hatchback,Manual,1,Maruti Alto 800,2016,LXI,Delhi,Zero Dep,Petrol,70879.0,5,29.0,262000,8
2287,Hatchback,Manual,1,Volkswagen Polo,2012,Petrol Trendline 1.2L,Delhi,Comprehensive,Petrol,42000.0,5,29.0,265000,12
2288,Sedan,Manual,2,Honda City,2017,i VTEC V,Delhi,Comprehensive,Petrol,12651.0,5,29.0,761000,7
2289,Sedan,Manual,1,Honda Amaze,2016,E i-VTEC,Delhi,Comprehensive,Petrol,61000.0,5,29.0,430000,8
2290,Hatchback,Manual,1,Maruti Celerio,2018,VXI CNG,Delhi,Comprehensive,CNG,98705.0,5,29.0,401000,6
2291,Sedan,Manual,1,Maruti Swift Dzire,2017,VDI,Delhi,Comprehensive,Diesel,32000.0,5,29.0,635000,7
2292,Hatchback,Manual,1,Maruti Alto K10,2017,LXI Optional,Delhi,Comprehensive,Petrol,33000.0,5,29.0,340000,7
2293,Hatchback,Manual,1,Maruti Wagon R,2018,LXI BS IV,Delhi,Zero Dep,Petrol,19765.0,5,29.0,392000,6
2294,SUV,Manual,1,Mahindra XUV300,2021,W8 Option BSVI,Delhi,Third Party insurance,Petrol,7076.0,5,29.0,1205000,3
2295,Sedan,Manual,1,Honda City,2017,i VTEC V,Delhi,Zero Dep,Petrol,30560.0,5,29.0,743000,7
2296,Hatchback,Manual,1,Maruti Celerio,2018,VXI CNG BSIV,Delhi,Third Party insurance,CNG,47944.0,5,29.0,485000,6
2297,SUV,Automatic,1,Hyundai Tucson,2017,2.0 Dual VTVT 2WD AT GL,Delhi,Third Party insurance,Petrol,65000.0,5,29.0,1050000,7
2298,Sedan,Manual,2,Honda Amaze,2017,S Petrol BSIV,Delhi,Comprehensive,Petrol,58996.0,5,29.0,462000,7
2299,Hatchback,Manual,2,Hyundai i20,2015,Asta 1.2,Delhi,Third Party insurance,Petrol,59537.0,5,29.0,509000,9
2300,Hatchback,Manual,1,Maruti Wagon R,2022,LXI,Delhi,Comprehensive,Petrol,9314.0,5,29.0,530000,2
2301,SUV,Manual,2,Nissan Kicks,2019,Petrol,Delhi,Third Party insurance,Petrol,60000.0,5,29.0,700000,5
2302,Sedan,Manual,1,Honda Amaze,2014,S Petrol,Delhi,Third Party insurance,Petrol,41684.0,5,29.0,310000,10
2303,Sedan,Automatic,3,Audi A4,2011,1.8 TFSI,Delhi,Third Party insurance,Petrol,70000.0,5,29.0,700000,13
2304,Hatchback,Manual,1,Toyota Etios Liva,2016,1.2 VX Dual Tone,Delhi,Comprehensive,Petrol,51607.0,5,29.0,440000,8
2305,Sedan,Manual,1,Tata Zest,2015,Quadrajet 1.3 XT,Delhi,Third Party insurance,Diesel,90000.0,5,29.0,400000,9
2306,Hatchback,Manual,1,Maruti Swift,2013,ZXI,Delhi,Comprehensive,Petrol,97672.0,5,29.0,360000,11
2307,Sedan,Manual,3,Hyundai Verna,2014,1.6 SX VTVT,Delhi,Third Party insurance,Petrol,90000.0,5,29.0,360000,10
2308,Hatchback,Manual,2,Nissan Micra,2015,XV,Delhi,Comprehensive,Petrol,68740.0,5,29.0,344000,9
2309,Sedan,Manual,1,Maruti Ciaz,2017,VDi Plus SHVS,Delhi,Third Party insurance,Diesel,40000.0,5,29.0,600000,7
2310,Hatchback,Automatic,2,Volkswagen Polo,2016,GT TSI,Delhi,Third Party insurance,Petrol,40000.0,5,29.0,675000,8
2311,Hatchback,Manual,2,Maruti Alto 800,2016,VXI,Delhi,Comprehensive,Petrol,60896.0,5,29.0,294000,8
2312,Sedan,Manual,1,Honda City,2013,V MT,Delhi,Third Party insurance,Petrol,60000.0,5,29.0,375000,11
2313,Sedan,Automatic,2,Maruti Swift Dzire,2021,ZXI Plus AT BSVI,Delhi,Comprehensive,Petrol,18340.0,5,29.0,801000,3
2314,SUV,Automatic,2,Hyundai Creta,2017,1.6 CRDi AT SX Plus,Delhi,Third Party insurance,Diesel,70000.0,5,29.0,800000,7
2315,Hatchback,Manual,1,Maruti Wagon R,2015,CNG LXI BSIV,Delhi,Comprehensive,CNG,75000.0,5,29.0,313000,9
2316,SUV,Manual,1,Honda WR-V,2017,i-VTEC S,Delhi,Third Party insurance,Petrol,40000.0,5,29.0,510000,7
2317,SUV,Automatic,2,Audi Q3,2014,35 TDI Quattro Premium Plus,Delhi,Third Party insurance,Diesel,57000.0,5,29.0,1125000,10
2318,Hatchback,Manual,1,Maruti Baleno,2016,1.2 Delta,Delhi,Comprehensive,Petrol,48000.0,5,29.0,455000,8
2319,SUV,Automatic,1,Ford Ecosport,2017,1.5 Petrol Titanium AT,Delhi,Comprehensive,Petrol,25000.0,5,29.0,725000,7
2320,Hatchback,Manual,1,Ford Figo,2019,1.5D Titanium MT,Delhi,Comprehensive,Diesel,63176.0,5,29.0,515000,5
2321,Hatchback,Manual,1,Renault KWID,2020,1.0 RXT Opt,Delhi,Comprehensive,Petrol,22820.0,5,29.0,418000,4
2322,Hatchback,Manual,1,Hyundai i10,2009,Magna 1.2 iTech SE,Delhi,Third Party insurance,Petrol,30000.0,5,29.0,200000,15
2323,Sedan,Automatic,1,Maruti Swift Dzire,2017,AMT ZXI Plus,Delhi,Comprehensive,Petrol,74538.0,5,29.0,685000,7
2324,Hatchback,Manual,1,Maruti Alto 800,2018,LXI,Delhi,Comprehensive,Petrol,45399.0,5,29.0,289000,6
2325,Sedan,Manual,2,Volkswagen Ameo,2018,1.0 MPI Highline Plus,Delhi,Third Party,Petrol,24940.0,5,29.0,610000,6
2326,SUV,Automatic,1,Hyundai Creta,2019,1.6 CRDi AT SX Plus,Delhi,Comprehensive,Diesel,22000.0,5,29.0,1400000,5
2327,Hatchback,Manual,1,Maruti Baleno,2017,Delta,Delhi,Comprehensive,Petrol,40000.0,5,29.0,525000,7
2328,SUV,Manual,1,Honda WR-V,2018,i-DTEC VX,Delhi,Comprehensive,Diesel,58000.0,5,29.0,725000,6
2329,Hatchback,Manual,1,Hyundai i20,2015,Sportz 1.4 CRDi,Delhi,Comprehensive,Diesel,75000.0,5,29.0,425000,9
2330,SUV,Manual,1,Ford Ecosport,2014,1.5 DV5 MT Titanium,Delhi,Comprehensive,Diesel,76000.0,5,29.0,350000,10
2331,Hatchback,Automatic,1,Renault KWID,2017,1.0 AMT RXT,Delhi,Comprehensive,Petrol,60000.0,5,29.0,325000,7
2332,Sedan,Manual,2,Volkswagen Jetta,2013,1.4 TSI Comfortline,Delhi,Comprehensive,Petrol,80000.0,5,29.0,415000,11
2333,Hatchback,Manual,1,Maruti Baleno,2017,1.2 Zeta,Delhi,Comprehensive,Petrol,42841.0,5,29.0,589000,7
2334,SUV,Manual,1,Maruti Vitara Brezza,2017,ZDi,Delhi,Comprehensive,Diesel,67000.0,5,29.0,650000,7
2335,Hatchback,Manual,1,Maruti Wagon R,2017,VXI,Delhi,Third Party insurance,Petrol,40000.0,5,29.0,375000,7
2336,Sedan,Manual,2,Hyundai Verna,2015,1.6 VTVT SX,Delhi,Comprehensive,Petrol,37140.0,5,29.0,903000,9
2337,Hatchback,Manual,1,Maruti Celerio,2018,VXI CNG BSIV,Delhi,Third Party insurance,CNG,120000.0,5,29.0,350000,6
2338,SUV,Manual,1,Toyota Urban cruiser,2022,High,Delhi,Third Party insurance,Petrol,10000.0,5,29.0,950000,2
2339,SUV,Automatic,2,Hyundai Creta,2018,1.6 CRDi AT SX Plus,Delhi,Comprehensive,Diesel,32000.0,5,29.0,1099000,6
2340,SUV,Manual,1,Hyundai Creta,2022,SX Executive,Delhi,Comprehensive,Petrol,3500.0,5,29.0,1511000,2
2341,Hatchback,Manual,1,Maruti Swift,2017,VXI,Delhi,Third Party insurance,Petrol,50629.0,5,29.0,422000,7
2342,Hatchback,Automatic,1,Maruti Baleno,2019,1.2 CVT Zeta,Delhi,Zero Dep,Petrol,63534.0,5,29.0,678000,5
2343,Hatchback,Manual,1,Hyundai EON,2018,1.0 Era Plus,Delhi,Comprehensive,Petrol,52000.0,5,29.0,300000,6
2344,Sedan,Manual,1,Honda City,2013,V MT,Delhi,Third Party insurance,Petrol,70000.0,5,29.0,455000,11
2345,Hatchback,Automatic,1,Tata Tiago,2020,XZA Plus Dual Tone,Delhi,Third Party,Petrol,9540.0,5,29.0,751000,4
2346,Sedan,Automatic,1,Maruti Ciaz,2017,1.4 AT Alpha,Delhi,Comprehensive,Petrol,45000.0,5,29.0,775000,7
2347,Hatchback,Manual,1,Maruti Baleno,2019,1.2 Zeta,Delhi,Zero Dep,Petrol,36861.0,5,29.0,678000,5
2348,SUV,Manual,1,Ford Ecosport,2017,1.5 Petrol Trend,Delhi,Comprehensive,Petrol,68000.0,5,29.0,550000,7
2349,Sedan,Manual,1,Maruti Swift Dzire,2014,VXI,Delhi,Comprehensive,Petrol,68000.0,5,29.0,390000,10
2350,Hatchback,Manual,1,Maruti Swift,2015,LXI,Delhi,Comprehensive,Petrol,38000.0,5,29.0,395000,9
2351,Hatchback,Manual,1,Renault KWID,2017,1.0 RXL,Delhi,Comprehensive,Petrol,39000.0,5,29.0,295000,7
2352,Hatchback,Manual,1,Volkswagen Polo,2017,1.2 MPI Highline,Delhi,Comprehensive,Petrol,40000.0,5,29.0,599000,7
2353,Hatchback,Automatic,1,Maruti Wagon R,2019,AMT VXI Option,Delhi,Comprehensive,Petrol,60000.0,5,29.0,399000,5
2354,Sedan,Manual,1,Ford Aspire,2018,1.5 TDCi Titanium,Delhi,Comprehensive,Diesel,40000.0,5,29.0,449000,6
2355,Hatchback,Manual,1,Maruti Alto K10,2018,VXI,Delhi,Comprehensive,Petrol,68000.0,5,29.0,300000,6
2356,Hatchback,Manual,2,Maruti Ignis,2017,Alpha,Delhi,Comprehensive,Petrol,40000.0,5,29.0,449000,7
2357,Hatchback,Manual,1,Maruti Wagon R,2014,VXI,Delhi,Comprehensive,Petrol,37000.0,5,29.0,295000,10
2358,Sedan,Automatic,1,Maruti Swift Dzire,2018,AMT VXI,Delhi,Zero Dep,Petrol,21912.0,5,29.0,649000,6
2359,Hatchback,Manual,1,Hyundai i10,2013,Magna,Delhi,Third Party,Petrol,74564.0,5,29.0,274000,11
2360,Hatchback,Manual,1,Maruti Alto 800,2019,VXI,Delhi,Comprehensive,Petrol,48000.0,5,29.0,375000,5
2361,Sedan,Manual,1,Honda Amaze,2018,S i-DTEC,Delhi,Zero Dep,Diesel,60341.0,5,29.0,591000,6
2362,Hatchback,Manual,1,Maruti Swift,2017,LXI Optional-O,Delhi,Third Party,Petrol,36973.0,5,29.0,434000,7
2363,Sedan,Manual,1,Maruti Ciaz,2017,1.3 Zeta,Delhi,Comprehensive,Diesel,39000.0,5,29.0,699000,7
2364,Hatchback,Manual,1,Maruti Wagon R,2013,VXI BS IV,Delhi,Third Party,Petrol,52514.0,5,29.0,271000,11
2365,Hatchback,Manual,1,Maruti Wagon R,2022,VXI 1.2 BSIV,Delhi,Comprehensive,Petrol,13001.0,5,29.0,555000,2
2366,SUV,Manual,1,Hyundai Creta,2018,1.4 E Plus CRDi,Delhi,Comprehensive,Diesel,72000.0,5,29.0,825000,6
2367,SUV,Manual,1,Ford Ecosport,2017,1.5 Petrol Titanium Plus,Delhi,Comprehensive,Petrol,62000.0,5,29.0,599000,7
2368,Sedan,Manual,1,Toyota Etios,2017,1.5 V,Delhi,Comprehensive,Petrol,34000.0,5,29.0,481000,7
2369,Hatchback,Manual,1,Volkswagen Polo,2019,1.0 MPI Highline,Delhi,Comprehensive,Petrol,45000.0,5,29.0,699000,5
2370,Sedan,Manual,1,Maruti Swift Dzire,2013,VXI,Delhi,Comprehensive,Petrol,64000.0,5,29.0,331000,11
2371,Hatchback,Manual,2,Chevrolet Beat,2013,LT,Delhi,Comprehensive,Petrol,58000.0,5,29.0,178000,11
2372,SUV,Automatic,2,Hyundai Creta,2017,1.6 SX Automatic,Delhi,Comprehensive,Petrol,48000.0,5,29.0,925000,7
2373,Hatchback,Manual,1,Maruti Ritz,2013,VXi,Delhi,Comprehensive,Petrol,70000.0,5,29.0,290000,11
2374,Sedan,Automatic,2,Maruti Ciaz,2017,1.4 AT Alpha,Delhi,Comprehensive,Petrol,59863.0,5,29.0,570000,7
2375,SUV,Automatic,2,Ford Ecosport,2015,1.5 Petrol Titanium AT,Delhi,Comprehensive,Petrol,68631.0,5,29.0,465000,9
2376,Hatchback,Manual,1,Maruti Alto 800,2021,LXI,Delhi,Zero Dep,Petrol,18833.0,5,29.0,351000,3
2377,Hatchback,Manual,1,Maruti Ignis,2021,Sigma BSVI,Delhi,Third Party,Petrol,55418.0,5,29.0,515000,3
2378,Hatchback,Manual,1,Maruti Wagon R,2013,VXI BS IV,Delhi,Third Party insurance,Petrol,20000.0,5,29.0,225000,11
2379,Hatchback,Manual,1,Renault KWID,2018,1.0 RXT Optional,Delhi,Comprehensive,Petrol,25000.0,5,29.0,349000,6
2380,SUV,Automatic,1,Jeep Compass,2019,1.4 Longitude Plus AT,Delhi,Comprehensive,Petrol,87576.0,5,29.0,1385000,5
2381,Hatchback,Manual,1,Honda Brio,2014,S MT,Delhi,Comprehensive,Petrol,58000.0,5,29.0,290000,10
2382,Sedan,Automatic,1,Volkswagen Vento,2013,IPL II Petrol Highline AT,Delhi,Comprehensive,Petrol,69000.0,5,29.0,330000,11
2383,Hatchback,Manual,1,Maruti Alto 800,2020,LXI,Delhi,Comprehensive,Petrol,45000.0,5,29.0,365000,4
2384,Sedan,Manual,1,Maruti Swift Dzire Tour,2021,1.2 S STD CNG,Delhi,Third Party insurance,CNG,20000.0,5,29.0,650000,3
2385,SUV,Manual,1,Maruti SX4 S Cross,2015,DDiS 200 Sigma,Delhi,Comprehensive,Diesel,70000.0,5,29.0,449000,9
2386,Hatchback,Manual,1,Tata Tiago,2020,XZ,Delhi,Comprehensive,Petrol,25000.0,5,29.0,499000,4
2387,Sedan,Automatic,1,Skoda Slavia,2022,1.0 TSI Ambition AT BSVI,Delhi,Zero Dep,Petrol,11332.0,5,29.0,1358000,2
2388,Hatchback,Manual,1,Maruti Baleno,2016,1.2 Zeta,Delhi,Comprehensive,Petrol,25456.0,5,29.0,560000,8
2389,Hatchback,Manual,2,Maruti Wagon R,2013,LXI,Delhi,Comprehensive,Petrol,65000.0,5,29.0,275000,11
2390,SUV,Automatic,1,Renault Duster,2018,Petrol RXS CVT,Delhi,Comprehensive,Petrol,70000.0,5,29.0,699000,6
2391,Hatchback,Manual,2,Maruti Baleno,2018,1.3 Alpha,Delhi,Zero Dep,Diesel,62411.0,5,29.0,593000,6
2392,Sedan,Automatic,2,Mercedes-Benz E-Class,2012,E200 CGI Blue Efficiency,Delhi,Third Party insurance,Petrol,56000.0,5,29.0,1050000,12
2393,SUV,Manual,2,Mahindra KUV 100 NXT,2018,D75 K6 Plus 5Str,Delhi,Third Party,Diesel,63661.0,5,29.0,567000,6
2394,SUV,Manual,1,Honda WR-V,2018,i-VTEC VX,Delhi,Comprehensive,Petrol,50000.0,5,29.0,749000,6
2395,Sedan,Manual,1,Volkswagen Vento,2011,Petrol Comfortline,Delhi,Comprehensive,Petrol,74000.0,5,29.0,249000,13
2396,Hatchback,Manual,1,Hyundai i10,2013,Era,Delhi,Third Party insurance,Petrol,65000.0,5,29.0,225000,11
2397,Hatchback,Manual,1,Maruti Baleno,2015,1.3 Delta,Delhi,Comprehensive,Diesel,40000.0,5,29.0,399000,9
2398,Sedan,Automatic,3,Honda City,2010,1.5 V AT,Delhi,Comprehensive,Petrol,81000.0,5,29.0,225000,14
2399,Hatchback,Manual,1,Maruti Alto,2012,LX,Delhi,Third Party insurance,Petrol,80000.0,5,29.0,137000,12
2400,Sedan,Manual,1,Maruti Swift Dzire,2014,VDI,Delhi,Comprehensive,Diesel,107539.0,5,29.0,389000,10
2401,Hatchback,Manual,1,Maruti Baleno,2016,1.2 Zeta,Delhi,Comprehensive,Petrol,52059.0,5,29.0,548000,8
2402,Sedan,Manual,1,Honda Amaze,2018,S Petrol BSIV,Delhi,Comprehensive,Petrol,53034.0,5,29.0,596000,6
2403,Hatchback,Manual,2,Maruti Baleno,2017,1.2 Zeta,Delhi,Zero Dep,Petrol,66462.0,5,29.0,501000,7
2404,Hatchback,Manual,1,Maruti Baleno,2017,1.2 Delta,Delhi,Third Party,Petrol,52444.0,5,29.0,495000,7
2405,SUV,Automatic,2,MG Hector,2019,Smart DCT,Delhi,Third Party insurance,Petrol,40000.0,5,29.0,1500000,5
2406,Hatchback,Manual,1,Hyundai Grand i10 Nios,2022,Sportz,Delhi,Third Party insurance,Petrol,10000.0,5,29.0,725000,2
2407,SUV,Manual,1,Toyota Urban cruiser,2022,High,Delhi,Third Party insurance,Petrol,10000.0,5,29.0,1030000,2
2408,Sedan,Manual,1,Maruti Ciaz,2017,1.3 Delta,Delhi,Third Party insurance,Diesel,70000.0,5,29.0,650000,7
2409,Hatchback,Automatic,1,Hyundai Grand i10,2014,AT Asta,Delhi,Comprehensive,Petrol,14000.0,5,29.0,450000,10
2410,SUV,Manual,1,Ford Ecosport,2019,1.5 Diesel Titanium Plus,Delhi,Third Party insurance,Diesel,39500.0,5,29.0,689000,5
2411,Sedan,Manual,1,Skoda Octavia,2018,1.4 TSI MT Ambition,Delhi,Comprehensive,Petrol,64213.0,5,29.0,1250000,6
2412,Hatchback,Manual,2,Maruti Alto 800,2021,LXI,Delhi,Third Party insurance,Petrol,20000.0,5,29.0,310000,3
2413,SUV,Manual,1,Kia Seltos,2019,GTX Plus,Delhi,Comprehensive,Petrol,60000.0,5,29.0,1200000,5
2414,Pickup Trucks,Manual,1,Isuzu D-Max,2018,4X4,Delhi,Third Party insurance,Diesel,120000.0,5,29.0,1280000,6
2415,Hatchback,Manual,2,Hyundai Grand i10,2017,1.2 Kappa Magna BSIV,Delhi,Zero Dep,Petrol,48768.0,5,29.0,452000,7
2416,Hatchback,Manual,2,Maruti Celerio,2020,ZXI,Delhi,Comprehensive,Petrol,91970.0,5,29.0,404000,4
2417,Hatchback,Manual,1,Maruti Baleno,2016,1.2 Delta,Delhi,Zero Dep,Petrol,34936.0,5,29.0,473000,8
2418,Hatchback,Manual,3,Honda Jazz,2011,X,Delhi,Third Party,Petrol,64071.0,5,29.0,252000,13
2419,SUV,Manual,1,Honda WR-V,2022,VX,Delhi,Comprehensive,Petrol,10000.0,5,29.0,950000,2
2420,Hatchback,Automatic,1,Maruti Baleno,2018,1.2 CVT Alpha,Delhi,Zero Dep,Petrol,60443.0,5,29.0,633000,6
2421,Hatchback,Manual,2,Maruti Swift,2015,LXI,Delhi,Comprehensive,Petrol,10056.0,5,29.0,413000,9
2422,Sedan,Manual,1,Honda City,2020,i-VTEC V,Delhi,Comprehensive,Petrol,13000.0,5,29.0,1100000,4
2423,SUV,Manual,1,Hyundai Creta,2020,S Diesel BSVI,Delhi,Comprehensive,Diesel,80000.0,5,29.0,1250000,4
2424,SUV,Manual,2,Maruti Grand Vitara,2012,2.4 MT,Delhi,Third Party insurance,Petrol,110000.0,5,29.0,650000,12
2425,Hatchback,Manual,1,Maruti Wagon R,2012,VXI Minor,Delhi,Third Party insurance,Petrol,60000.0,5,29.0,300000,12
2426,Hatchback,Manual,1,Maruti Swift,2022,VXI BSVI,Delhi,Third Party insurance,Petrol,30000.0,5,29.0,713000,2
2427,SUV,Automatic,2,Ford Ecosport,2015,1.5 Ti VCT AT Titanium BSIV,Delhi,Third Party insurance,Petrol,90000.0,5,29.0,515000,9
2428,Hatchback,Manual,1,Maruti Baleno,2020,Zeta,Delhi,Third Party insurance,Petrol,50000.0,5,29.0,600000,4
2429,Sedan,Automatic,1,Maruti Ciaz,2016,AT ZXi,Delhi,Third Party insurance,Petrol,48000.0,5,29.0,690000,8
2430,Hatchback,Manual,1,Maruti Baleno,2016,1.2 Zeta,Delhi,Comprehensive,Petrol,35467.0,5,29.0,513000,8
2431,SUV,Manual,1,Maruti Brezza,2022,Lxi BSVI,Delhi,Comprehensive,Petrol,24000.0,5,29.0,835000,2
2432,Hatchback,Manual,1,Hyundai Grand i10,2017,1.2 Kappa Magna BSIV,Delhi,Comprehensive,Petrol,76181.0,5,29.0,439000,7
2433,Hatchback,Manual,1,Maruti Baleno,2020,Zeta,Delhi,Comprehensive,Petrol,23842.0,5,29.0,720000,4
2434,SUV,Manual,2,Maruti Vitara Brezza,2022,VXI,Delhi,Third Party insurance,Petrol,20000.0,5,29.0,942000,2
2435,Sedan,Manual,1,Hyundai Accent,2009,Executive,Delhi,Third Party insurance,Petrol,80000.0,5,29.0,100000,15
2436,Hatchback,Manual,1,Maruti Baleno,2016,1.2 Zeta,Delhi,Third Party insurance,Petrol,124245.0,5,29.0,491000,8
2437,Sedan,Automatic,1,Honda Amaze,2022,VX CVT BSVI,Delhi,Comprehensive,Petrol,5100.0,5,29.0,925000,2
2438,SUV,Manual,1,Toyota Urban cruiser,2022,Premium,Delhi,Third Party insurance,Petrol,30000.0,5,29.0,1060000,2
2439,SUV,Manual,1,Maruti Vitara Brezza,2018,VDi Option,Delhi,Comprehensive,Diesel,50000.0,5,29.0,670000,6
2440,SUV,Manual,1,Ford Ecosport,2017,1.0 Ecoboost Titanium,Delhi,Comprehensive,Petrol,89698.0,5,29.0,500000,7
2441,Sedan,Automatic,2,Audi A4,2014,2.0 TDI,Delhi,Third Party insurance,Diesel,18000.0,5,29.0,1250000,10
2442,Hatchback,Manual,3,Maruti Swift,2009,1.3 VXi,Delhi,Third Party insurance,Petrol,100000.0,5,29.0,110000,15
2443,Hatchback,Manual,2,Hyundai Santro Xing,2010,GL Plus,Delhi,Third Party insurance,Petrol,60000.0,5,29.0,150000,14
2444,Sedan,Manual,3,Honda City,2014,i VTEC V,Delhi,Third Party insurance,Petrol,100000.0,5,29.0,460000,10
2445,Hatchback,Manual,1,Hyundai Grand i10,2016,Sportz,Delhi,Comprehensive,Petrol,58193.0,5,29.0,411000,8
2446,Hatchback,Manual,2,Maruti Baleno,2017,1.2 Delta,Delhi,Comprehensive,Petrol,68621.0,5,29.0,481000,7
2447,SUV,Manual,1,Honda WR-V,2017,i-VTEC VX,Delhi,Third Party insurance,Petrol,50000.0,5,29.0,670000,7
2448,Hatchback,Manual,1,Maruti Baleno,2020,Alpha,Delhi,Comprehensive,Petrol,23399.0,5,29.0,724000,4
2449,Hatchback,Manual,1,Hyundai i20 Active,2017,1.2 S,Delhi,Third Party insurance,Petrol,60915.0,5,29.0,546000,7
2450,Hatchback,Manual,1,Volkswagen Polo,2013,Petrol Trendline 1.2L,Delhi,Comprehensive,Petrol,101297.0,5,29.0,278000,11
2451,Hatchback,Manual,1,Honda Brio,2013,S MT,Delhi,Third Party,Petrol,73883.0,5,29.0,261000,11
2452,Hatchback,Manual,1,Mahindra KUV 100 NXT,2018,D75 K4 Plus 5Str,Delhi,Comprehensive,Diesel,69000.0,5,29.0,399000,6
2453,Hatchback,Automatic,1,Hyundai i10,2011,Sportz AT,Delhi,Comprehensive,Petrol,58632.0,5,29.0,220000,13
2454,Sedan,Automatic,1,Honda Civic,2011,1.8 V AT Sunroof,Delhi,Comprehensive,Petrol,41352.0,5,29.0,330000,13
2455,Sedan,Manual,1,Maruti Swift Dzire,2015,LXI Option,Delhi,Comprehensive,Petrol,37000.0,5,29.0,435000,9
2456,Hatchback,Manual,1,Maruti Ignis,2018,Alpha BSVI,Delhi,Third Party insurance,Petrol,90000.0,5,29.0,450000,6
2457,Sedan,Manual,1,Maruti Swift Dzire,2016,LDI Optional,Delhi,Third Party insurance,Diesel,120000.0,5,29.0,380000,8
2458,Hatchback,Manual,1,Maruti Baleno,2020,Zeta,Delhi,Zero Dep,Petrol,59014.0,5,29.0,675000,4
2459,Hatchback,Automatic,1,Honda Brio,2017,1.2 VX AT,Delhi,Zero Dep,Petrol,43148.0,5,29.0,527000,7
2460,Sedan,Manual,1,Maruti Swift Dzire,2015,VXI,Delhi,Comprehensive,Petrol,89352.0,5,29.0,380000,9
2461,Sedan,Manual,1,Tata Tigor,2021,XZ Plus BSVI,Delhi,Third Party,Petrol,38511.0,5,29.0,689000,3
2462,Hatchback,Manual,1,Maruti Baleno,2016,1.2 Delta,Delhi,Zero Dep,Petrol,66584.0,5,29.0,474000,8
2463,Hatchback,Manual,1,Maruti Ignis,2020,1.2 Zeta BSIV,Delhi,Third Party,Petrol,19418.0,5,29.0,577000,4
2464,Sedan,Automatic,1,Toyota Yaris,2018,VX CVT,Delhi,Comprehensive,Petrol,23000.0,5,29.0,894999,6
2465,Sedan,Manual,1,Nissan Sunny,2012,XV,Delhi,Third Party insurance,Petrol,50000.0,5,29.0,250000,12
2466,SUV,Manual,1,Kia Sonet,2022,HTK Plus Diesel iMT BSVI,Delhi,Third Party insurance,Diesel,20000.0,5,29.0,1025000,2
2467,Sedan,Manual,1,Honda City,2021,SV MT,Delhi,Third Party insurance,Petrol,30000.0,5,29.0,900000,3
2468,SUV,Manual,1,Hyundai Venue,2020,S,Delhi,Comprehensive,Petrol,42000.0,5,29.0,650000,4
2469,Sedan,Automatic,1,Maruti Ciaz,2023,Zeta AT BSVI,Delhi,Comprehensive,Petrol,600.0,5,29.0,1175000,1
2470,Sedan,Manual,3,Chevrolet Optra,2010,1.6 LT ABS BS3,Delhi,Third Party insurance,Petrol,30000.0,5,29.0,186000,14
2471,Sedan,Manual,1,Nissan Sunny,2012,XV,Delhi,Third Party insurance,Petrol,70000.0,5,29.0,250000,12
2472,Hatchback,Manual,1,Hyundai i20,2015,Asta 1.4 CRDi,Delhi,Not Available,Diesel,136288.0,5,29.0,425000,9
2473,Hatchback,Manual,1,Hyundai Grand i10,2015,Sportz,Delhi,Third Party insurance,Petrol,48000.0,5,29.0,425000,9
2474,Hatchback,Manual,1,Hyundai Grand i10,2019,1.2 Kappa Magna BSIV,Delhi,Third Party,Petrol,49707.0,5,29.0,523000,5
2475,Hatchback,Manual,1,Honda Brio,2012,S MT,Delhi,Comprehensive,Petrol,59443.0,5,29.0,240000,12
2476,Sedan,Manual,1,Maruti Swift Dzire Tour,2022,S CNG (O),Delhi,Third Party insurance,CNG,30000.0,5,29.0,754000,2
2477,Hatchback,Manual,2,Hyundai i20,2017,1.2 Magna Executive,Delhi,Comprehensive,Petrol,84181.0,5,29.0,491000,7
2478,Hatchback,Manual,1,Maruti Swift,2018,VDI,Delhi,Third Party insurance,Diesel,66434.0,5,29.0,618000,6
2479,SUV,Automatic,1,Ford Ecosport,2018,1.5 Petrol Titanium Plus AT BSIV,Delhi,Third Party insurance,Petrol,40000.0,5,29.0,775000,6
2480,Hatchback,Manual,1,Maruti Wagon R,2007,LXI Minor,Delhi,Third Party insurance,Petrol,100000.0,5,29.0,0,17
2481,SUV,Automatic,1,Ford Ecosport,2018,1.5 Petrol Titanium Plus AT BSIV,Delhi,Third Party insurance,Petrol,40000.0,5,29.0,775000,6
2482,Hatchback,Manual,2,Hyundai i20,2019,Magna Plus BSIV,Delhi,Third Party insurance,Petrol,70000.0,5,29.0,510000,5
2483,SUV,Automatic,1,Audi Q3,2013,35 TDI Quattro Premium Plus,Delhi,Third Party insurance,Diesel,87000.0,5,29.0,869999,11
2484,Hatchback,Automatic,2,Maruti Ignis,2017,1.3 AMT Zeta,Delhi,Third Party insurance,Diesel,60000.0,5,29.0,445000,7
2485,SUV,Automatic,1,Ford Ecosport,2015,1.5 Ti VCT AT Titanium,Delhi,Zero Dep,Petrol,88710.0,5,29.0,547000,9
2486,Hatchback,Manual,1,Maruti Baleno,2019,1.2 Zeta,Delhi,Comprehensive,Petrol,47644.0,5,29.0,626000,5
2487,Hatchback,Manual,1,Maruti Baleno,2016,1.2 Delta,Delhi,Comprehensive,Petrol,100505.0,5,29.0,445000,8
2488,Hatchback,Manual,1,Hyundai i20,2015,Asta 1.2,Delhi,Third Party insurance,Petrol,106648.0,5,29.0,458000,9
2489,Hatchback,Manual,2,Hyundai Santro Xing,2014,GLS CNG,Delhi,Third Party insurance,CNG,60000.0,5,29.0,205000,10
2490,Hatchback,Manual,1,Maruti Wagon R,2019,CNG LXI BSIV,Delhi,Comprehensive,CNG,53481.0,5,29.0,507000,5
2491,Hatchback,Manual,2,Maruti Wagon R,2012,LXI BS IV,Delhi,Third Party insurance,Petrol,40000.0,5,29.0,240000,12
2492,Hatchback,Manual,1,Maruti Baleno,2019,1.2 Zeta,Delhi,Zero Dep,Petrol,25050.0,5,29.0,713000,5
2493,Sedan,Manual,1,Honda City,2014,i VTEC VX Option,Delhi,Comprehensive,Petrol,96000.0,5,29.0,575000,10
2494,Hatchback,Manual,1,Maruti Celerio,2019,VXI CNG BSIV,Delhi,Comprehensive,CNG,51000.0,5,29.0,400000,5
2495,Hatchback,Manual,1,Honda Jazz,2015,1.5 SV i DTEC,Delhi,Third Party insurance,Diesel,70000.0,5,29.0,350000,9
2496,SUV,Manual,1,Tata Nexon,2020,XM Plus S BSVI,Delhi,Comprehensive,Petrol,32456.0,5,29.0,825000,4
2497,Sedan,Manual,1,Hyundai Verna,2021,S Plus,Delhi,Comprehensive,Petrol,34940.0,5,29.0,950000,3
2498,Sedan,Manual,3,Hyundai Verna,2016,1.6 CRDi SX,Delhi,Third Party insurance,Diesel,70000.0,5,29.0,500000,8
2499,Hatchback,Manual,1,Maruti Baleno,2019,1.2 Zeta,Delhi,Comprehensive,Petrol,73679.0,5,29.0,608000,5
2500,Hatchback,Manual,2,Hyundai Grand i10,2017,1.2 Kappa Magna BSIV,Delhi,Comprehensive,Petrol,32722.0,5,29.0,423000,7
2501,Hatchback,Automatic,2,Volkswagen Polo,2018,GT TSI,Delhi,Third Party insurance,Petrol,70000.0,5,29.0,800000,6
2502,Hatchback,Manual,2,Hyundai Grand i10,2017,1.2 Kappa Magna BSIV,Delhi,Third Party insurance,Petrol,34332.0,5,29.0,433000,7
2503,SUV,Manual,1,Ford Ecosport,2018,1.5 Diesel Ambiente,Delhi,Third Party insurance,Diesel,72194.0,5,29.0,525000,6
2504,Hatchback,Manual,1,Maruti Baleno,2017,1.2 Zeta,Delhi,Zero Dep,Petrol,56740.0,5,29.0,526000,7
2505,Hatchback,Manual,1,Hyundai Grand i10,2018,1.2 Kappa Magna BSIV,Delhi,Third Party,Petrol,35828.0,5,29.0,459000,6
2506,SUV,Automatic,1,Audi Q3,2015,35 TDI Quattro Premium,Delhi,Third Party insurance,Diesel,57088.0,5,29.0,1450000,9
2507,Sedan,Automatic,1,Toyota Yaris,2020,J Optional CVT BSIV,Delhi,Third Party insurance,Petrol,70382.0,5,29.0,865000,4
2508,Hatchback,Manual,1,Maruti Ignis,2022,Sigma BSVI,Delhi,Third Party insurance,Petrol,20000.0,5,29.0,550000,2
2509,SUV,Automatic,1,MG Hector,2020,Sharp DCT,Delhi,Third Party insurance,Petrol,30000.0,5,29.0,1500000,4
2510,Hatchback,Manual,1,Honda Jazz,2012,X,Delhi,Third Party insurance,Petrol,70000.0,5,29.0,261000,12
2511,Hatchback,Manual,1,Maruti Wagon R,2021,CNG LXI,Delhi,Not Available,CNG,45313.0,5,29.0,510000,3
2512,Hatchback,Manual,2,Maruti Ritz,2014,VXi,Delhi,Third Party,Petrol,54235.0,5,29.0,284000,10
2513,Hatchback,Automatic,1,Maruti Ignis,2018,1.2 AMT Alpha BSIV,Delhi,Zero Dep,Petrol,52777.0,5,29.0,520000,6
2514,Hatchback,Manual,1,Hyundai i20,2018,1.2 Magna Executive,Delhi,Comprehensive,Petrol,26000.0,5,29.0,590000,6
2515,Sedan,Manual,1,Skoda Rapid,2018,1.6 MPI Active BSIV,Delhi,Third Party,Petrol,77937.0,5,29.0,655000,6
2516,Sedan,Manual,1,Tata Tigor,2021,XZ Plus BSVI,Delhi,Zero Dep,Petrol,40663.0,5,29.0,699000,3
2517,Hatchback,Manual,1,Hyundai Grand i10,2015,Asta,Delhi,Comprehensive,Petrol,40000.0,5,29.0,395000,9
2518,Sedan,Manual,1,Toyota Etios,2011,VX,Delhi,Comprehensive,Petrol,115500.0,5,29.0,217000,13
2519,Sedan,Automatic,1,Skoda Superb,2015,Elegance 1.8 TSI AT,Delhi,Comprehensive,Petrol,67000.0,5,29.0,940000,9
2520,Sedan,Manual,2,Maruti Swift Dzire,2016,LXI Option,Delhi,Third Party insurance,Petrol,60000.0,5,29.0,480000,8
2521,Hatchback,Manual,1,Hyundai Grand i10,2018,1.2 Kappa Magna CNG BSIV,Delhi,Comprehensive,CNG,67000.0,5,29.0,495000,6
2522,Sedan,Manual,2,Maruti Ciaz,2015,VXi,Delhi,Third Party insurance,Petrol,80000.0,5,29.0,550000,9
2523,Hatchback,Manual,1,Hyundai i10,2011,Era,Delhi,Third Party insurance,Petrol,60000.0,5,29.0,137000,13
2524,SUV,Automatic,1,Kia Seltos,2019,HTX IVT G,Delhi,Comprehensive,Petrol,27000.0,5,29.0,1290000,5
2525,Hatchback,Automatic,2,Maruti Celerio,2017,VXI AMT BSIV,Delhi,Comprehensive,Petrol,64000.0,5,29.0,355000,7
2526,Sedan,Manual,1,Hyundai Xcent,2015,1.2 Kappa SX Option,Delhi,Third Party,Petrol,67827.0,5,29.0,386000,9
2527,Hatchback,Manual,1,Maruti Baleno,2018,1.2 Delta,Delhi,Zero Dep,Petrol,79094.0,5,29.0,514000,6
2528,Sedan,Manual,2,Hyundai Verna,2012,1.6 EX VTVT,Delhi,Third Party,Petrol,64589.0,5,29.0,325000,12
2529,Hatchback,Manual,1,Hyundai i20 Active,2015,1.2 SX,Delhi,Comprehensive,Petrol,88309.0,5,29.0,508000,9
2530,Hatchback,Manual,2,Maruti Swift,2018,ZXI Plus,Delhi,Comprehensive,Petrol,66688.0,5,29.0,567000,6
2531,Hatchback,Manual,1,Maruti Baleno,2022,Sigma,Delhi,Third Party insurance,Petrol,20000.0,5,29.0,670000,2
2532,Sedan,Automatic,1,Maruti Ciaz,2018,Alpha Automatic BSIV,Delhi,Third Party,Petrol,60653.0,5,29.0,760000,6
2533,Hatchback,Manual,1,Hyundai Grand i10,2017,1.2 Kappa Sportz BSIV,Delhi,Zero Dep,Petrol,86527.0,5,29.0,398000,7
2534,Sedan,Manual,1,Honda Amaze,2017,E Petrol BSIV,Delhi,Comprehensive,Petrol,67000.0,5,29.0,485000,7
2535,SUV,Automatic,3,Ford Ecosport,2013,1.5 Ti VCT AT Titanium,Delhi,Third Party insurance,Petrol,70000.0,5,29.0,300000,11
2536,Sedan,Manual,1,Honda Amaze,2018,S Petrol,Delhi,Third Party insurance,Petrol,70311.0,5,29.0,525000,6
2537,Hatchback,Manual,1,Tata Tiago,2016,1.2 Revotron XZ,Delhi,Comprehensive,Petrol,54000.0,5,29.0,375000,8
2538,SUV,Manual,1,Honda WR-V,2017,i-DTEC VX,Delhi,Third Party insurance,Diesel,52000.0,5,29.0,595000,7
2539,Hatchback,Manual,1,Maruti Wagon R,2010,LXI Minor,Delhi,Third Party insurance,Petrol,20000.0,5,29.0,200000,14
2540,Hatchback,Manual,1,Hyundai i20,2019,Diesel Magna,Delhi,Third Party insurance,Diesel,80000.0,5,29.0,531000,5
2541,Hatchback,Manual,3,Maruti Wagon R,2009,LXI Minor,Delhi,Third Party insurance,Petrol,110000.0,5,29.0,150000,15
2542,Hatchback,Manual,1,Maruti Wagon R,2019,CNG LXI BSIV,Delhi,Zero Dep,CNG,69821.0,5,29.0,503000,5
2543,Hatchback,Manual,1,Tata Altroz,2021,XZ Plus Turbo BSVI,Delhi,Zero Dep,Petrol,12754.0,5,29.0,861999,3
2544,Sedan,Manual,1,Toyota Corolla Altis,2017,1.8 GL,Delhi,Third Party insurance,Petrol,69000.0,5,29.0,880000,7
2545,Hatchback,Manual,1,Maruti Wagon R,2014,VXI BS IV,Delhi,Third Party insurance,Petrol,98390.0,5,29.0,272000,10
2546,Sedan,Automatic,1,Maruti Ciaz,2016,AT ZXi Plus,Delhi,Third Party insurance,Petrol,84195.0,5,29.0,627000,8
2547,Hatchback,Manual,1,Maruti Ignis,2017,1.2 Zeta BSIV,Delhi,Comprehensive,Petrol,77184.0,5,29.0,428000,7
2548,Sedan,Manual,1,Tata Manza,2012,Aura (ABS) Safire BS IV,Delhi,Third Party insurance,Petrol,40000.0,5,29.0,175000,12
2549,Hatchback,Manual,1,Hyundai Grand i10,2017,1.2 Kappa Magna BSIV,Delhi,Comprehensive,Petrol,82848.0,5,29.0,414000,7
2550,Hatchback,Automatic,1,Tata Tiago,2019,XZA Plus,Delhi,Third Party insurance,Petrol,30000.0,5,29.0,510000,5
2551,Hatchback,Manual,1,Honda Jazz,2016,1.2 V i VTEC,Delhi,Third Party insurance,Petrol,50000.0,5,29.0,550000,8
2552,Hatchback,Manual,1,Maruti Alto K10,2013,LXI,Delhi,Third Party insurance,Petrol,70000.0,5,29.0,170000,11
2553,Hatchback,Manual,1,Maruti Baleno,2017,Delta,Delhi,Comprehensive,Petrol,47688.0,5,29.0,450000,7
2554,Sedan,Manual,3,Toyota Corolla Altis,2009,1.8 J,Delhi,Third Party insurance,Petrol,100000.0,5,29.0,110000,15
2555,Hatchback,Manual,2,Nissan Micra,2014,Diesel XE,Delhi,Third Party insurance,Diesel,90000.0,5,29.0,200000,10
2556,SUV,Manual,1,Renault Duster,2016,85PS Diesel RxE,Delhi,Third Party insurance,Diesel,50000.0,5,29.0,410000,8
2557,Sedan,Manual,2,Toyota Corolla Altis,2012,G,Delhi,Third Party insurance,Petrol,30000.0,5,29.0,500000,12
2558,Hatchback,Automatic,2,Maruti Baleno,2018,1.2 CVT Zeta,Delhi,Zero Dep,Petrol,106711.0,5,29.0,543000,6
2559,Hatchback,Manual,1,Hyundai i20,2017,Sportz 1.2,Delhi,Zero Dep,Petrol,83741.0,5,29.0,514000,7
2560,SUV,Automatic,1,Audi Q5,2014,2.0 TDI,Delhi,Third Party insurance,Diesel,50000.0,5,29.0,1150000,10
2561,Sedan,Manual,1,Volkswagen Vento,2018,1.5 TDI Highline,Delhi,Comprehensive,Diesel,105792.0,5,29.0,747000,6
2562,Hatchback,Manual,1,Maruti Baleno,2019,1.2 Zeta,Delhi,Zero Dep,Petrol,88750.0,5,29.0,593000,5
2563,Hatchback,Manual,1,Hyundai i20 Active,2018,1.2 S,Delhi,Comprehensive,Petrol,89972.0,5,29.0,539000,6
2564,Sedan,Manual,1,Volkswagen Vento,2014,Petrol Comfortline,Delhi,Third Party insurance,Petrol,50000.0,5,29.0,335000,10
2565,Hatchback,Manual,2,Honda Jazz,2019,VX,Delhi,Comprehensive,Petrol,36785.0,5,29.0,594000,5
2566,Sedan,Manual,1,Hyundai Verna,2019,VTVT 1.4 EX,Delhi,Third Party,Petrol,48000.0,5,29.0,910000,5
2567,SUV,Manual,1,Maruti Vitara Brezza,2016,VDi,Delhi,Third Party insurance,Diesel,40000.0,5,29.0,490000,8
2568,Hatchback,Manual,1,Hyundai i20,2017,1.2 Spotz,Delhi,Comprehensive,Petrol,59000.0,5,29.0,521000,7
2569,SUV,Manual,1,Kia Seltos,2019,HTK Plus D,Delhi,Third Party insurance,Diesel,110000.0,5,29.0,900000,5
2570,Sedan,Manual,1,Skoda Rapid,2020,1.0 TSI Ambition,Delhi,Third Party insurance,Petrol,48000.0,5,29.0,765000,4
2571,Sedan,Manual,1,Hyundai Xcent,2017,1.2 VTVT SX Option,Delhi,Zero Dep,Petrol,22424.0,5,29.0,555000,7
2572,Sedan,Manual,1,Hyundai Xcent,2017,1.2 VTVT SX,Delhi,Third Party,Petrol,58147.0,5,29.0,477000,7
2573,Hatchback,Manual,1,Hyundai Grand i10,2015,Magna,Delhi,Third Party insurance,Petrol,67000.0,5,29.0,341000,9
2574,Hatchback,Automatic,1,Maruti Celerio,2019,VXI Optional AMT BSIV,Delhi,Zero Dep,Petrol,112479.0,5,29.0,476000,5
2575,Sedan,Automatic,1,Maruti Swift Dzire,2018,AMT VXI,Delhi,Zero Dep,Petrol,25494.0,5,29.0,611000,6
2576,SUV,Automatic,2,Hyundai Creta,2016,1.6 CRDi AT SX Plus,Delhi,Comprehensive,Diesel,78000.0,5,29.0,790000,8
2577,Hatchback,Manual,2,Hyundai i20,2016,Asta Option 1.2,Delhi,Third Party,Petrol,51276.0,5,29.0,513000,8
2578,SUV,Manual,1,Hyundai Creta,2017,1.6 CRDi SX,Delhi,Comprehensive,Diesel,85000.0,5,29.0,825000,7
2579,Hatchback,Manual,2,Honda Jazz,2018,1.2 VX i VTEC,Delhi,Third Party,Petrol,75402.0,5,29.0,584000,6
2580,Sedan,Manual,1,Toyota Corolla Altis,2014,GL MT,Delhi,Third Party,Petrol,109000.0,5,29.0,665000,10
2581,Sedan,Manual,1,Honda Amaze,2017,S Option i-VTEC,Delhi,Third Party insurance,Petrol,34000.0,5,29.0,475000,7
2582,Sedan,Manual,2,Hyundai Xcent,2015,1.2 Kappa SX Option,Delhi,Third Party insurance,Petrol,80000.0,5,29.0,330000,9
2583,Sedan,Automatic,1,Honda Amaze,2018,V CVT Diesel BSIV,Delhi,Third Party insurance,Diesel,60000.0,5,29.0,635000,6
2584,SUV,Manual,1,Nissan Terrano,2014,XV 110 PS,Delhi,Third Party insurance,Diesel,60000.0,5,29.0,399000,10
2585,Sedan,Manual,2,Maruti Swift Dzire,2014,VXI,Delhi,Third Party insurance,Petrol,59000.0,5,29.0,420000,10
2586,SUV,Manual,1,Ford Ecosport,2016,1.5 Diesel Trend,Delhi,Comprehensive,Diesel,99000.0,5,29.0,460000,8
2587,Sedan,Manual,1,Maruti Ciaz,2018,Sigma BSIV,Delhi,Third Party,Petrol,79982.0,5,29.0,720000,6
2588,Sedan,Manual,1,Volkswagen Jetta,2012,2.0L TDI Trendline,Delhi,Third Party insurance,Diesel,50000.0,5,29.0,500000,12
2589,Hatchback,Manual,1,Maruti Baleno,2017,1.2 Delta,Delhi,Zero Dep,Petrol,85782.0,5,29.0,471000,7
2590,Hatchback,Manual,1,Maruti Baleno,2016,1.2 Delta,Delhi,Zero Dep,Petrol,99547.0,5,29.0,446000,8
2591,Hatchback,Automatic,1,Renault KWID,2018,Climber 1.0 AMT,Delhi,Comprehensive,Petrol,30000.0,5,29.0,365000,6
2592,Hatchback,Manual,1,Maruti Celerio,2017,VXI,Delhi,Zero Dep,Petrol,69455.0,5,29.0,354000,7
2593,SUV,Automatic,1,Ford Ecosport,2019,1.5 Petrol Titanium Plus AT BSIV,Delhi,Zero Dep,Petrol,40738.0,5,29.0,877999,5
2594,Hatchback,Manual,1,Maruti Swift,2020,LXI,Delhi,Third Party insurance,Petrol,30000.0,5,29.0,525000,4
2595,Sedan,Manual,2,Nissan Sunny,2012,XL,Delhi,Third Party insurance,Petrol,90000.0,5,29.0,200000,12
2596,Sedan,Automatic,1,Honda City,2022,V CVT,Delhi,Third Party insurance,Petrol,10700.0,5,29.0,1345000,2
2597,Sedan,Automatic,1,Honda City,2022,V CVT,Delhi,Third Party insurance,Petrol,10000.0,5,29.0,1345000,2
2598,Hatchback,Manual,2,Maruti Wagon R,2017,LXI BS IV,Delhi,Third Party insurance,Petrol,80000.0,5,29.0,350000,7
2599,Sedan,Manual,1,Honda City,2016,i VTEC VX,Delhi,Zero Dep,Petrol,48430.0,5,29.0,746000,8
2600,Sedan,Automatic,2,Maruti Ciaz,2018,Zeta Automatic BSIV,Delhi,Third Party,Petrol,108665.0,5,29.0,736000,6
2601,Hatchback,Manual,1,Tata Tiago,2022,XZ Plus CNG BSVI,Delhi,Comprehensive,CNG,17447.0,5,29.0,749000,2
2602,SUV,Manual,2,Renault Duster,2019,RXZ 110PS BSIV,Delhi,Zero Dep,Diesel,100579.0,5,29.0,693000,5
2603,Hatchback,Automatic,1,Nissan Micra,2013,AT,Delhi,Third Party insurance,Petrol,80000.0,5,29.0,275000,11
2604,Hatchback,Manual,1,Hyundai Santro,2019,Asta BSIV,Delhi,Zero Dep,Petrol,65039.0,5,29.0,475000,5
2605,SUV,Manual,1,Maruti Vitara Brezza,2018,ZDi Plus,Delhi,Third Party insurance,Diesel,80000.0,5,29.0,850000,6
2606,Sedan,Manual,1,Honda City,2016,i VTEC V,Delhi,Third Party insurance,Petrol,50500.0,5,29.0,550000,8
2607,Sedan,Manual,2,Tata Zest,2016,Revotron 1.2T XMS,Delhi,Third Party insurance,Petrol,90000.0,5,29.0,285000,8
2608,Sedan,Automatic,2,Honda City,2010,1.5 S AT,Delhi,Third Party insurance,Petrol,80000.0,5,29.0,300000,14
2609,Hatchback,Manual,2,Hyundai Santro Xing,2011,GL,Delhi,Comprehensive,Petrol,40462.0,5,29.0,185000,13
2610,Sedan,Manual,1,Maruti Swift Dzire,2013,VDI,Delhi,Third Party insurance,Diesel,150000.0,5,29.0,375000,11
2611,Sedan,Manual,1,Hyundai Verna,2020,SX,Delhi,Comprehensive,Petrol,47761.0,5,29.0,1012000,4
2612,SUV,Manual,1,Hyundai Creta,2020,SX Diesel BSVI,Delhi,Third Party,Diesel,80488.0,5,29.0,1350000,4
2613,Hatchback,Automatic,1,Hyundai Grand i10,2017,1.2 Kappa Sportz Option AT,Delhi,Comprehensive,Petrol,66000.0,5,29.0,525000,7
2614,Hatchback,Manual,1,Renault KWID,2019,RXT Optional,Delhi,Comprehensive,Petrol,41900.0,5,29.0,425000,5
2615,Hatchback,Manual,1,Hyundai Grand i10,2019,Sportz,Delhi,Comprehensive,Petrol,45000.0,5,29.0,525000,5
2616,Hatchback,Manual,1,Volkswagen Polo,2013,1.2 MPI Highline,Delhi,Comprehensive,Petrol,52000.0,5,29.0,375000,11
2617,Sedan,Manual,1,Honda City,2016,i VTEC V,Delhi,Third Party insurance,Petrol,48000.0,5,29.0,645000,8
2618,SUV,Manual,2,Renault Duster,2014,Petrol RxL,Delhi,Comprehensive,Petrol,50000.0,5,29.0,375000,10
2619,SUV,Manual,2,Ford Ecosport,2017,1.5 Petrol Titanium,Delhi,Comprehensive,Petrol,55000.0,5,29.0,650000,7
2620,Sedan,Manual,2,Volkswagen Vento,2010,Petrol Highline,Delhi,Third Party insurance,Petrol,90000.0,5,29.0,205000,14
2621,Hatchback,Manual,1,Renault KWID,2018,RXL,Delhi,Third Party insurance,Petrol,40838.0,5,29.0,300000,6
2622,Hatchback,Manual,1,Maruti Swift,2017,VXI,Delhi,Comprehensive,Petrol,67043.0,5,29.0,499000,7
2623,Sedan,Manual,1,Toyota Etios,2011,VX,Delhi,Comprehensive,Petrol,100010.0,5,29.0,207000,13
2624,Hatchback,Automatic,2,Maruti Celerio,2016,VXI AT,Delhi,Third Party insurance,Petrol,70000.0,5,29.0,390000,8
2625,Sedan,Manual,1,Honda City,2015,i VTEC VX,Delhi,Comprehensive,Petrol,56857.0,5,29.0,603000,9
2626,Sedan,Automatic,1,Toyota Camry,2014,Hybrid,Delhi,Third Party insurance,Petrol,120000.0,5,29.0,1400000,10
2627,Sedan,Manual,1,Toyota Corolla Altis,2017,GL MT,Delhi,Comprehensive,Petrol,37000.0,5,29.0,1250000,7
2628,Sedan,Automatic,1,Honda Amaze,2022,VX CVT BSVI,Delhi,Third Party insurance,Petrol,10000.0,5,29.0,935000,2
2629,Hatchback,Manual,1,Maruti Ignis,2022,Sigma BSVI,Delhi,Comprehensive,Petrol,18254.0,5,29.0,506000,2
2630,Hatchback,Manual,1,Maruti Baleno,2017,Alpha,Delhi,Third Party insurance,Petrol,49000.0,5,29.0,590000,7
2631,Hatchback,Automatic,1,Hyundai Grand i10,2017,1.2 Kappa Sportz Option AT,Delhi,Zero Dep,Petrol,89733.0,5,29.0,499000,7
2632,Hatchback,Automatic,1,Maruti Swift,2022,VXI AMT BSVI,Delhi,Third Party insurance,Petrol,20000.0,5,29.0,785000,2
2633,Hatchback,Manual,2,Hyundai i20,2014,Sportz 1.4 CRDi,Delhi,Comprehensive,Diesel,90360.0,5,29.0,325000,10
2634,Sedan,Automatic,1,Toyota Yaris,2020,G CVT,Delhi,Comprehensive,Petrol,26000.0,5,29.0,925000,4
2635,Sedan,Manual,1,Maruti Ciaz,2016,ZXi Plus,Delhi,Third Party insurance,Petrol,68000.0,5,29.0,645000,8
2636,Sedan,Manual,1,Maruti Ciaz,2018,Delta BSIV,Delhi,Third Party insurance,Petrol,60000.0,5,29.0,760000,6
2637,Sedan,Manual,1,Honda City,2021,VX MT,Delhi,Third Party insurance,Petrol,8000.0,5,29.0,1245000,3
2638,SUV,Manual,1,Renault Duster,2014,110PS Diesel RxZ,Delhi,Third Party insurance,Diesel,120000.0,5,29.0,500000,10
2639,Hatchback,Manual,1,Maruti Wagon R,2015,LXI CNG,Delhi,Third Party insurance,CNG,70000.0,5,29.0,280000,9
2640,SUV,Manual,2,Hyundai Venue,2021,SX Turbo,Delhi,Zero Dep,Petrol,14445.0,5,29.0,852999,3
2641,Sedan,Manual,2,Volkswagen Vento,2011,Petrol Highline,Delhi,Third Party insurance,Petrol,80000.0,5,29.0,275000,13
2642,Hatchback,Automatic,1,Hyundai Grand i10,2014,AT Asta,Delhi,Comprehensive,Petrol,88443.0,5,29.0,418000,10
2643,Hatchback,Manual,2,Hyundai i10,2011,Magna,Delhi,Third Party,Petrol,82892.0,5,29.0,190000,13
2644,Hatchback,Manual,1,Hyundai i20 Active,2015,1.2 SX,Delhi,Comprehensive,Petrol,59549.0,5,29.0,519000,9
2645,Hatchback,Manual,1,Maruti Wagon R,2015,LXI CNG,Delhi,Third Party insurance,CNG,70000.0,5,29.0,320000,9
2646,Hatchback,Manual,2,Maruti Wagon R,2019,CNG LXI BSIV,Delhi,Zero Dep,CNG,64228.0,5,29.0,501000,5
2647,Hatchback,Manual,1,Maruti Swift,2022,VXI BSVI,Delhi,Third Party insurance,Petrol,10000.0,5,29.0,700000,2
2648,Hatchback,Manual,1,Maruti Swift,2019,LXI,Delhi,Third Party insurance,Petrol,20000.0,5,29.0,550000,5
2649,Hatchback,Manual,1,Maruti Wagon R,2016,CNG LXI BSIV,Delhi,Comprehensive,CNG,65000.0,5,29.0,345000,8
2650,Hatchback,Manual,1,Maruti Wagon R,2021,CNG LXI Opt BSIV,Delhi,Comprehensive,CNG,23900.0,5,29.0,541000,3
2651,Hatchback,Manual,1,Maruti Alto K10,2023,VXi BSVI,Delhi,Comprehensive,Petrol,2900.0,5,29.0,430000,1
2652,SUV,Manual,1,Hyundai Venue,2022,S BSVI,Delhi,Comprehensive,Petrol,15000.0,5,29.0,860000,2
2653,Hatchback,Manual,1,Hyundai Santro,2022,Sportz,Delhi,Comprehensive,Petrol,11200.0,5,29.0,530000,2
2654,SUV,Automatic,1,Tata Nexon EV Prime,2023,XZ Plus LUX,Delhi,Comprehensive,Electric,17000.0,5,29.0,1423000,1
2655,SUV,Manual,1,Kia Sonet,2023,HTK Plus Turbo iMT BSVI,Delhi,Comprehensive,Petrol,1900.0,5,29.0,1070000,1
2656,Hatchback,Manual,1,Hyundai i10,2010,Magna,Delhi,Comprehensive,Petrol,70098.0,5,29.0,173000,14
2657,SUV,Manual,1,Nissan Magnite,2021,XV BSVI,Delhi,Comprehensive,Petrol,30498.0,5,29.0,707000,3
2658,Sedan,Automatic,1,Honda Amaze,2021,VX CVT BSVI,Delhi,Comprehensive,Petrol,33000.0,5,29.0,819999,3
2659,SUV,Manual,1,Renault Kiger,2021,RXZ Turbo DT,Delhi,Third Party,Petrol,7243.0,5,29.0,827999,3
2660,SUV,Manual,1,Maruti Brezza,2023,Zxi DT BSVI,Delhi,Comprehensive,Petrol,7867.0,5,29.0,1255000,1
2661,SUV,Manual,2,Maruti Vitara Brezza,2018,ZDi Plus Dual Tone,Delhi,Third Party insurance,Diesel,110000.0,5,29.0,690000,6
2662,SUV,Manual,1,Hyundai Venue,2019,S Turbo BSIV,Delhi,Comprehensive,Petrol,21366.0,5,29.0,800000,5
2663,Sedan,Manual,1,Ford Aspire,2015,1.5 TDCi Titanium Plus,Delhi,Third Party insurance,Diesel,100000.0,5,29.0,315000,9
2664,Sedan,Manual,1,Ford Aspire,2015,1.5 TDCi Titanium Plus,Delhi,Third Party insurance,Diesel,100000.0,5,29.0,315000,9
2665,Sedan,Manual,1,Honda City,2015,i VTEC VX,Delhi,Comprehensive,Petrol,48000.0,5,29.0,650000,9
2666,Hatchback,Manual,1,Maruti Wagon R,2017,LXI CNG,Delhi,Third Party insurance,CNG,120000.0,5,29.0,310000,7
2667,Sedan,Manual,1,Honda Amaze,2016,S i-VTEC,Delhi,Comprehensive,Petrol,58000.0,5,29.0,485000,8
2668,Sedan,Automatic,1,Honda Amaze,2019,VX CVT i-VTEC,Delhi,Comprehensive,Petrol,32000.0,5,29.0,795000,5
2669,Hatchback,Manual,1,Maruti Swift,2017,LXI Optional-O,Delhi,Third Party,Petrol,3721.0,5,29.0,470000,7
2670,Hatchback,Manual,1,Hyundai Grand i10 Nios,2020,Sportz,Delhi,Comprehensive,Petrol,16564.0,5,29.0,625000,4
2671,SUV,Manual,1,Tata Punch,2022,Creative BSVI,Delhi,Comprehensive,Petrol,15992.0,5,29.0,794000,2
2672,Hatchback,Manual,1,Maruti Alto K10,2015,VXI,Delhi,Comprehensive,Petrol,91380.0,5,29.0,266000,9
2673,Hatchback,Manual,2,Maruti Alto K10,2017,VXI,Delhi,Comprehensive,Petrol,47231.0,5,29.0,296000,7
2674,SUV,Manual,1,Maruti Vitara Brezza,2018,VDi Option,Delhi,Third Party insurance,Diesel,89908.0,5,29.0,607000,6
2675,Hatchback,Manual,1,Toyota Glanza,2022,S BSVI,Delhi,Third Party insurance,Petrol,30000.0,5,29.0,740000,2
2676,Hatchback,Manual,1,Fiat Punto,2013,1.3 Active,Delhi,Third Party insurance,Diesel,120000.0,5,29.0,115000,11
2677,Hatchback,Manual,1,Hyundai i10,2010,Era 1.1,Delhi,Third Party insurance,Petrol,99100.0,5,29.0,167000,14
2678,SUV,Manual,1,Hyundai Venue,2021,SX Opt Dual Tone Diesel,Delhi,Comprehensive,Diesel,14800.0,5,29.0,1095000,3
2679,Hatchback,Manual,1,Hyundai i20,2012,Magna,Delhi,Comprehensive,Petrol,54650.0,5,29.0,309000,12
2680,Hatchback,Manual,1,Hyundai i10,2010,Magna 1.1,Delhi,Comprehensive,Petrol,99343.0,5,29.0,205000,14
2681,Hatchback,Manual,2,Maruti Wagon R,2014,LXI BS IV,Delhi,Comprehensive,Petrol,37961.0,5,29.0,303000,10
2682,Hatchback,Manual,2,Maruti Alto K10,2016,VXI,Delhi,Third Party insurance,Petrol,76751.0,5,29.0,264000,8
2683,SUV,Automatic,2,Mitsubishi Outlander,2010,2.4,Delhi,Third Party insurance,Petrol,90000.0,5,29.0,400000,14
2684,Hatchback,Manual,1,Maruti Alto K10,2017,VXI,Delhi,Comprehensive,Petrol,70036.0,5,29.0,308000,7
2685,Sedan,Automatic,2,Honda City,2013,V AT,Delhi,Comprehensive,Petrol,61000.0,5,29.0,440000,11
2686,Sedan,Automatic,1,Maruti Ciaz,2018,1.4 AT Alpha,Delhi,Third Party insurance,Petrol,30000.0,5,29.0,800000,6
2687,Sedan,Manual,1,Maruti Swift Dzire,2013,VXI,Delhi,Third Party insurance,Petrol,110000.0,5,29.0,310000,11
2688,Hatchback,Manual,1,Maruti Alto K10,2019,VXI,Delhi,Comprehensive,Petrol,25502.0,5,29.0,358000,5
2689,Hatchback,Manual,1,Maruti Wagon R,2017,VXI BS IV,Delhi,Third Party,Petrol,51868.0,5,29.0,345000,7
2690,Hatchback,Manual,1,Hyundai i10,2010,Sportz Option,Delhi,Comprehensive,Petrol,52725.0,5,29.0,208000,14
2691,Hatchback,Manual,1,Maruti Swift,2014,VDI BSIV,Delhi,Third Party insurance,Diesel,50000.0,5,29.0,320000,10
2692,Hatchback,Manual,1,Hyundai i10,2012,Magna,Delhi,Comprehensive,Petrol,84929.0,5,29.0,210000,12
2693,SUV,Manual,1,Honda WR-V,2017,i-VTEC VX,Delhi,Third Party insurance,Petrol,42000.0,5,29.0,675000,7
2694,Sedan,Automatic,2,Audi A6,2015,35 TDI Premium,Delhi,Third Party insurance,Diesel,50000.0,5,29.0,1200000,9
2695,Hatchback,Manual,1,Tata Tiago,2019,1.2 Revotron XM,Delhi,Comprehensive,Petrol,53000.0,5,29.0,440000,5
2696,Hatchback,Automatic,1,Maruti Celerio,2016,VXI AT,Delhi,Third Party insurance,Petrol,71000.0,5,29.0,385000,8
2697,Sedan,Automatic,1,Honda Amaze,2019,S CVT i-VTEC,Delhi,Comprehensive,Petrol,48000.0,5,29.0,720000,5
2698,Hatchback,Manual,1,Maruti Baleno,2018,1.2 Delta,Delhi,Comprehensive,Petrol,56000.0,5,29.0,540000,6
2699,SUV,Manual,1,Maruti Vitara Brezza,2018,ZDi Plus,Delhi,Third Party insurance,Diesel,60000.0,5,29.0,825000,6
2700,Hatchback,Manual,1,Tata Altroz,2021,XT BSVI,Delhi,Third Party insurance,Petrol,50000.0,5,29.0,720000,3
2701,Hatchback,Manual,1,Maruti Wagon R,2016,LXI CNG,Delhi,Third Party insurance,CNG,120000.0,5,29.0,230000,8
2702,Hatchback,Manual,2,Maruti Ritz,2011,LXi,Delhi,Third Party insurance,Petrol,50000.0,5,29.0,200000,13
2703,Hatchback,Manual,1,Maruti Swift,2023,VXI,Delhi,Third Party,Petrol,3819.0,5,29.0,723000,1
2704,Hatchback,Automatic,1,Hyundai i20,2020,Asta IVT DT,Delhi,Zero Dep,Petrol,7825.0,5,29.0,806000,4
2705,Sedan,Manual,2,Honda City,2016,i VTEC VX Option,Delhi,Third Party insurance,Petrol,70000.0,5,29.0,700000,8
2706,Hatchback,Automatic,1,Maruti Celerio,2019,VXI Optional AMT BSIV,Delhi,Zero Dep,Petrol,27436.0,5,29.0,507000,5
2707,Hatchback,Automatic,1,Maruti Swift,2018,ZXI AMT,Delhi,Third Party insurance,Petrol,33100.0,5,29.0,639000,6
2708,Hatchback,Manual,1,Maruti Alto K10,2019,VXI,Delhi,Zero Dep,Petrol,57929.0,5,29.0,331000,5
2709,Hatchback,Manual,2,Maruti Swift,2013,VXI,Delhi,Third Party insurance,Petrol,120000.0,5,29.0,310000,11
2710,SUV,Automatic,1,Mitsubishi Outlander,2011,2.4,Delhi,Comprehensive,Petrol,76000.0,5,29.0,570000,13
2711,Sedan,Manual,1,Honda City,2015,i VTEC VX,Delhi,Third Party insurance,Petrol,19681.0,5,29.0,570000,9
2712,Sedan,Manual,2,Ford Fiesta Classic,2012,1.6 Duratec LXI,Delhi,Third Party insurance,Petrol,68866.0,5,29.0,150000,12
2713,SUV,Manual,2,Maruti Vitara Brezza,2018,ZDi Plus Dual Tone,Delhi,Third Party insurance,Diesel,100000.0,5,29.0,690000,6
2714,Sedan,Automatic,2,Maruti Ciaz,2016,AT ZXi,Delhi,Third Party insurance,Petrol,70000.0,5,29.0,550000,8
2715,Sedan,Manual,1,Honda Amaze,2017,S Option i-VTEC,Delhi,Third Party,Petrol,41558.0,5,29.0,506000,7
2716,Hatchback,Manual,2,Maruti Alto,2011,Std,Delhi,Third Party insurance,Petrol,10000.0,5,29.0,130000,13
2717,Hatchback,Manual,2,Maruti Baleno,2017,1.2 Delta,Delhi,Comprehensive,Petrol,25403.0,5,29.0,528000,7
2718,Sedan,Manual,1,Honda City,2014,i VTEC VX,Delhi,Third Party,Petrol,52800.0,5,29.0,608000,10
2719,Sedan,Automatic,1,Audi A6,2015,2.0 TDI Technology,Delhi,Comprehensive,Diesel,28000.0,5,29.0,1500000,9
2720,Hatchback,Manual,2,Hyundai i10,2011,Magna,Delhi,Comprehensive,Petrol,95525.0,5,29.0,178000,13
2721,SUV,Manual,1,Kia Seltos,2020,HTK Diesel,Delhi,Comprehensive,Diesel,3200.0,5,29.0,1325000,4
2722,SUV,Manual,1,Maruti Brezza,2022,Vxi,Delhi,Comprehensive,Petrol,23000.0,5,29.0,945000,2
2723,Hatchback,Manual,1,Maruti Swift,2023,VXI BSVI,Delhi,Comprehensive,Petrol,2700.0,5,29.0,700000,1
2724,Hatchback,Manual,1,Hyundai Grand i10,2015,Asta,Delhi,Comprehensive,Petrol,30000.0,5,29.0,399000,9
2725,SUV,Automatic,2,Ford Ecosport,2017,1.5 Petrol Titanium Plus AT BSIV,Delhi,Third Party insurance,Petrol,130000.0,5,29.0,556000,7
2726,Hatchback,Manual,2,Volkswagen Polo,2014,1.5 TDI Highline,Delhi,Third Party,Diesel,79000.0,5,29.0,333000,10
2727,Sedan,Automatic,3,Honda Civic,2020,ZX BSIV,Delhi,Comprehensive,Petrol,32000.0,5,29.0,1400000,4
2728,Hatchback,Manual,1,Volkswagen Polo,2011,Petrol Highline 1.2L,Delhi,Comprehensive,Petrol,39368.0,5,29.0,324000,13
2729,Hatchback,Manual,1,Hyundai i20,2013,Magna Optional 1.2,Delhi,Comprehensive,Petrol,49597.0,5,29.0,359000,11
2730,Sedan,Automatic,2,Mercedes-Benz E-Class,2011,E 200 CGI Elegance,Delhi,Comprehensive,Petrol,70000.0,5,29.0,950000,13
2731,Hatchback,Automatic,1,Maruti Alto K10,2016,VXI AMT,Delhi,Comprehensive,Petrol,34174.0,5,29.0,348000,8
2732,Hatchback,Manual,1,Maruti Ignis,2021,Sigma BSVI,Delhi,Zero Dep,Petrol,11171.0,5,29.0,532000,3
2733,Hatchback,Manual,1,Maruti Wagon R,2016,VXI,Delhi,Comprehensive,Petrol,94480.0,5,29.0,295000,8
2734,Hatchback,Manual,1,Maruti Alto 800,2017,LXI,Delhi,Comprehensive,Petrol,19299.0,5,29.0,297000,7
2735,SUV,Automatic,2,Hyundai Creta,2017,1.6 CRDi AT SX Plus,Delhi,Third Party insurance,Diesel,34000.0,5,29.0,1000000,7
2736,Hatchback,Manual,1,Tata Tiago,2020,XE BSVI,Delhi,Third Party insurance,Petrol,30000.0,5,29.0,360000,4
2737,Sedan,Automatic,1,Maruti Swift Dzire,2020,AMT VXI,Delhi,Third Party insurance,Petrol,120000.0,5,29.0,580000,4
2738,SUV,Manual,2,Ford Ecosport,2017,1.5 Ti VCT MT Trend BSIV,Delhi,Third Party insurance,Petrol,70000.0,5,29.0,650000,7
2739,SUV,Automatic,2,MG Hector,2019,Sharp DCT,Delhi,Third Party insurance,Petrol,40000.0,5,29.0,1430000,5
2740,Sedan,Automatic,2,Hyundai Verna,2014,SX CRDi AT,Delhi,Third Party insurance,Diesel,120000.0,5,29.0,415000,10
2741,Hatchback,Manual,2,Hyundai i10,2009,Magna 1.2,Delhi,Third Party insurance,Petrol,70000.0,5,29.0,0,15
2742,SUV,Automatic,1,Maruti FRONX,2023,Zeta Turbo AT,Delhi,Comprehensive,Petrol,1500.0,5,29.0,1250000,1
2743,Hatchback,Manual,2,Hyundai Grand i10,2016,Magna,Delhi,Third Party insurance,Petrol,43216.0,5,29.0,398000,8
2744,Hatchback,Manual,1,Tata Tiago,2022,XZ Plus CNG BSVI,Delhi,Third Party,CNG,16372.0,5,29.0,700000,2
2745,Hatchback,Manual,1,Hyundai Grand i10,2018,1.2 Kappa Magna BSIV,Delhi,Third Party,Petrol,14515.0,5,29.0,457000,6
2746,Hatchback,Manual,1,Maruti Swift,2012,VXI,Delhi,Third Party,Petrol,85617.0,5,29.0,295000,12
2747,Hatchback,Manual,1,Maruti Wagon R,2010,VXI BS IV,Delhi,Comprehensive,Petrol,76605.0,5,29.0,196000,14
2748,SUV,Manual,2,Kia Seltos,2021,HTK G,Delhi,Third Party insurance,Petrol,20000.0,5,29.0,925000,3
2749,SUV,Manual,1,Kia Sonet,2022,HTK Plus Turbo iMT BSVI,Delhi,Third Party insurance,Petrol,10000.0,5,29.0,1100000,2
2750,Hatchback,Manual,1,Chevrolet Beat,2015,Diesel PS,Delhi,Third Party insurance,Diesel,70000.0,5,29.0,110000,9
2751,Hatchback,Manual,1,Maruti Swift,2017,LXI Option,Delhi,Comprehensive,Petrol,55000.0,5,29.0,435000,7
2752,SUV,Manual,2,Kia Seltos,2021,HTK G,Delhi,Third Party insurance,Petrol,20000.0,5,29.0,925000,3
2753,SUV,Automatic,0,Land Rover Range Rover Sport,2018,HSE,Delhi,Third Party insurance,Diesel,35000.0,5,29.0,0,6
2754,Hatchback,Manual,1,Maruti Alto 800,2018,LXI,Delhi,Third Party insurance,Petrol,21387.0,5,29.0,308000,6
2755,Hatchback,Manual,1,Maruti Swift,2018,VXI,Delhi,Comprehensive,Petrol,64568.0,5,29.0,509000,6
2756,Hatchback,Manual,1,Maruti Swift,2012,VXI,Delhi,Comprehensive,Petrol,73568.0,5,29.0,305000,12
2757,Hatchback,Automatic,1,Hyundai i20 N Line,2021,N8 DCT BSVI,Delhi,Zero Dep,Petrol,25319.0,5,29.0,901000,3
2758,Hatchback,Automatic,1,Maruti Ignis,2020,1.2 AMT Zeta BSIV,Delhi,Comprehensive,Petrol,23051.0,5,29.0,651000,4
2759,Hatchback,Manual,3,Maruti Swift,2012,VXI,Delhi,Third Party insurance,Petrol,80000.0,5,29.0,300000,12
2760,Hatchback,Manual,1,Hyundai Santro,2021,Magna,Delhi,Third Party insurance,Petrol,20000.0,5,29.0,530000,3
2761,Hatchback,Automatic,1,Hyundai Grand i10 Nios,2021,AMT Sportz,Delhi,Third Party insurance,Petrol,10000.0,5,29.0,701000,3
2762,Hatchback,Manual,2,Maruti Celerio Tour 2018-2021,2019,H2 CNG,Delhi,Third Party insurance,CNG,70000.0,5,29.0,410000,5
2763,Sedan,Manual,1,Fiat Linea,2009,Active,Delhi,Third Party insurance,Petrol,30000.0,5,29.0,120000,15
2764,Hatchback,Automatic,1,Honda Brio,2017,1.2 VX AT,Delhi,Third Party insurance,Petrol,36000.0,5,29.0,490000,7
2765,Hatchback,Manual,3,Renault KWID,2017,RXT,Delhi,Third Party insurance,Petrol,50000.0,5,29.0,205000,7
2766,Sedan,Manual,1,Honda Amaze,2019,VX Petrol BSIV,Delhi,Third Party insurance,Petrol,40000.0,5,29.0,615000,5
2767,Hatchback,Manual,2,Maruti Baleno,2016,1.2 Delta,Delhi,Comprehensive,Petrol,72368.0,5,29.0,433000,8
2768,SUV,Manual,2,Honda WR-V,2018,i-DTEC S,Delhi,Third Party,Diesel,51260.0,5,29.0,607000,6
2769,Hatchback,Manual,2,Honda Brio,2013,S MT,Delhi,Third Party insurance,Petrol,30000.0,5,29.0,310000,11
2770,Hatchback,Manual,1,Hyundai i20,2018,1.2 Asta Option,Delhi,Comprehensive,Petrol,79166.0,5,29.0,564000,6
2771,Sedan,Automatic,2,BMW 3 Series GT,2016,Luxury Line,Delhi,Third Party insurance,Diesel,120000.0,5,29.0,1500000,8
2772,Sedan,Automatic,2,BMW 3 Series GT,2016,Luxury Line,Delhi,Third Party insurance,Diesel,110000.0,5,29.0,1500000,8
2773,Hatchback,Manual,2,Honda Jazz,2015,1.2 V i VTEC,Delhi,Third Party insurance,Petrol,70000.0,5,29.0,345000,9
2774,SUV,Manual,1,Hyundai Creta,2017,1.6 VTVT E Plus,Delhi,Third Party insurance,Petrol,30000.0,5,29.0,690000,7
2775,Hatchback,Manual,1,Tata Altroz,2021,XT BSVI,Delhi,Third Party insurance,Petrol,50000.0,5,29.0,730000,3
2776,Hatchback,Manual,1,Hyundai EON,2014,D Lite Plus,Delhi,Third Party insurance,Petrol,40000.0,5,29.0,210000,10
2777,SUV,Manual,1,Hyundai Creta,2018,1.4 EX Diesel,Delhi,Third Party,Diesel,74000.0,5,29.0,935000,6
2778,Sedan,Manual,1,Ford Aspire,2015,1.5 TDCi Trend,Delhi,Third Party insurance,Diesel,60000.0,5,29.0,380000,9
2779,Hatchback,Manual,1,Hyundai i10,2011,Magna 1.2 iTech SE,Delhi,Third Party insurance,Petrol,9545.0,5,29.0,200000,13
2780,Hatchback,Automatic,2,Maruti Baleno,2021,Zeta CVT,Delhi,Comprehensive,Petrol,30854.0,5,29.0,779000,3
2781,Sedan,Manual,1,Maruti Swift Dzire,2018,VDI,Delhi,Comprehensive,Diesel,45000.0,5,29.0,650000,6
2782,Hatchback,Manual,1,Maruti Swift,2019,LXI,Delhi,Third Party insurance,Petrol,52654.0,5,29.0,482000,5
2783,Hatchback,Manual,1,Hyundai Santro,2019,Sportz CNG BSIV,Delhi,Comprehensive,CNG,34151.0,5,29.0,562000,5
2784,Hatchback,Manual,1,Renault KWID,2017,1.0 RXT,Delhi,Comprehensive,Petrol,29000.0,5,29.0,310000,7
2785,Sedan,Manual,1,Honda City,2019,i-VTEC VX,Delhi,Comprehensive,Petrol,31873.0,5,29.0,892000,5
2786,Sedan,Manual,1,Hyundai Verna,2015,1.6 SX VTVT,Delhi,Third Party insurance,Petrol,24000.0,5,29.0,530000,9
2787,Hatchback,Manual,1,Maruti Baleno,2016,1.2 Alpha,Delhi,Comprehensive,Petrol,52129.0,5,29.0,549000,8
2788,Sedan,Manual,1,Maruti Ciaz,2015,VXi Plus,Delhi,Third Party insurance,Petrol,64000.0,5,29.0,595000,9
2789,Hatchback,Automatic,1,Maruti Celerio,2014,VXI AT,Delhi,Third Party insurance,Petrol,63000.0,5,29.0,385000,10
2790,Hatchback,Manual,1,Honda Brio,2012,S MT,Delhi,Third Party,Petrol,64000.0,5,29.0,295000,12
2791,Hatchback,Manual,1,Renault KWID,2022,CLIMBER BSVI,Delhi,Third Party insurance,Petrol,6624.0,5,29.0,489000,2
2792,Hatchback,Manual,1,Hyundai i20,2016,Asta 1.2,Delhi,Third Party insurance,Petrol,71355.0,5,29.0,547000,8
2793,Hatchback,Automatic,1,Hyundai Grand i10 Nios,2019,AMT Sportz,Delhi,Comprehensive,Petrol,76282.0,5,29.0,614000,5
2794,Hatchback,Manual,1,Hyundai Grand i10,2017,1.2 Kappa Magna BSIV,Delhi,Comprehensive,Petrol,25091.0,5,29.0,445000,7
2795,Hatchback,Manual,1,Hyundai i10,2013,Asta,Delhi,Comprehensive,Petrol,42857.0,5,29.0,285000,11
2796,Hatchback,Automatic,1,Volkswagen Polo,2021,GT TSI BSIV,Delhi,Comprehensive,Petrol,69000.0,5,29.0,875000,3
2797,Sedan,Automatic,1,Toyota Corolla Altis,2014,VL AT,Delhi,Comprehensive,Petrol,65000.0,5,29.0,695000,10
2798,Hatchback,Automatic,1,Maruti Baleno,2018,1.2 CVT Alpha,Delhi,Third Party insurance,Petrol,49000.0,5,29.0,725000,6
2799,Sedan,Manual,1,Maruti Swift Dzire,2014,VDI,Delhi,Third Party insurance,Diesel,74000.0,5,29.0,500000,10
2800,Hatchback,Manual,1,Maruti Alto K10,2015,VXI,Delhi,Third Party,Petrol,32192.0,5,29.0,253000,9
2801,Sedan,Manual,1,Maruti Swift Dzire,2017,VXI,Delhi,Zero Dep,Petrol,53930.0,5,29.0,496000,7
2802,Sedan,Manual,2,Honda City,2015,i VTEC SV,Delhi,Comprehensive,Petrol,47121.0,5,29.0,554000,9
2803,Hatchback,Manual,2,Hyundai i20,2017,1.2 Era,Delhi,Third Party insurance,Petrol,39000.0,5,29.0,485000,7
2804,SUV,Manual,1,Maruti Grand Vitara,2023,Delta CNG,Delhi,Third Party insurance,CNG,20000.0,5,29.0,1425000,1
2805,Sedan,Manual,1,Hyundai Xcent,2016,1.1 CRDi SX Option,Delhi,Third Party insurance,Diesel,150000.0,5,29.0,377000,8
2806,Hatchback,Manual,3,Maruti Wagon R,2009,VXI Minor,Delhi,Third Party insurance,Petrol,110000.0,5,29.0,100000,15
2807,Hatchback,Manual,2,Hyundai i20,2016,Sportz 1.2,Delhi,Third Party insurance,Petrol,80000.0,5,29.0,425000,8
2808,Hatchback,Manual,2,Maruti Swift,2016,VXI,Delhi,Third Party insurance,Petrol,40000.0,5,29.0,415000,8
2809,Hatchback,Manual,2,Maruti Wagon R,2011,VXI 1.2,Delhi,Third Party insurance,Petrol,74000.0,5,29.0,165000,13
2810,Hatchback,Manual,1,Maruti Swift,2009,Lxi BSIII,Delhi,Third Party insurance,Petrol,80000.0,5,29.0,0,15
2811,Hatchback,Manual,1,Maruti Baleno,2020,Delta,Delhi,Third Party,Petrol,23256.0,5,29.0,634000,4
2812,Hatchback,Manual,1,Maruti Ignis,2022,Sigma BSVI,Delhi,Zero Dep,Petrol,29120.0,5,29.0,525000,2
2813,SUV,Manual,1,Ford Ecosport,2018,1.5 Diesel Titanium,Delhi,Third Party insurance,Diesel,62000.0,5,29.0,660000,6
2814,Sedan,Manual,1,Maruti Swift Dzire,2017,ZDI,Delhi,Comprehensive,Diesel,90513.0,5,29.0,562000,7
2815,SUV,Manual,1,Hyundai Creta,2018,1.6 CRDi SX Option,Delhi,Comprehensive,Diesel,49396.0,5,29.0,1114000,6
2816,Sedan,Manual,2,Toyota Corolla Altis,2008,G,Delhi,Third Party insurance,Petrol,120000.0,5,29.0,100000,16
2817,Hatchback,Manual,1,Maruti Alto 800,2019,LXI,Delhi,Zero Dep,Petrol,18475.0,5,29.0,344000,5
2818,Hatchback,Manual,1,Hyundai Santro,2019,Sportz CNG BSIV,Delhi,Zero Dep,CNG,27792.0,5,29.0,530000,5
2819,SUV,Manual,1,Hyundai Creta,2017,1.6 VTVT E Plus,Delhi,Third Party insurance,Petrol,40000.0,5,29.0,690000,7
2820,Sedan,Automatic,1,Maruti Ciaz,2020,Delta AT BSVI,Delhi,Third Party insurance,Petrol,80000.0,5,29.0,819999,4
2821,Hatchback,Manual,2,Volkswagen Polo,2011,Petrol Highline 1.6L,Delhi,Third Party insurance,Petrol,120000.0,5,29.0,210000,13
2822,Sedan,Manual,1,Honda City,2018,i-VTEC VX,Delhi,Third Party insurance,Petrol,70000.0,5,29.0,720000,6
2823,Hatchback,Manual,1,Hyundai Grand i10,2014,Magna,Delhi,Comprehensive,Petrol,57100.0,5,29.0,340000,10
2824,SUV,Manual,3,Ford Ecosport,2015,1.0 Ecoboost Titanium,Delhi,Third Party insurance,Petrol,100000.0,5,29.0,380000,9
2825,Sedan,Automatic,1,Maruti Swift Dzire,2019,AMT VXI,Delhi,Zero Dep,Petrol,7660.0,5,29.0,653000,5
2826,Sedan,Manual,1,Hyundai Xcent,2016,1.2 CRDi E Plus,Delhi,Comprehensive,Diesel,35272.0,5,29.0,426000,8
2827,Hatchback,Manual,1,Hyundai i20,2011,Asta 1.2,Delhi,Comprehensive,Petrol,62929.0,5,29.0,245000,13
2828,Hatchback,Manual,2,Maruti Alto,2010,Green Std BSIV,Delhi,Third Party insurance,CNG,30000.0,5,29.0,0,14
2829,Hatchback,Manual,2,Maruti Swift,2017,LXI Optional-O,Delhi,Third Party,Petrol,53127.0,5,29.0,432000,7
2830,Hatchback,Manual,1,Maruti Wagon R,2013,VXI,Delhi,Comprehensive,Petrol,57000.0,5,29.0,235000,11
2831,Hatchback,Manual,1,Maruti Wagon R,2013,VXI BS IV,Delhi,Comprehensive,Petrol,44000.0,5,29.0,270000,11
2832,SUV,Automatic,1,Ford Ecosport,2015,1.5 Petrol Titanium AT,Delhi,Comprehensive,Petrol,64000.0,5,29.0,625000,9
2833,Sedan,Automatic,1,Skoda Octavia,2014,1.8 TSI AT L K,Delhi,Comprehensive,Petrol,49000.0,5,29.0,1050000,10
2834,Hatchback,Manual,1,Toyota Glanza,2022,S BSVI,Delhi,Third Party insurance,Petrol,30000.0,5,29.0,740000,2
2835,Sedan,Manual,0,Skoda Octavia,2017,1.4 TSI MT Ambition,Delhi,Third Party,Petrol,37000.0,5,29.0,1049000,7
2836,Hatchback,Manual,2,Hyundai i20,2018,Petrol Spotz,Delhi,Comprehensive,Petrol,30000.0,5,29.0,570000,6
2837,Hatchback,Manual,1,Honda Brio,2012,S MT,Delhi,Third Party insurance,Petrol,90000.0,5,29.0,275000,12
2838,Hatchback,Manual,1,Volkswagen Polo,2016,1.2 MPI Comfortline,Delhi,Comprehensive,Petrol,83425.0,5,29.0,429000,8
2839,Sedan,Manual,1,Maruti Swift Dzire,2016,VDI,Delhi,Comprehensive,Diesel,66181.0,5,29.0,544000,8
2840,Hatchback,Manual,2,Maruti Alto 800,2019,VXI BSIV,Delhi,Comprehensive,Petrol,25486.0,5,29.0,336000,5
2841,Hatchback,Manual,1,Maruti Swift,2016,VXI,Delhi,Comprehensive,Petrol,25489.0,5,29.0,449000,8
2842,Hatchback,Manual,1,Maruti Baleno,2018,1.2 Delta,Delhi,Third Party,Petrol,85363.0,5,29.0,503000,6
2843,SUV,Manual,1,Ford Ecosport,2014,1.5 DV5 MT Titanium,Delhi,Third Party insurance,Diesel,40000.0,5,29.0,350000,10
2844,Hatchback,Manual,2,Ford Figo,2011,Petrol ZXI,Delhi,Third Party insurance,Petrol,80000.0,5,29.0,100000,13
2845,Sedan,Manual,1,Maruti Swift Dzire,2022,VXI CNG BSVI,Delhi,Third Party insurance,CNG,20000.0,5,29.0,850000,2
2846,SUV,Manual,1,Maruti Brezza,2023,Zxi,Delhi,Third Party insurance,Petrol,20000.0,5,29.0,1200000,1
2847,Sedan,Manual,2,Maruti Swift Dzire,2014,LDIX Limited Edition,Delhi,Third Party insurance,Diesel,90000.0,5,29.0,350000,10
2848,Hatchback,Manual,1,Hyundai i10,2011,Sportz,Delhi,Comprehensive,Petrol,67985.0,5,29.0,221000,13
2849,SUV,Manual,1,Honda WR-V,2020,i-DTEC VX,Delhi,Comprehensive,Diesel,89722.0,5,29.0,827999,4
2850,Sedan,Manual,2,Maruti Swift Dzire,2012,1.2 ZXi BSIV,Delhi,Comprehensive,Petrol,78000.0,5,29.0,325000,12
2851,Hatchback,Manual,1,Maruti Wagon R,2017,LXI BS IV,Delhi,Third Party,Petrol,51165.0,5,29.0,371000,7
2852,Hatchback,Manual,1,Maruti S-Presso,2022,VXI Plus 2019-2022,Delhi,Third Party insurance,Petrol,14000.0,5,29.0,475000,2
2853,Hatchback,Manual,1,Hyundai Grand i10,2015,Sportz,Delhi,Comprehensive,Petrol,50576.0,5,29.0,406000,9
2854,SUV,Automatic,1,Hyundai Venue,2019,SX Plus Turbo DCT,Delhi,Third Party insurance,Petrol,70000.0,5,29.0,890000,5
2855,Hatchback,Manual,2,Maruti Wagon R,2009,LXI Minor,Delhi,Third Party insurance,Petrol,80000.0,5,29.0,100000,15
2856,SUV,Manual,1,Kia Sonet,2021,HTK Plus BSVI,Delhi,Third Party insurance,Petrol,20000.0,5,29.0,950000,3
2857,Sedan,Manual,1,Hyundai Verna,2011,1.6 SX VTVT,Delhi,Third Party insurance,Petrol,60000.0,5,29.0,418000,13
2858,SUV,Manual,1,Hyundai Creta,2019,1.6 SX Option Diesel,Delhi,Third Party insurance,Diesel,38000.0,5,29.0,1195000,5
2859,Hatchback,Automatic,1,Volkswagen Polo,2022,1.0 TSI Highline Plus AT,Hyderabad,Third Party insurance,Petrol,20000.0,5,29.0,1044000,2
2860,Hatchback,Manual,2,Hyundai EON,2014,Era Plus,Hyderabad,Third Party insurance,Petrol,85582.0,5,29.0,260000,10
2861,SUV,Manual,1,Hyundai Venue,2023,S BSVI,Hyderabad,Third Party insurance,Petrol,10000.0,5,29.0,955000,1
2862,Hatchback,Manual,1,Maruti Baleno,2017,1.2 Alpha,Hyderabad,Third Party insurance,Petrol,50750.0,5,29.0,671000,7
2863,SUV,Manual,1,Kia Sonet,2021,HTX Plus Turbo iMT BSVI,Hyderabad,Third Party insurance,Petrol,10000.0,5,29.0,1178000,3
2864,Hatchback,Automatic,1,Maruti Celerio,2017,ZXI Optional AMT BSIV,Hyderabad,Zero Dep,Petrol,66366.0,5,29.0,489000,7
2865,Hatchback,Manual,1,Maruti Celerio,2017,ZXI Optional,Hyderabad,Third Party,Petrol,72544.0,5,29.0,465000,7
2866,Hatchback,Manual,1,Ford Figo,2021,Titanium,Hyderabad,Third Party,Petrol,29154.0,5,29.0,728000,3
2867,Hatchback,Automatic,1,Tata Tiago,2018,1.2 Revotron XZA,Hyderabad,Third Party insurance,Petrol,70000.0,5,29.0,530000,6
2868,Hatchback,Manual,1,Datsun RediGO,2021,1.0 T Option,Hyderabad,Third Party insurance,Petrol,33730.0,5,29.0,466000,3
2869,Hatchback,Manual,1,Renault KWID,2020,Climber 1.0 MT Opt BSIV,Hyderabad,Comprehensive,Petrol,51113.0,5,29.0,457000,4
2870,Hatchback,Manual,2,Volkswagen Polo,2013,Diesel Comfortline 1.2L,Hyderabad,Third Party insurance,Diesel,40000.0,5,29.0,350000,11
2871,Hatchback,Manual,1,Maruti Wagon R,2009,LXI Minor,Hyderabad,Third Party insurance,Petrol,40000.0,5,29.0,290000,15
2872,Hatchback,Manual,1,Maruti Wagon R,2014,VXI,Hyderabad,Comprehensive,Petrol,64500.0,5,29.0,375000,10
2873,Hatchback,Manual,1,Maruti Wagon R,2020,VXI Opt,Hyderabad,Third Party insurance,Petrol,40000.0,5,29.0,600000,4
2874,SUV,Manual,1,Jeep Compass,2018,2.0 Limited,Hyderabad,Third Party insurance,Diesel,80000.0,5,29.0,1400000,6
2875,Sedan,Automatic,2,Hyundai Aura,2020,SX Plus AMT,Hyderabad,Third Party,Petrol,39886.0,5,29.0,766000,4
2876,SUV,Manual,1,Renault Duster,2014,85PS Diesel RxL,Hyderabad,Third Party insurance,Diesel,107588.0,5,29.0,440000,10
2877,Hatchback,Manual,1,Hyundai Grand i10,2017,1.2 Kappa Sportz BSIV,Hyderabad,Third Party insurance,Petrol,36621.0,5,29.0,519000,7
2878,Hatchback,Manual,1,Maruti S-Presso,2022,VXi Plus BSVI,Hyderabad,Third Party insurance,Petrol,18900.0,5,29.0,525000,2
2879,SUV,Manual,1,Kia Seltos,2019,HTK Plus D,Hyderabad,Zero Dep,Diesel,70754.0,5,29.0,1108000,5
2880,Hatchback,Manual,1,Maruti S-Presso,2020,VXI 2019-2022,Hyderabad,Third Party insurance,Petrol,59832.0,5,29.0,420000,4
2881,Sedan,Manual,2,Maruti Swift Dzire,2017,VXI 1.2,Hyderabad,Third Party,Petrol,60068.0,5,29.0,605000,7
2882,Hatchback,Manual,1,Maruti Alto 800,2018,LXI,Hyderabad,Comprehensive,Petrol,41261.0,5,29.0,326000,6
2883,Hatchback,Manual,1,Honda Jazz,2018,1.2 V i VTEC,Hyderabad,Comprehensive,Petrol,75747.0,5,29.0,639000,6
2884,Hatchback,Manual,2,Hyundai i20,2018,1.2 Asta Option,Hyderabad,Third Party insurance,Petrol,49241.0,5,29.0,712000,6
2885,Hatchback,Manual,1,Maruti Swift,2021,VXI BSVI,Hyderabad,Third Party insurance,Petrol,33488.0,5,29.0,670000,3
2886,Hatchback,Manual,1,Tata Altroz,2022,XZ Plus BSVI,Hyderabad,Third Party,Petrol,21000.0,5,29.0,875000,2
2887,Hatchback,Manual,1,Volkswagen Polo,2017,1.0 MPI Highline,Hyderabad,Third Party insurance,Petrol,64000.0,5,29.0,675000,7
2888,Sedan,Manual,2,Volkswagen Ameo,2018,1.0 MPI Trendline,Hyderabad,Third Party insurance,Petrol,71413.0,5,29.0,533000,6
2889,Hatchback,Manual,2,Renault KWID,2020,RXT,Hyderabad,Third Party,Petrol,31920.0,5,29.0,487000,4
2890,Hatchback,Manual,2,Maruti S-Presso,2022,VXI Plus 2019-2022,Hyderabad,Comprehensive,Petrol,9939.0,5,29.0,526000,2
2891,Hatchback,Manual,1,Maruti Baleno,2022,Alpha,Hyderabad,Third Party,Petrol,7156.0,5,29.0,926000,2
2892,Sedan,Manual,1,Toyota Yaris,2018,J,Hyderabad,Comprehensive,Petrol,20608.0,5,29.0,850000,6
2893,Hatchback,Automatic,2,Maruti Celerio,2018,ZXI Optional AMT BSIV,Hyderabad,Comprehensive,Petrol,67553.0,5,29.0,501000,6
2894,Sedan,Manual,1,Maruti Swift Dzire,2017,VXI Optional,Hyderabad,Third Party,Petrol,95286.0,5,29.0,577000,7
2895,Hatchback,Manual,1,Hyundai Grand i10,2019,1.2 Kappa Sportz BSIV,Hyderabad,Zero Dep,Petrol,35929.0,5,29.0,521000,5
2896,Sedan,Manual,1,Skoda Rapid,2018,1.6 MPI Active BSIV,Hyderabad,Third Party insurance,Petrol,60000.0,5,29.0,775000,6
2897,SUV,Manual,1,Maruti Vitara Brezza,2019,ZDi Plus Dual Tone,Hyderabad,Comprehensive,Diesel,52220.0,5,29.0,980000,5
2898,Sedan,Manual,2,Maruti Ciaz,2019,Zeta BSIV,Hyderabad,Third Party,Petrol,61659.0,5,29.0,830000,5
2899,Sedan,Manual,1,Maruti Swift Dzire,2020,ZXI BSVI,Hyderabad,Third Party insurance,Petrol,65000.0,5,29.0,750000,4
2900,Hatchback,Manual,2,Maruti Swift,2017,VDI Optional,Hyderabad,Third Party insurance,Diesel,110000.0,5,29.0,600000,7
2901,Hatchback,Manual,1,Maruti Alto 800,2017,VXI,Hyderabad,Third Party insurance,Petrol,78969.0,5,29.0,302000,7
2902,Hatchback,Manual,2,Hyundai Grand i10 Nios,2021,Asta,Hyderabad,Third Party,Petrol,38939.0,5,29.0,736000,3
2903,Hatchback,Manual,1,Maruti Ignis,2019,1.2 Zeta BSIV,Hyderabad,Comprehensive,Petrol,88637.0,5,29.0,480000,5
2904,Hatchback,Manual,1,Maruti S-Presso,2020,VXI 2019-2022,Hyderabad,Zero Dep,Petrol,68556.0,5,29.0,432000,4
2905,Hatchback,Manual,1,Ford Figo,2019,Titanium BSIV,Hyderabad,Not Available,Petrol,44356.0,5,29.0,600000,5
2906,Sedan,Manual,1,Maruti Swift Dzire,2016,ZXI,Hyderabad,Third Party,Petrol,73143.0,5,29.0,610000,8
2907,SUV,Automatic,1,Volvo XC60,2012,D3 Kinetic,Hyderabad,Third Party insurance,Diesel,146769.0,5,29.0,1250000,12
2908,Hatchback,Manual,1,Datsun GO,2018,T,Hyderabad,Third Party insurance,Petrol,67527.0,5,29.0,337000,6
2909,Hatchback,Automatic,1,Hyundai Santro,2019,Sportz AMT BSIV,Hyderabad,Comprehensive,Petrol,79467.0,5,29.0,527000,5
2910,Hatchback,Manual,3,Volkswagen Polo,2017,1.2 MPI Comfortline,Hyderabad,Third Party,Petrol,103046.0,5,29.0,549000,7
2911,Hatchback,Manual,2,Fiat Punto EVO,2017,Pure 1.2 FIRE,Hyderabad,Not Available,Petrol,85110.0,5,29.0,270000,7
2912,SUV,Manual,1,Renault Captur,2017,1.5 Diesel RXT,Hyderabad,Third Party insurance,Diesel,70000.0,5,29.0,975000,7
2913,Hatchback,Manual,1,Hyundai i20,2018,1.4 Sportz,Hyderabad,Third Party insurance,Diesel,72000.0,5,29.0,725000,6
2914,SUV,Manual,1,Hyundai Venue,2023,S BSVI,Hyderabad,Third Party insurance,Petrol,20000.0,5,29.0,955000,1
2915,SUV,Manual,1,Hyundai Venue,2023,S Opt BSVI,Hyderabad,Third Party insurance,Petrol,20000.0,5,29.0,1010000,1
2916,Hatchback,Manual,1,Hyundai i20,2016,Asta 1.2,Hyderabad,Comprehensive,Petrol,54708.0,5,29.0,621000,8
2917,Hatchback,Manual,1,Maruti Baleno,2017,1.2 Zeta,Hyderabad,Comprehensive,Petrol,78031.0,5,29.0,633000,7
2918,Hatchback,Manual,2,Hyundai Grand i10,2019,1.2 Kappa Magna BSIV,Hyderabad,Zero Dep,Petrol,24337.0,5,29.0,515000,5
2919,Hatchback,Manual,1,Maruti Baleno,2019,1.2 Zeta,Hyderabad,Third Party insurance,Petrol,82243.0,5,29.0,679000,5
2920,SUV,Manual,1,Hyundai Creta,2022,S iMT BSVI,Hyderabad,Third Party insurance,Petrol,20000.0,5,29.0,1388000,2
2921,Hatchback,Automatic,2,Maruti Ignis,2017,1.2 AMT Zeta BSIV,Hyderabad,Comprehensive,Petrol,104701.0,5,29.0,609000,7
2922,SUV,Manual,2,Toyota Urban cruiser,2021,Mid,Hyderabad,Comprehensive,Petrol,54000.0,5,29.0,1000000,3
2923,Hatchback,Manual,1,Maruti Swift,2021,LXI,Hyderabad,Third Party insurance,Petrol,118937.0,5,29.0,590000,3
2924,Hatchback,Manual,1,Maruti Swift,2017,VDI BSIV,Hyderabad,Third Party insurance,Diesel,105133.0,5,29.0,570000,7
2925,Sedan,Automatic,1,Maruti Swift Dzire,2018,AMT VXI,Hyderabad,Third Party,Petrol,36290.0,5,29.0,679000,6
2926,Hatchback,Manual,1,Hyundai i20,2018,Petrol Asta,Hyderabad,Third Party insurance,Petrol,29084.0,5,29.0,640000,6
2927,Hatchback,Manual,1,Maruti Celerio,2020,VXI,Hyderabad,Third Party insurance,Petrol,66911.0,5,29.0,475000,4
2928,Sedan,Automatic,1,Honda City,2011,1.5 V AT,Hyderabad,Third Party insurance,Petrol,110000.0,5,29.0,430000,13
2929,Hatchback,Automatic,1,Hyundai Grand i10,2018,1.2 Kappa Sportz Option AT,Hyderabad,Third Party,Petrol,22000.0,5,29.0,675000,6
2930,Hatchback,Manual,1,Datsun GO,2018,T,Hyderabad,Third Party insurance,Petrol,70200.0,5,29.0,430000,6
2931,Hatchback,Manual,1,Renault KWID,2019,Climber 1.0 MT,Hyderabad,Third Party insurance,Petrol,60004.0,5,29.0,420000,5
2932,Hatchback,Manual,1,Maruti Wagon R,2020,ZXI 1.2,Hyderabad,Third Party insurance,Petrol,60000.0,5,29.0,580000,4
2933,Hatchback,Manual,2,Hyundai i10,2013,Magna 1.1L,Hyderabad,Third Party,Petrol,57078.0,5,29.0,334000,11
2934,Hatchback,Manual,1,Maruti Ritz,2014,ZXi,Hyderabad,Comprehensive,Petrol,63789.0,5,29.0,402000,10
2935,Hatchback,Manual,1,Chevrolet Beat,2016,Diesel LT,Hyderabad,Third Party insurance,Diesel,120000.0,5,29.0,240000,8
2936,Sedan,Automatic,2,Maruti Ciaz,2018,Delta Diesel,Hyderabad,Zero Dep,Diesel,118207.0,5,29.0,734000,6
2937,Sedan,Manual,1,Honda City,2017,V MT,Hyderabad,Comprehensive,Petrol,53000.0,5,29.0,795000,7
2938,Hatchback,Manual,2,Maruti Baleno,2016,1.2 Alpha,Hyderabad,Comprehensive,Petrol,105224.0,5,29.0,570000,8
2939,Hatchback,Manual,2,Hyundai Santro,2021,Asta,Hyderabad,Zero Dep,Petrol,20837.0,5,29.0,551000,3
2940,Hatchback,Manual,2,Hyundai i20,2010,Magna,Hyderabad,Third Party insurance,Petrol,100000.0,5,29.0,280000,14
2941,Hatchback,Manual,1,Datsun RediGO,2021,T Option,Hyderabad,Third Party insurance,Petrol,24021.0,5,29.0,463000,3
2942,Sedan,Manual,1,Maruti Ciaz,2016,ZXi,Hyderabad,Third Party insurance,Petrol,61000.0,5,29.0,625000,8
2943,Sedan,Manual,2,Ford Fiesta,2008,1.6 ZXI Duratec,Hyderabad,Third Party insurance,Petrol,64000.0,5,29.0,200000,16
2944,Hatchback,Manual,1,Maruti Alto,2011,LXi,Hyderabad,Third Party insurance,Petrol,120000.0,5,29.0,170000,13
2945,Hatchback,Manual,1,Maruti Alto 800,2018,LXI,Hyderabad,Third Party insurance,Petrol,49000.0,5,29.0,325000,6
2946,Hatchback,Manual,1,Maruti Alto 800,2016,LXI,Hyderabad,Third Party insurance,Petrol,50000.0,5,29.0,275000,8
2947,Hatchback,Manual,1,Datsun RediGO,2021,1.0 T Option,Hyderabad,Third Party,Petrol,18569.0,5,29.0,447000,3
2948,Sedan,Automatic,1,Skoda Rapid,2015,1.5 TDI AT Elegance Plus,Hyderabad,Third Party insurance,Diesel,85000.0,5,29.0,600000,9
2949,Hatchback,Manual,2,Datsun RediGO,2020,1.0 T Option,Hyderabad,Third Party,Petrol,19205.0,5,29.0,402000,4
2950,Hatchback,Manual,2,Maruti Swift,2019,DDiS VDI,Hyderabad,Third Party insurance,Diesel,122000.0,5,29.0,667000,5
2951,Hatchback,Manual,1,Maruti Ignis,2018,1.2 Alpha BSIV,Hyderabad,Zero Dep,Petrol,97644.0,5,29.0,552000,6
2952,Hatchback,Manual,1,Hyundai i10,2010,Magna 1.2,Hyderabad,Third Party insurance,Petrol,82000.0,5,29.0,265000,14
2953,Hatchback,Manual,2,Maruti Swift,2013,VDI,Hyderabad,Comprehensive,Diesel,70607.0,5,29.0,443000,11
2954,Sedan,Automatic,1,Hyundai Verna,2016,1.6 VTVT AT SX,Hyderabad,Third Party insurance,Petrol,71144.0,5,29.0,721000,8
2955,Hatchback,Automatic,1,Hyundai i20,2021,Asta Opt Turbo DCT BSVI,Hyderabad,Zero Dep,Petrol,56753.0,5,29.0,1092000,3
2956,SUV,Manual,1,Maruti Vitara Brezza,2018,ZDi Plus Dual Tone,Hyderabad,Third Party insurance,Diesel,72000.0,5,29.0,890000,6
2957,Hatchback,Manual,2,Maruti Baleno,2018,1.2 Zeta,Hyderabad,Not Available,Petrol,64487.0,5,29.0,550000,6
2958,Hatchback,Manual,1,Maruti Baleno,2017,1.2 Alpha,Hyderabad,Third Party,Petrol,95783.0,5,29.0,609000,7
2959,SUV,Manual,2,Nissan Kicks,2020,1.3 Turbo XV Pre Option,Hyderabad,Comprehensive,Petrol,31500.0,5,29.0,1199000,4
2960,Hatchback,Manual,2,Hyundai Santro Xing,2012,GLS,Hyderabad,Third Party insurance,Petrol,50000.0,5,29.0,260000,12
2961,SUV,Manual,1,Hyundai Creta,2017,1.6 CRDi SX Option,Hyderabad,Third Party insurance,Diesel,97161.0,5,29.0,1124000,7
2962,Hatchback,Manual,2,Maruti Alto K10,2014,VXI,Hyderabad,Third Party insurance,Petrol,70435.0,5,29.0,272000,10
2963,SUV,Manual,1,MG Hector,2020,Super Diesel MT BSIV,Hyderabad,Comprehensive,Diesel,49287.0,5,29.0,1500000,4
2964,Hatchback,Automatic,2,Hyundai Santro,2018,Sportz AMT BSIV,Hyderabad,Comprehensive,Petrol,84759.0,5,29.0,522000,6
2965,Hatchback,Manual,2,Maruti Baleno,2017,1.2 Zeta,Hyderabad,Comprehensive,Petrol,74538.0,5,29.0,623000,7
2966,Hatchback,Manual,2,Maruti Alto 800,2017,VXI,Hyderabad,Third Party insurance,Petrol,79024.0,5,29.0,298000,7
2967,Hatchback,Manual,1,Maruti Celerio,2016,VDi,Hyderabad,Third Party insurance,Diesel,80000.0,5,29.0,400000,8
2968,SUV,Manual,1,Hyundai Creta,2018,1.6 CRDi SX,Hyderabad,Comprehensive,Diesel,62125.0,5,29.0,1080000,6
2969,Hatchback,Manual,1,Toyota Etios Cross,2014,1.4L VD,Hyderabad,Comprehensive,Diesel,95596.0,5,29.0,520000,10
2970,Hatchback,Manual,1,Hyundai Grand i10,2019,1.2 Kappa Asta,Hyderabad,Comprehensive,Petrol,18500.0,5,29.0,680000,5
2971,Hatchback,Manual,2,Maruti Swift,2016,DDiS VDI,Hyderabad,Third Party insurance,Diesel,144000.0,5,29.0,500000,8
2972,Sedan,Manual,1,Honda City,2021,ZX MT,Hyderabad,Third Party insurance,Petrol,55200.0,5,29.0,1199000,3
2973,Hatchback,Manual,1,Hyundai i20,2016,Asta 1.2,Hyderabad,Third Party insurance,Petrol,71779.0,5,29.0,633000,8
2974,Sedan,Manual,3,Honda City,2015,i VTEC V,Hyderabad,Third Party insurance,Petrol,101176.0,5,29.0,562000,9
2975,Hatchback,Manual,1,Maruti Celerio,2016,VDi,Hyderabad,Third Party insurance,Diesel,75000.0,5,29.0,475000,8
2976,Hatchback,Manual,1,Honda Jazz,2017,1.2 V i VTEC,Hyderabad,Comprehensive,Petrol,66676.0,5,29.0,601000,7
2977,Hatchback,Manual,1,Maruti Alto 800,2018,LXI,Hyderabad,Third Party insurance,Petrol,2236.0,5,29.0,352000,6
2978,Hatchback,Manual,2,Hyundai i10,2012,Era 1.1 iTech SE,Hyderabad,Third Party insurance,Petrol,74754.0,5,29.0,300000,12
2979,Hatchback,Manual,1,Maruti Baleno,2018,Delta,Hyderabad,Third Party insurance,Petrol,66244.0,5,29.0,720000,6
2980,Hatchback,Manual,1,Renault KWID,2022,1.0 RXT BSVI,Hyderabad,Third Party insurance,Petrol,17341.0,5,29.0,541000,2
2981,Hatchback,Manual,1,Hyundai Grand i10,2018,1.2 Kappa Sportz Option,Hyderabad,Third Party insurance,Petrol,44675.0,5,29.0,514000,6
2982,Hatchback,Manual,1,Maruti Baleno,2022,Zeta,Hyderabad,Comprehensive,Petrol,30829.0,5,29.0,780000,2
2983,Sedan,Manual,2,Tata Zest,2015,Revotron 1.2T Anniversary Edition,Hyderabad,Third Party insurance,Petrol,100000.0,5,29.0,400000,9
2984,Sedan,Manual,1,Maruti Ciaz,2019,Alpha 1.5,Hyderabad,Third Party insurance,Diesel,53800.0,5,29.0,995000,5
2985,SUV,Manual,1,Hyundai Creta,2017,1.4 E Plus CRDi,Hyderabad,Third Party insurance,Diesel,122000.0,5,29.0,940000,7
2986,Hatchback,Manual,1,Datsun RediGO,2018,1.0 S,Hyderabad,Third Party insurance,Petrol,83829.0,5,29.0,375000,6
2987,Hatchback,Manual,2,Honda Brio,2013,S MT,Hyderabad,Third Party insurance,Petrol,52996.0,5,29.0,314000,11
2988,Hatchback,Manual,1,Maruti Baleno,2021,Zeta,Hyderabad,Zero Dep,Petrol,15680.0,5,29.0,787000,3
2989,Hatchback,Automatic,1,Maruti Swift,2019,VXI AMT,Hyderabad,Third Party insurance,Petrol,55065.0,5,29.0,595000,5
2990,Hatchback,Manual,2,Toyota Etios Liva,2016,1.4 GD,Hyderabad,Third Party insurance,Diesel,120000.0,5,29.0,400000,8
2991,Hatchback,Manual,1,Hyundai i20,2017,Sportz 1.2,Hyderabad,Zero Dep,Petrol,45560.0,5,29.0,655000,7
2992,Hatchback,Manual,1,Hyundai i10,2012,Sportz,Hyderabad,Third Party insurance,Petrol,42096.0,5,29.0,336000,12
2993,Sedan,Manual,1,Honda City,2018,i-VTEC V,Hyderabad,Third Party insurance,Petrol,63886.0,5,29.0,832000,6
2994,Hatchback,Manual,1,Maruti Swift,2016,LDI BSIV,Hyderabad,Third Party insurance,Diesel,61000.0,5,29.0,595000,8
2995,Hatchback,Automatic,1,Hyundai Grand i10,2017,1.2 Kappa Sportz Option AT,Hyderabad,Third Party insurance,Petrol,18000.0,5,29.0,625000,7
2996,Hatchback,Automatic,1,Hyundai Grand i10,2016,AT Asta,Hyderabad,Third Party insurance,Petrol,63000.0,5,29.0,599000,8
2997,Hatchback,Manual,2,Maruti Baleno,2018,1.2 Alpha,Hyderabad,Third Party,Petrol,52617.0,5,29.0,615000,6
2998,Hatchback,Manual,1,Maruti Celerio,2019,ZXI,Hyderabad,Third Party insurance,Petrol,51865.0,5,29.0,514000,5
2999,Hatchback,Manual,1,Maruti Swift,2015,VXI,Hyderabad,Comprehensive,Petrol,110410.0,5,29.0,458000,9
3000,Sedan,Automatic,1,Maruti Ciaz,2017,AT ZXi,Hyderabad,Third Party,Petrol,55846.0,5,29.0,700000,7
3001,Hatchback,Manual,1,Renault KWID,2020,1.0 RXL BSVI,Hyderabad,Third Party insurance,Petrol,47000.0,5,29.0,515000,4
3002,Hatchback,Manual,1,Hyundai Santro Xing,2010,GLS,Hyderabad,Third Party insurance,Petrol,73000.0,5,29.0,265000,14
3003,Hatchback,Manual,1,Hyundai i20,2016,Sportz 1.2,Hyderabad,Third Party insurance,Petrol,88048.0,5,29.0,579000,8
3004,Hatchback,Manual,2,Hyundai i10,2013,Magna,Hyderabad,Third Party,Petrol,92278.0,5,29.0,318000,11
3005,Sedan,Manual,1,Honda City,2016,i VTEC V,Hyderabad,Comprehensive,Petrol,92960.0,5,29.0,643000,8
3006,Hatchback,Manual,1,Tata Altroz,2020,XZ BSVI,Hyderabad,Third Party insurance,Petrol,63000.0,5,29.0,750000,4
3007,SUV,Automatic,1,Renault Kiger,2021,RXZ AMT DT,Hyderabad,Third Party insurance,Petrol,20000.0,5,29.0,825000,3
3008,Hatchback,Automatic,1,Maruti S-Presso,2022,VXi Plus Opt AT,Hyderabad,Comprehensive,Petrol,4600.0,5,29.0,610000,2
3009,Sedan,Manual,1,Honda City,2021,i-VTEC V,Hyderabad,Comprehensive,Petrol,22800.0,5,29.0,1090000,3
3010,Sedan,Manual,1,Maruti Swift Dzire Tour,2020,1.2 S STD,Hyderabad,Third Party insurance,Petrol,10000.0,5,29.0,625000,4
3011,Hatchback,Manual,2,Ford Figo,2010,Petrol Titanium,Hyderabad,Third Party insurance,Petrol,70000.0,5,29.0,185000,14
3012,Hatchback,Manual,1,Maruti Alto 800,2020,LXI,Hyderabad,Third Party insurance,Petrol,44790.0,5,29.0,357000,4
3013,Hatchback,Manual,1,Maruti S-Presso,2022,VXI Plus 2019-2022,Hyderabad,Third Party,Petrol,14213.0,5,29.0,547000,2
3014,SUV,Manual,2,Maruti Vitara Brezza,2018,VDi Option,Hyderabad,Comprehensive,Diesel,102000.0,5,29.0,800000,6
3015,Hatchback,Manual,3,Hyundai i10,2012,Magna,Hyderabad,Third Party insurance,Petrol,40724.0,5,29.0,311000,12
3016,Hatchback,Manual,2,Maruti Baleno,2017,1.2 Delta,Hyderabad,Third Party insurance,Petrol,55724.0,5,29.0,570000,7
3017,Sedan,Manual,1,Maruti Swift Dzire,2010,VXi,Hyderabad,Third Party insurance,Petrol,100000.0,5,29.0,300000,14
3018,Hatchback,Manual,1,Maruti Alto 800,2017,VXI,Hyderabad,Third Party,Petrol,85396.0,5,29.0,332000,7
3019,Hatchback,Manual,2,Maruti Baleno,2016,1.2 Zeta,Hyderabad,Third Party insurance,Petrol,50000.0,5,29.0,510000,8
3020,Hatchback,Manual,1,Maruti Alto 800,2016,LXI Optional,Hyderabad,Comprehensive,Petrol,27136.0,5,29.0,325000,8
3021,Hatchback,Manual,1,Maruti Ignis,2018,1.2 Delta BSIV,Hyderabad,Comprehensive,Petrol,20034.0,5,29.0,528000,6
3022,Hatchback,Manual,2,Hyundai Santro Xing,2012,GLS,Hyderabad,Third Party insurance,Petrol,50000.0,5,29.0,260000,12
3023,Hatchback,Automatic,1,Maruti Baleno,2017,Zeta CVT,Hyderabad,Comprehensive,Petrol,46739.0,5,29.0,740000,7
3024,Sedan,Manual,2,Hyundai Verna,2012,1.6 SX CRDi (O),Hyderabad,Third Party insurance,Diesel,150000.0,5,29.0,410000,12
3025,Hatchback,Automatic,1,Maruti Celerio X,2019,AMT ZXI Option BSIV,Hyderabad,Third Party insurance,Petrol,62000.0,5,29.0,599000,5
3026,Sedan,Automatic,1,Honda City,2020,ZX CVT,Hyderabad,Third Party insurance,Petrol,36000.0,5,29.0,1299000,4
3027,Sedan,Manual,1,Honda City,2019,i-VTEC ZX,Hyderabad,Third Party insurance,Petrol,40000.0,5,29.0,1050000,5
3028,Hatchback,Manual,1,Datsun RediGO,2020,1.0 T Option,Hyderabad,Comprehensive,Petrol,15850.0,5,29.0,416000,4
3029,Sedan,Automatic,1,Maruti Swift Dzire,2017,AMT ZXI Plus,Hyderabad,Third Party insurance,Petrol,62535.0,5,29.0,642000,7
3030,SUV,Manual,1,Maruti Vitara Brezza,2018,VDi Option,Hyderabad,Comprehensive,Diesel,94600.0,5,29.0,849000,6
3031,Sedan,Manual,2,Maruti Swift Dzire,2013,VXI,Hyderabad,Third Party insurance,Petrol,80375.0,5,29.0,434000,11
3032,Hatchback,Manual,3,Honda Brio,2012,S MT,Hyderabad,Comprehensive,Petrol,97935.0,5,29.0,276000,12
3033,Hatchback,Manual,1,Hyundai i20,2019,Magna Plus,Hyderabad,Comprehensive,Petrol,38300.0,5,29.0,710000,5
3034,Hatchback,Manual,1,Maruti Baleno,2017,1.2 Delta,Hyderabad,Zero Dep,Petrol,81917.0,5,29.0,580000,7
3035,Hatchback,Manual,1,Maruti Baleno,2016,1.2 Delta,Hyderabad,Comprehensive,Petrol,69000.0,5,29.0,575000,8
3036,Hatchback,Manual,2,Hyundai Grand i10,2016,Sportz,Hyderabad,Comprehensive,Petrol,43566.0,5,29.0,498000,8
3037,Hatchback,Manual,2,Hyundai i20,2015,Sportz 1.2,Hyderabad,Third Party insurance,Petrol,94201.0,5,29.0,533000,9
3038,Hatchback,Automatic,1,Maruti Baleno,2017,1.2 CVT Zeta,Hyderabad,Third Party insurance,Petrol,50000.0,5,29.0,699000,7
3039,Hatchback,Manual,1,Tata Tiago,2019,1.2 Revotron XZ,Hyderabad,Zero Dep,Petrol,40689.0,5,29.0,520000,5
3040,Sedan,Manual,1,Honda Amaze,2018,V Petrol BSIV,Hyderabad,Comprehensive,Petrol,35849.0,5,29.0,720000,6
3041,Hatchback,Manual,1,Hyundai i20,2019,Asta Option BSIV,Hyderabad,Third Party,Petrol,62000.0,5,29.0,749000,5
3042,Hatchback,Manual,3,Maruti Alto K10,2017,VXI,Hyderabad,Third Party insurance,Petrol,40000.0,5,29.0,330000,7
3043,Hatchback,Manual,1,Tata Tiago NRG,2022,XZ BSVI,Hyderabad,Third Party insurance,Petrol,10000.0,5,29.0,700000,2
3044,Hatchback,Manual,1,Hyundai i20,2016,Sportz 1.2,Hyderabad,Third Party insurance,Petrol,69552.0,5,29.0,645000,8
3045,Hatchback,Automatic,1,Renault KWID,2018,1.0 AMT RXT,Hyderabad,Third Party,Petrol,97610.0,5,29.0,391000,6
3046,Sedan,Automatic,2,Honda City,2012,1.5 V AT Sunroof,Hyderabad,Third Party,Petrol,74914.0,5,29.0,509000,12
3047,Hatchback,Manual,2,Hyundai i20,2015,Sportz 1.2,Hyderabad,Comprehensive,Petrol,101887.0,5,29.0,516000,9
3048,Hatchback,Manual,2,Maruti Wagon R,2012,LXI BS IV,Hyderabad,Comprehensive,Petrol,42217.0,5,29.0,312000,12
3049,Hatchback,Automatic,2,Maruti Celerio,2016,VXI AMT,Hyderabad,Third Party,Petrol,80315.0,5,29.0,434000,8
3050,Hatchback,Manual,1,Maruti Wagon R,2013,VXI,Hyderabad,Third Party,Petrol,55000.0,5,29.0,375000,11
3051,Hatchback,Manual,1,Datsun GO,2019,T Option Petrol,Hyderabad,Third Party insurance,Petrol,64447.0,5,29.0,432000,5
3052,Hatchback,Automatic,1,Hyundai Grand i10 Nios,2019,AMT Sportz,Hyderabad,Third Party,Petrol,76947.0,5,29.0,688000,5
3053,Hatchback,Manual,1,Datsun RediGO,2018,T Option,Hyderabad,Third Party insurance,Petrol,23110.0,5,29.0,350000,6
3054,Hatchback,Manual,2,Hyundai Grand i10,2018,1.2 Kappa Sportz BSIV,Hyderabad,Third Party insurance,Petrol,40235.0,5,29.0,496000,6
3055,Hatchback,Automatic,1,Hyundai Grand i10,2019,1.2 Kappa Magna AT,Hyderabad,Third Party insurance,Petrol,21000.0,5,29.0,685000,5
3056,Hatchback,Manual,1,Maruti Celerio,2022,VXI CNG BSVI,Hyderabad,Third Party insurance,CNG,50000.0,5,29.0,630000,2
3057,Sedan,Manual,2,Honda City,2007,GXi,Hyderabad,Third Party insurance,Petrol,90000.0,5,29.0,250000,17
3058,SUV,Manual,1,Maruti Vitara Brezza,2019,ZDi Plus,Hyderabad,Third Party insurance,Diesel,100000.0,5,29.0,1000000,5
3059,Hatchback,Manual,2,Maruti Ignis,2018,1.2 Delta BSIV,Hyderabad,Zero Dep,Petrol,39817.0,5,29.0,496000,6
3060,Sedan,Manual,1,Maruti Ciaz,2017,1.3 Zeta,Hyderabad,Third Party,Diesel,54063.0,5,29.0,788000,7
3061,Hatchback,Manual,1,Hyundai Grand i10,2013,Sportz,Hyderabad,Third Party insurance,Petrol,67372.0,5,29.0,416000,11
3062,Hatchback,Manual,1,Maruti Alto 800,2019,VXI BSIV,Hyderabad,Third Party,Petrol,76685.0,5,29.0,344000,5
3063,Hatchback,Manual,1,Maruti Swift,2014,RS VDI,Hyderabad,Comprehensive,Diesel,115595.0,5,29.0,450000,10
3064,Hatchback,Manual,2,Volkswagen Polo,2019,1.0 MPI Comfortline,Hyderabad,Third Party,Petrol,89956.0,5,29.0,523000,5
3065,Sedan,Manual,2,Maruti Swift Dzire,2011,VDi,Hyderabad,Third Party insurance,Diesel,120000.0,5,29.0,340000,13
3066,Hatchback,Manual,1,Hyundai Grand i10,2019,1.2 Kappa Sportz BSIV,Hyderabad,Third Party insurance,Petrol,87189.0,5,29.0,520000,5
3067,Hatchback,Manual,1,Maruti Swift,2019,VXI,Hyderabad,Comprehensive,Petrol,42662.0,5,29.0,628000,5
3068,Hatchback,Manual,1,Maruti Swift,2014,VDI BSIV,Hyderabad,Third Party insurance,Diesel,69000.0,5,29.0,525000,10
3069,Hatchback,Automatic,1,Hyundai Santro,2019,Sportz AMT BSIV,Hyderabad,Third Party insurance,Petrol,63002.0,5,29.0,514000,5
3070,Sedan,Manual,1,Hyundai Verna,2008,Xi (Petrol),Hyderabad,Third Party insurance,Petrol,108000.0,5,29.0,290000,16
3071,Hatchback,Manual,1,Maruti Baleno,2019,Delta Diesel,Hyderabad,Third Party insurance,Diesel,81000.0,5,29.0,750000,5
3072,Sedan,Manual,1,Tata Manza,2011,Aura (ABS) Quadrajet BS IV,Hyderabad,Third Party insurance,Diesel,70000.0,5,29.0,300000,13
3073,Hatchback,Automatic,1,Maruti Swift,2018,ZXI AMT,Hyderabad,Third Party insurance,Petrol,45911.0,5,29.0,675000,6
3074,Sedan,Manual,1,Honda City,2016,i VTEC SV,Hyderabad,Comprehensive,Petrol,87335.0,5,29.0,616000,8
3075,Hatchback,Manual,1,Maruti Baleno,2019,1.2 Zeta,Hyderabad,Third Party insurance,Petrol,35545.0,5,29.0,750000,5
3076,Sedan,Manual,1,Hyundai Xcent,2017,1.1 CRDi S,Hyderabad,Third Party insurance,Diesel,120000.0,5,29.0,450000,7
3077,Hatchback,Manual,1,Hyundai Grand i10,2016,Sportz,Hyderabad,Comprehensive,Petrol,54631.0,5,29.0,498000,8
3078,Sedan,Manual,1,Maruti Ciaz,2015,VDi Plus,Hyderabad,Third Party insurance,Diesel,107000.0,5,29.0,650000,9
3079,Hatchback,Manual,2,Hyundai Grand i10,2019,1.2 Kappa Magna BSIV,Hyderabad,Third Party insurance,Petrol,38471.0,5,29.0,527000,5
3080,Hatchback,Manual,2,Maruti Wagon R,2015,VXI BS IV,Hyderabad,Comprehensive,Petrol,72393.0,5,29.0,329000,9
3081,Hatchback,Manual,1,Ford Figo,2015,Petrol EXI,Hyderabad,Third Party insurance,Petrol,58000.0,5,29.0,350000,9
3082,Hatchback,Manual,1,Hyundai Santro,2018,Sportz BSIV,Hyderabad,Comprehensive,Petrol,20266.0,5,29.0,541000,6
3083,Hatchback,Manual,3,Hyundai i20,2012,Magna 1.4 CRDi (Diesel),Hyderabad,Third Party insurance,Diesel,120000.0,5,29.0,340000,12
3084,Hatchback,Manual,2,Hyundai Santro Xing,2008,GLS,Hyderabad,Third Party insurance,Petrol,90000.0,5,29.0,185000,16
3085,SUV,Manual,1,Hyundai Creta,2017,1.6 CRDi SX Plus,Hyderabad,Third Party insurance,Diesel,84910.0,5,29.0,1125000,7
3086,Sedan,Manual,1,Honda City,2020,V MT,Hyderabad,Third Party insurance,Petrol,70000.0,5,29.0,1000000,4
3087,Hatchback,Manual,2,Mahindra KUV 100 NXT,2018,D75 K4 Plus 5Str,Hyderabad,Third Party insurance,Diesel,120000.0,5,29.0,450000,6
3088,Sedan,Manual,2,Hyundai Xcent,2016,1.1 CRDi S,Hyderabad,Third Party insurance,Diesel,120000.0,5,29.0,445000,8
3089,SUV,Manual,1,Hyundai Creta,2018,1.6 CRDi SX Option,Hyderabad,Comprehensive,Diesel,109000.0,5,29.0,1195000,6
3090,Hatchback,Manual,1,Maruti Celerio,2016,VXI Optional,Hyderabad,Third Party insurance,Petrol,44000.0,5,29.0,440000,8
3091,Hatchback,Manual,1,Maruti Celerio X,2019,ZXI,Hyderabad,Zero Dep,Petrol,44363.0,5,29.0,503000,5
3092,Sedan,Automatic,1,Maruti Swift Dzire,2018,AMT VXI,Hyderabad,Comprehensive,Petrol,39461.0,5,29.0,702000,6
3093,Hatchback,Manual,1,Maruti Baleno,2018,1.2 Zeta,Hyderabad,Comprehensive,Petrol,59126.0,5,29.0,690000,6
3094,Hatchback,Manual,1,Hyundai Grand i10,2018,1.2 Kappa Asta,Hyderabad,Third Party insurance,Petrol,65331.0,5,29.0,520000,6
3095,Hatchback,Manual,1,Maruti Baleno,2017,RS,Hyderabad,Third Party insurance,Petrol,45000.0,5,29.0,699000,7
3096,Hatchback,Manual,2,Maruti Swift,2013,VXI,Hyderabad,Third Party insurance,Petrol,41378.0,5,29.0,436000,11
3097,Sedan,Manual,1,Tata Manza,2013,Club Class Quadrajet90 EX,Hyderabad,Third Party insurance,Diesel,120000.0,5,29.0,250000,11
3098,Sedan,Manual,1,Honda City,2014,i VTEC V,Hyderabad,Comprehensive,Petrol,124781.0,5,29.0,502000,10
3099,Hatchback,Manual,1,Maruti Swift,2016,VXI,Hyderabad,Third Party insurance,Petrol,63313.0,5,29.0,510000,8
3100,Hatchback,Manual,1,Maruti Baleno,2016,Delta Diesel,Hyderabad,Third Party insurance,Diesel,62535.0,5,29.0,660000,8
3101,Hatchback,Manual,1,Maruti Baleno,2017,1.2 Alpha,Hyderabad,Third Party insurance,Petrol,89581.0,5,29.0,599000,7
3102,Sedan,Manual,2,Ford Fiesta Classic,2011,1.4 Duratorq LXI,Hyderabad,Third Party insurance,Diesel,120000.0,5,29.0,250000,13
3103,Sedan,Automatic,2,Volkswagen Jetta,2014,2.0L TDI Highline AT,Hyderabad,Third Party insurance,Diesel,120000.0,5,29.0,750000,10
3104,Hatchback,Manual,1,Maruti Wagon R,2012,LXI,Hyderabad,Third Party insurance,Petrol,90000.0,5,29.0,310000,12
3105,Hatchback,Manual,1,Maruti Baleno,2017,RS,Hyderabad,Zero Dep,Petrol,59000.0,5,29.0,675000,7
3106,SUV,Automatic,3,Mercedes-Benz M-Class,2011,ML 350 4Matic,Hyderabad,Third Party insurance,Diesel,100000.0,5,29.0,1200000,13
3107,Hatchback,Manual,1,Maruti S-Presso,2019,VXI Opt 2019-2022,Hyderabad,Comprehensive,Petrol,99003.0,5,29.0,392000,5
3108,Hatchback,Manual,1,Maruti S-Presso,2019,VXI Opt 2019-2022,Hyderabad,Third Party insurance,Petrol,76003.0,5,29.0,401000,5
3109,Hatchback,Manual,3,Maruti Baleno,2017,1.2 Zeta,Hyderabad,Third Party insurance,Petrol,101863.0,5,29.0,581000,7
3110,Sedan,Automatic,1,Volkswagen Vento,2018,1.5 TDI Highline AT,Hyderabad,Comprehensive,Diesel,107344.0,5,29.0,909000,6
3111,Hatchback,Manual,1,Hyundai Grand i10,2018,1.2 Kappa Asta,Hyderabad,Third Party insurance,Petrol,56129.0,5,29.0,543000,6
3112,Sedan,Automatic,1,Honda Amaze,2018,V CVT Diesel BSIV,Hyderabad,Comprehensive,Diesel,97208.0,5,29.0,743000,6
3113,Sedan,Manual,2,Skoda Rapid,2020,1.0 TSI Style,Hyderabad,Third Party,Petrol,53509.0,5,29.0,997000,4
3114,Hatchback,Manual,1,Hyundai i10,2009,Era 1.1,Hyderabad,Third Party insurance,Petrol,113000.0,5,29.0,250000,15
3115,SUV,Manual,1,Maruti SX4 S Cross,2018,Zeta DDiS 200 SH,Hyderabad,Third Party insurance,Diesel,78000.0,5,29.0,975000,6
3116,Sedan,Automatic,1,Audi A4,2011,2.0 TDI,Hyderabad,Third Party insurance,Diesel,93000.0,5,29.0,1199000,13
3117,Sedan,Manual,1,Maruti Swift Dzire,2012,VDi,Hyderabad,Third Party insurance,Diesel,131852.0,5,29.0,420000,12
3118,Hatchback,Manual,1,Maruti Swift,2021,VXI,Hyderabad,Third Party insurance,Petrol,20000.0,5,29.0,600000,3
3119,SUV,Manual,1,Renault Duster,2019,110PS Diesel RxZ,Hyderabad,Third Party insurance,Diesel,44416.0,5,29.0,996000,5
3120,Hatchback,Manual,3,Honda Brio,2012,S MT,Hyderabad,Comprehensive,Petrol,69408.0,5,29.0,311000,12
3121,Hatchback,Manual,2,Maruti Baleno,2016,1.2 Zeta,Hyderabad,Comprehensive,Petrol,78911.0,5,29.0,572000,8
3122,Hatchback,Manual,1,Datsun GO,2017,T,Hyderabad,Zero Dep,Petrol,85298.0,5,29.0,307000,7
3123,Sedan,Manual,1,Honda City,2014,i VTEC S,Hyderabad,Third Party,Petrol,60529.0,5,29.0,454000,10
3124,Sedan,Manual,2,Skoda Rapid,2017,1.5 TDI Style BSIV,Hyderabad,Comprehensive,Diesel,115276.0,5,29.0,775000,7
3125,SUV,Automatic,1,Maruti Vitara Brezza,2019,VDi AMT,Hyderabad,Third Party insurance,Diesel,60000.0,5,29.0,850000,5
3126,SUV,Manual,1,Renault Duster,2020,RXE,Hyderabad,Third Party insurance,Petrol,30241.0,5,29.0,907000,4
3127,Hatchback,Manual,1,Hyundai Santro,2019,Sportz BSIV,Hyderabad,Comprehensive,Petrol,24197.0,5,29.0,509000,5
3128,Hatchback,Manual,2,Nissan Micra,2011,Diesel XV Premium,Hyderabad,Comprehensive,Diesel,85497.0,5,29.0,227000,13
3129,Hatchback,Manual,1,Maruti Baleno,2019,1.2 Delta,Hyderabad,Third Party insurance,Petrol,30000.0,5,29.0,650000,5
3130,Hatchback,Manual,1,Maruti Swift,2017,DDiS VDI,Hyderabad,Third Party insurance,Diesel,80000.0,5,29.0,580000,7
3131,Hatchback,Automatic,1,Honda Brio,2017,1.2 VX AT,Hyderabad,Third Party insurance,Petrol,41000.0,5,29.0,595000,7
3132,SUV,Automatic,1,Hyundai Creta,2017,1.6 CRDi AT SX Plus,Hyderabad,Third Party insurance,Diesel,73000.0,5,29.0,1100000,7
3133,Sedan,Manual,1,Maruti Swift Dzire,2022,VXI BSVI,Hyderabad,Third Party insurance,Petrol,40000.0,5,29.0,770000,2
3134,Hatchback,Manual,3,Tata Tiago,2018,1.2 Revotron XZ,Hyderabad,Comprehensive,Petrol,57380.0,5,29.0,496000,6
3135,Sedan,Automatic,1,Hyundai Elantra,2018,1.6 SX Option AT,Hyderabad,Third Party,Diesel,81334.0,5,29.0,1261000,6
3136,Sedan,Manual,1,Maruti Swift Dzire,2022,VXI CNG BSVI,Hyderabad,Third Party insurance,CNG,70000.0,5,29.0,875000,2
3137,SUV,Manual,1,Tata Nexon,2021,XM Diesel,Hyderabad,Third Party insurance,Diesel,32483.0,5,29.0,928000,3
3138,SUV,Manual,2,Maruti Vitara Brezza,2016,ZDi,Hyderabad,Third Party insurance,Diesel,71220.0,5,29.0,803999,8
3139,SUV,Manual,1,Kia Sonet,2021,HTX Turbo iMT BSVI,Hyderabad,Not Available,Petrol,17459.0,5,29.0,1100000,3
3140,SUV,Manual,1,Maruti Brezza,2023,Zxi,Hyderabad,Comprehensive,Petrol,6517.0,5,29.0,1275000,1
3141,SUV,Manual,1,Hyundai Creta,2018,1.4 E Plus CRDi,Hyderabad,Comprehensive,Diesel,70427.0,5,29.0,950000,6
3142,Hatchback,Automatic,1,Maruti Alto K10,2018,VXI AGS Optional,Hyderabad,Comprehensive,Petrol,52306.0,5,29.0,400000,6
3143,Sedan,Automatic,1,Volkswagen Vento,2015,1.5 TDI Highline AT,Hyderabad,Comprehensive,Diesel,111670.0,5,29.0,550000,9
3144,Hatchback,Manual,1,Maruti Wagon R,2019,VXI,Hyderabad,Third Party insurance,Petrol,40000.0,5,29.0,475000,5
3145,Hatchback,Manual,1,Hyundai i20 Active,2017,1.4 SX,Hyderabad,Third Party insurance,Diesel,67000.0,5,29.0,720000,7
3146,Sedan,Manual,3,Honda City,2012,E,Hyderabad,Third Party,Petrol,88471.0,5,29.0,417000,12
3147,Sedan,Automatic,1,Volkswagen Vento,2018,1.5 TDI Highline AT,Hyderabad,Comprehensive,Diesel,50003.0,5,29.0,944000,6
3148,Hatchback,Manual,1,Hyundai Grand i10,2017,1.2 Kappa Sportz BSIV,Hyderabad,Comprehensive,Petrol,82163.0,5,29.0,501000,7
3149,Hatchback,Manual,1,Maruti Baleno,2022,Zeta BSVI,Hyderabad,Third Party insurance,Petrol,40000.0,5,29.0,850000,2
3150,Hatchback,Manual,1,Maruti Swift,2016,VXI,Hyderabad,Third Party insurance,Petrol,108560.0,5,29.0,472000,8
3151,Hatchback,Manual,1,Datsun RediGO,2021,1.0 T Option,Hyderabad,Third Party,Petrol,28292.0,5,29.0,469000,3
3152,Hatchback,Manual,1,Maruti Alto 800,2017,LXI Optional,Hyderabad,Comprehensive,Petrol,117467.0,5,29.0,289000,7
3153,Hatchback,Manual,1,Maruti Baleno,2019,1.2 Zeta,Hyderabad,Third Party insurance,Petrol,65000.0,5,29.0,690000,5
3154,Hatchback,Manual,1,Hyundai i10,2012,Sportz,Hyderabad,Third Party,Petrol,60541.0,5,29.0,321000,12
3155,SUV,Manual,1,Ford Ecosport,2015,1.0 Ecoboost Titanium,Hyderabad,Third Party insurance,Petrol,60000.0,5,29.0,575000,9
3156,Sedan,Manual,1,Honda City,2019,i-VTEC V,Hyderabad,Third Party insurance,Petrol,76355.0,5,29.0,890000,5
3157,Hatchback,Automatic,1,Maruti S-Presso,2021,VXI AT 2019-2022,Hyderabad,Third Party insurance,Petrol,60000.0,5,29.0,525000,3
3158,SUV,Manual,1,Nissan Terrano,2019,XL D Option,Hyderabad,Third Party insurance,Diesel,50000.0,5,29.0,900000,5
3159,Hatchback,Manual,1,Hyundai Grand i10 Nios,2020,Sportz,Hyderabad,Third Party insurance,Petrol,40000.0,5,29.0,599000,4
3160,Sedan,Manual,1,Maruti Swift Dzire,2014,VXI,Hyderabad,Comprehensive,Petrol,101543.0,5,29.0,443000,10
3161,Hatchback,Manual,1,Maruti Baleno,2016,1.2 Alpha,Hyderabad,Comprehensive,Petrol,66424.0,5,29.0,644000,8
3162,SUV,Manual,1,Maruti SX4 S Cross,2020,Zeta,Hyderabad,Third Party insurance,Petrol,120000.0,5,29.0,750000,4
3163,Hatchback,Manual,1,Tata Tiago,2018,1.2 Revotron XZ,Hyderabad,Third Party insurance,Petrol,33433.0,5,29.0,519000,6
3164,Hatchback,Manual,1,Hyundai i20,2016,Asta Option 1.4 CRDi,Hyderabad,Third Party insurance,Diesel,72169.0,5,29.0,695000,8
3165,Hatchback,Manual,1,Maruti Celerio,2014,VXI,Hyderabad,Third Party insurance,Petrol,73452.0,5,29.0,425000,10
3166,SUV,Automatic,1,MG Hector,2020,Sharp DCT,Hyderabad,Third Party,Petrol,54807.0,5,29.0,1537000,4
3167,Hatchback,Manual,1,Maruti Alto 800,2017,LXI,Hyderabad,Comprehensive,Petrol,47118.0,5,29.0,323000,7
3168,SUV,Manual,1,Nissan Magnite,2021,XV Premium BSVI,Hyderabad,Zero Dep,Petrol,41192.0,5,29.0,809000,3
3169,SUV,Automatic,1,Honda CR-V,2012,2.4L 4WD AT,Hyderabad,Third Party insurance,Petrol,70000.0,5,29.0,1195000,12
3170,Hatchback,Manual,1,Maruti Celerio,2016,ZXI,Hyderabad,Third Party,Petrol,51000.0,5,29.0,425000,8
3171,Hatchback,Manual,1,Renault KWID,2017,1.0 RXL,Hyderabad,Third Party insurance,Petrol,31846.0,5,29.0,385000,7
3172,Hatchback,Manual,2,Hyundai i20,2015,Asta 1.4 CRDi,Hyderabad,Comprehensive,Diesel,114676.0,5,29.0,588000,9
3173,Hatchback,Manual,1,Hyundai i20,2019,Sportz Plus Diesel,Hyderabad,Third Party insurance,Diesel,82662.0,5,29.0,747000,5
3174,Hatchback,Manual,2,Maruti Alto K10,2014,VXI,Hyderabad,Third Party insurance,Petrol,50000.0,5,29.0,280000,10
3175,Sedan,Manual,1,Honda City,2017,i VTEC VX,Hyderabad,Comprehensive,Petrol,57927.0,5,29.0,814000,7
3176,Sedan,Manual,1,Maruti Ciaz,2019,Alpha BSIV,Hyderabad,Third Party insurance,Petrol,40000.0,5,29.0,900000,5
3177,Hatchback,Manual,1,Tata Tiago,2021,XT BSVI,Hyderabad,Comprehensive,Petrol,16115.0,5,29.0,605000,3
3178,Hatchback,Manual,2,Hyundai i10,2009,Asta 1.2,Hyderabad,Not Available,Petrol,50829.0,5,29.0,270000,15
3179,Hatchback,Manual,1,Hyundai Grand i10 Nios,2019,Sportz,Hyderabad,Comprehensive,Petrol,25467.0,5,29.0,622000,5
3180,Hatchback,Manual,1,Maruti Alto 800,2020,LXI,Hyderabad,Third Party,Petrol,71071.0,5,29.0,317000,4
3181,Sedan,Manual,1,Hyundai Verna,2016,1.6 VTVT SX,Hyderabad,Third Party insurance,Petrol,55000.0,5,29.0,795000,8
3182,Hatchback,Manual,2,Hyundai i20,2017,Sportz 1.2,Hyderabad,Comprehensive,Petrol,55563.0,5,29.0,602000,7
3183,Hatchback,Automatic,1,Hyundai Grand i10,2015,AT Asta,Hyderabad,Third Party insurance,Petrol,54000.0,5,29.0,575000,9
3184,Hatchback,Manual,2,Hyundai i20,2019,Petrol Spotz,Hyderabad,Third Party insurance,Petrol,70000.0,5,29.0,675000,5
3185,SUV,Automatic,1,Ford Ecosport,2016,1.5 Petrol Titanium AT,Hyderabad,Third Party insurance,Petrol,41000.0,5,29.0,750000,8
3186,Hatchback,Manual,2,Hyundai i20,2011,1.2 Magna,Hyderabad,Third Party insurance,Petrol,70000.0,5,29.0,350000,13
3187,Hatchback,Manual,1,Maruti Baleno,2020,Zeta,Hyderabad,Third Party,Petrol,62500.0,5,29.0,749000,4
3188,Hatchback,Manual,1,Hyundai Santro,2021,Sportz,Hyderabad,Third Party insurance,Petrol,20000.0,5,29.0,550000,3
3189,Hatchback,Manual,1,Hyundai i20,2016,Sportz 1.2,Hyderabad,Comprehensive,Petrol,60350.0,5,29.0,599000,8
3190,Hatchback,Manual,1,Hyundai i20,2015,Sportz 1.2,Hyderabad,Comprehensive,Petrol,52266.0,5,29.0,570000,9
3191,Sedan,Manual,1,Maruti Ciaz,2018,Alpha Diesel,Hyderabad,Third Party insurance,Diesel,58431.0,5,29.0,894999,6
3192,Hatchback,Manual,2,Maruti Alto 800,2014,LXI,Hyderabad,Third Party insurance,Petrol,46863.0,5,29.0,267000,10
3193,Sedan,Automatic,1,Nissan Sunny,2014,XL CVT,Hyderabad,Third Party insurance,Petrol,66500.0,5,29.0,570000,10
3194,Hatchback,Manual,2,Hyundai i10,2014,Sportz 1.1L,Hyderabad,Third Party insurance,Petrol,49374.0,5,29.0,369000,10
3195,Sedan,Manual,2,Skoda Rapid,2012,1.6 TDI Ambition,Hyderabad,Third Party insurance,Diesel,120000.0,5,29.0,360000,12
3196,Hatchback,Manual,1,Tata Tiago,2021,XT BSVI,Hyderabad,Third Party,Petrol,62832.0,5,29.0,605000,3
3197,Hatchback,Manual,2,Hyundai i20,2016,Sportz 1.2,Hyderabad,Third Party insurance,Petrol,61155.0,5,29.0,585000,8
3198,Hatchback,Manual,2,Maruti Swift,2021,VXI,Hyderabad,Third Party insurance,Petrol,12045.0,5,29.0,723000,3
3199,Sedan,Manual,1,Maruti Ciaz,2020,Alpha BSVI,Hyderabad,Third Party,Petrol,60700.0,5,29.0,894999,4
3200,Sedan,Automatic,1,Mercedes-Benz C-Class,2013,C 220 CDI BE Avantgare,Hyderabad,Third Party insurance,Diesel,85000.0,5,29.0,1350000,11
3201,Sedan,Automatic,1,Honda City,2020,CVT,Hyderabad,Third Party insurance,Petrol,44276.0,5,29.0,1320000,4
3202,Hatchback,Manual,1,Maruti Alto 800,2021,VXI Plus BSVI,Hyderabad,Third Party,Petrol,22264.0,5,29.0,429000,3
3203,Hatchback,Manual,1,Maruti Ignis,2018,1.2 Sigma BSIV,Hyderabad,Third Party insurance,Petrol,103763.0,5,29.0,376000,6
3204,SUV,Automatic,1,Volvo XC60,2012,D3 Summum,Hyderabad,Third Party insurance,Diesel,109000.0,5,29.0,1015000,12
3205,Hatchback,Manual,2,Hyundai i10,2012,Magna,Hyderabad,Third Party insurance,Petrol,49043.0,5,29.0,312000,12
3206,Hatchback,Automatic,2,Maruti Celerio,2017,ZXI Optional AMT BSIV,Hyderabad,Comprehensive,Petrol,70666.0,5,29.0,492000,7
3207,Sedan,Automatic,1,Maruti Swift Dzire,2018,AMT ZDI Plus,Hyderabad,Comprehensive,Diesel,65815.0,5,29.0,800000,6
3208,Hatchback,Manual,1,Maruti Alto,2010,LXi,Hyderabad,Third Party insurance,Petrol,79000.0,5,29.0,165000,14
3209,Hatchback,Automatic,1,Maruti Baleno,2020,1.2 CVT Alpha,Hyderabad,Comprehensive,Petrol,48580.0,5,29.0,831000,4
3210,Hatchback,Manual,1,Hyundai i20,2018,1.2 Spotz,Hyderabad,Comprehensive,Petrol,44646.0,5,29.0,691000,6
3211,Hatchback,Manual,1,Maruti Wagon R,2008,LXI,Hyderabad,Comprehensive,Petrol,71963.0,5,29.0,175000,16
3212,Hatchback,Manual,2,Hyundai Grand i10,2017,1.2 Kappa Sportz BSIV,Hyderabad,Comprehensive,Petrol,26678.0,5,29.0,493000,7
3213,Hatchback,Manual,1,Chevrolet Beat,2012,Diesel LT,Hyderabad,Third Party insurance,Diesel,41000.0,5,29.0,320000,12
3214,Sedan,Manual,1,Skoda Rapid,2017,1.5 TDI Style BSIV,Hyderabad,Third Party insurance,Diesel,83000.0,5,29.0,825000,7
3215,Hatchback,Manual,1,Maruti Ritz,2012,LDi,Hyderabad,Third Party insurance,Diesel,80000.0,5,29.0,375000,12
3216,Hatchback,Manual,3,Maruti Swift,2011,VDI,Hyderabad,Third Party insurance,Diesel,94514.0,5,29.0,323000,13
3217,Sedan,Manual,1,Maruti Swift Dzire,2015,VXI,Hyderabad,Third Party insurance,Petrol,67037.0,5,29.0,487000,9
3218,Hatchback,Manual,2,Toyota Glanza,2019,V,Hyderabad,Comprehensive,Petrol,35540.0,5,29.0,709000,5
3219,SUV,Manual,1,Renault Captur,2019,1.5 Diesel Platine,Hyderabad,Comprehensive,Diesel,47627.0,5,29.0,983000,5
3220,Sedan,Automatic,1,Toyota Corolla Altis,2009,1.8 VL AT,Hyderabad,Third Party insurance,Petrol,98000.0,5,29.0,450000,15
3221,Hatchback,Manual,1,Hyundai i20,2018,1.2 Spotz,Hyderabad,Third Party insurance,Petrol,55943.0,5,29.0,672000,6
3222,SUV,Automatic,1,Hyundai Creta,2018,1.6 CRDi AT SX Plus,Hyderabad,Third Party insurance,Diesel,71000.0,5,29.0,1350000,6
3223,Hatchback,Automatic,1,Maruti Celerio,2018,ZXI Optional AMT BSIV,Hyderabad,Third Party insurance,Petrol,117924.0,5,29.0,457000,6
3224,Hatchback,Manual,1,Maruti Wagon R,2013,VXI BS IV,Hyderabad,Comprehensive,Petrol,92195.0,5,29.0,311000,11
3225,Hatchback,Automatic,1,Maruti Swift,2018,VXI AMT,Hyderabad,Comprehensive,Petrol,49009.0,5,29.0,623000,6
3226,SUV,Automatic,1,Kia Sonet,2020,HTK Plus Turbo DCT,Hyderabad,Comprehensive,Petrol,31650.0,5,29.0,1090000,4
3227,Hatchback,Manual,1,Hyundai i10,2009,Magna,Hyderabad,Third Party insurance,Petrol,70000.0,5,29.0,200000,15
3228,SUV,Automatic,1,Mahindra XUV300,2022,W6 AMT Sunroof NT BSVI,Hyderabad,Third Party insurance,Petrol,10000.0,5,29.0,1150000,2
3229,SUV,Automatic,1,Hyundai Creta,2018,1.6 CRDi AT SX Plus,Hyderabad,Comprehensive,Diesel,93615.0,5,29.0,1150000,6
3230,Sedan,Manual,2,Maruti Ciaz,2022,Delta BSVI,Hyderabad,Comprehensive,Petrol,16727.0,5,29.0,894999,2
3231,SUV,Manual,3,Hyundai Creta,2019,1.6 SX,Hyderabad,Third Party insurance,Petrol,63334.0,5,29.0,1009000,5
3232,Hatchback,Manual,1,Maruti Ignis,2018,1.2 Delta BSIV,Hyderabad,Third Party insurance,Petrol,96540.0,5,29.0,441000,6
3233,Sedan,Automatic,1,Toyota Yaris,2018,J CVT,Hyderabad,Third Party insurance,Petrol,92585.0,5,29.0,759000,6
3234,SUV,Manual,1,Ford Ecosport,2014,1.5 Ti VCT MT Ambiente,Hyderabad,Third Party insurance,Petrol,53861.0,5,29.0,425000,10
3235,Hatchback,Manual,2,Maruti Wagon R,2012,LXI BS IV,Hyderabad,Third Party insurance,Petrol,65761.0,5,29.0,306000,12
3236,Sedan,Manual,2,Volkswagen Vento,2015,1.5 TDI Highline,Hyderabad,Third Party insurance,Diesel,67000.0,5,29.0,600000,9
3237,SUV,Manual,2,Jeep Compass,2018,2.0 Limited,Hyderabad,Third Party,Diesel,122100.0,5,29.0,1385000,6
3238,Sedan,Automatic,1,Maruti Swift Dzire,2017,AMT ZDI,Hyderabad,Comprehensive,Diesel,53873.0,5,29.0,736000,7
3239,SUV,Manual,1,Maruti Vitara Brezza,2019,ZDi,Hyderabad,Third Party insurance,Diesel,60000.0,5,29.0,840000,5
3240,Hatchback,Manual,2,Maruti Swift,2013,VDI,Hyderabad,Third Party insurance,Diesel,89197.0,5,29.0,426000,11
3241,Hatchback,Manual,1,Datsun RediGO,2020,A,Hyderabad,Third Party insurance,Petrol,30000.0,5,29.0,305000,4
3242,Hatchback,Manual,1,Hyundai i20,2018,1.2 Spotz,Hyderabad,Third Party insurance,Petrol,70000.0,5,29.0,629000,6
3243,Hatchback,Automatic,1,Maruti Baleno,2021,Zeta CVT,Hyderabad,Third Party,Petrol,28700.0,5,29.0,869000,3
3244,Hatchback,Manual,1,Hyundai i10,2012,Asta,Hyderabad,Comprehensive,Petrol,91629.0,5,29.0,300000,12
3245,Hatchback,Manual,1,Ford Freestyle,2021,Titanium Diesel,Hyderabad,Third Party insurance,Diesel,30000.0,5,29.0,850000,3
3246,Hatchback,Manual,1,Maruti Baleno,2022,Alpha,Hyderabad,Not Available,Petrol,7058.0,5,29.0,869999,2
3247,Sedan,Automatic,1,Maruti Swift Dzire,2017,AMT ZDI,Hyderabad,Third Party insurance,Diesel,86500.0,5,29.0,775000,7
3248,Hatchback,Automatic,1,Maruti Swift,2022,VXI AMT BSVI,Hyderabad,Third Party insurance,Petrol,20000.0,5,29.0,790000,2
3249,Sedan,Manual,1,Hyundai Verna,2017,1.6 CRDI SX Option,Hyderabad,Comprehensive,Diesel,110600.0,5,29.0,855000,7
3250,Hatchback,Manual,2,Maruti Baleno,2019,1.2 Delta,Hyderabad,Third Party insurance,Petrol,63840.0,5,29.0,649000,5
3251,Hatchback,Manual,1,Hyundai i10,2009,Magna,Hyderabad,Third Party insurance,Petrol,74000.0,5,29.0,230000,15
3252,Hatchback,Manual,1,Tata Tiago,2021,XT BSVI,Hyderabad,Zero Dep,Petrol,21314.0,5,29.0,599000,3
3253,Sedan,Manual,2,Maruti Swift Dzire,2015,VDI,Hyderabad,Third Party insurance,Diesel,89997.0,5,29.0,622000,9
3254,Hatchback,Manual,1,Honda Brio,2014,S MT,Hyderabad,Comprehensive,Petrol,64736.0,5,29.0,362000,10
3255,SUV,Automatic,1,Audi Q3,2013,35 TDI Quattro Premium Plus,Hyderabad,Third Party insurance,Diesel,105000.0,5,29.0,1295000,11
3256,SUV,Manual,1,Maruti SX4 S Cross,2020,Alpha,Hyderabad,Comprehensive,Petrol,40687.0,5,29.0,964000,4
3257,Sedan,Automatic,2,Ford Fiesta,2012,Style AT,Hyderabad,Third Party insurance,Petrol,33000.0,5,29.0,395000,12
3258,Hatchback,Automatic,1,Maruti Celerio,2016,VXI AT,Hyderabad,Third Party insurance,Petrol,57000.0,5,29.0,460000,8
3259,SUV,Manual,1,Kia Seltos,2019,HTX Plus Diesel,Hyderabad,Third Party insurance,Diesel,88000.0,5,29.0,1325000,5
3260,Hatchback,Manual,3,Hyundai i10,2009,Sportz 1.2,Hyderabad,Third Party insurance,Petrol,80000.0,5,29.0,215000,15
3261,Hatchback,Manual,1,Renault KWID,2020,1.0 RXL BSVI,Hyderabad,Third Party insurance,Petrol,15985.0,5,29.0,465000,4
3262,Sedan,Manual,2,Honda City,2015,i VTEC V,Hyderabad,Comprehensive,Petrol,85871.0,5,29.0,574000,9
3263,Hatchback,Manual,1,Hyundai i10,2012,Sportz,Hyderabad,Third Party insurance,Petrol,73665.0,5,29.0,295000,12
3264,SUV,Automatic,1,Land Rover Range Rover,2020,3.0 Petrol LWB Vogue SE BSIV,Hyderabad,Comprehensive,Petrol,31614.0,5,29.0,0,4
3265,Sedan,Manual,1,Tata Tigor,2021,XZ Plus BSVI,Hyderabad,Comprehensive,Petrol,70380.0,5,29.0,707000,3
3266,Hatchback,Manual,1,Hyundai i20,2016,Asta 1.2,Hyderabad,Third Party insurance,Petrol,73202.0,5,29.0,605000,8
3267,Sedan,Automatic,1,Honda Amaze,2016,S CVT Petrol,Hyderabad,Third Party insurance,Petrol,80000.0,5,29.0,565000,8
3268,Hatchback,Manual,1,Maruti Swift,2017,VDI Optional,Hyderabad,Comprehensive,Diesel,58006.0,5,29.0,608000,7
3269,Hatchback,Automatic,1,Maruti Swift,2019,AMT VXI,Hyderabad,Third Party insurance,Petrol,64000.0,5,29.0,725000,5
3270,Hatchback,Manual,2,Honda Brio,2014,S MT,Hyderabad,Third Party insurance,Petrol,50670.0,5,29.0,369000,10
3271,Hatchback,Automatic,2,Hyundai Santro,2020,Sportz AMT,Hyderabad,Third Party insurance,Petrol,41058.0,5,29.0,508000,4
3272,SUV,Manual,1,Renault Duster,2013,85PS Diesel RxE,Hyderabad,Third Party insurance,Diesel,120000.0,5,29.0,360000,11
3273,Hatchback,Manual,2,Maruti Wagon R Stingray,2014,VXI,Hyderabad,Third Party insurance,Petrol,56367.0,5,29.0,399000,10
3274,SUV,Manual,1,Hyundai Venue,2019,S Turbo,Hyderabad,Third Party insurance,Petrol,41000.0,5,29.0,920000,5
3275,Hatchback,Manual,1,Hyundai i20,2019,Sportz Plus BSIV,Hyderabad,Third Party insurance,Petrol,40000.0,5,29.0,740000,5
3276,Hatchback,Automatic,1,Hyundai Grand i10,2016,Magna AT,Hyderabad,Third Party insurance,Petrol,16000.0,5,29.0,625000,8
3277,Hatchback,Automatic,1,Maruti Celerio,2016,ZXI AT Optional,Hyderabad,Third Party insurance,Petrol,69900.0,5,29.0,450000,8
3278,Sedan,Manual,1,Honda City,2016,i VTEC VX Option,Hyderabad,Third Party insurance,Petrol,120000.0,5,29.0,650000,8
3279,Hatchback,Manual,1,Tata Tiago,2016,1.2 Revotron XZ,Hyderabad,Third Party insurance,Petrol,95000.0,5,29.0,450000,8
3280,Sedan,Manual,1,Maruti Ciaz,2016,VDi Plus SHVS,Hyderabad,Zero Dep,Diesel,67905.0,5,29.0,652000,8
3281,Hatchback,Manual,1,Hyundai Santro,2019,Sportz BSIV,Hyderabad,Third Party insurance,Petrol,19348.0,5,29.0,496000,5
3282,Sedan,Manual,1,Honda Amaze,2017,S i-VTEC,Hyderabad,Third Party insurance,Petrol,35000.0,5,29.0,650000,7
3283,Sedan,Manual,1,Hyundai Verna,2017,1.6 SX VTVT,Hyderabad,Comprehensive,Petrol,30811.0,5,29.0,789000,7
3284,Hatchback,Manual,2,Maruti Celerio X,2019,ZXI,Hyderabad,Zero Dep,Petrol,73227.0,5,29.0,458000,5
3285,Hatchback,Manual,1,Honda Brio,2012,V MT,Hyderabad,Third Party,Petrol,90184.0,5,29.0,311000,12
3286,SUV,Manual,1,Maruti SX4 S Cross,2021,Zeta,Hyderabad,Third Party insurance,Petrol,30000.0,5,29.0,1000000,3
3287,Sedan,Manual,1,Hyundai Verna,2016,1.6 SX VTVT,Hyderabad,Third Party,Petrol,66039.0,5,29.0,613000,8
3288,Sedan,Manual,2,Hyundai Xcent,2017,1.2 CRDi E Plus,Hyderabad,Third Party insurance,Diesel,120000.0,5,29.0,390000,7
3289,Sedan,Manual,2,Honda City,2013,V MT,Hyderabad,Comprehensive,Petrol,89205.0,5,29.0,517000,11
3290,Hatchback,Automatic,1,Maruti Baleno,2018,1.2 CVT Alpha,Hyderabad,Third Party insurance,Petrol,80000.0,5,29.0,740000,6
3291,SUV,Automatic,1,BMW X1,2012,sDrive20d,Hyderabad,Third Party insurance,Diesel,90000.0,5,29.0,1320000,12
3292,Sedan,Manual,1,Tata Manza,2011,Aura (ABS) Quadrajet BS IV,Hyderabad,Third Party insurance,Diesel,120000.0,5,29.0,220000,13
3293,Hatchback,Manual,2,Fiat Avventura,2015,MULTIJET Emotion,Hyderabad,Third Party insurance,Diesel,100000.0,5,29.0,420000,9
3294,Hatchback,Automatic,1,Maruti Baleno,2017,1.2 CVT Zeta,Hyderabad,Not Available,Petrol,56962.0,5,29.0,550000,7
3295,Sedan,Automatic,1,Skoda Rapid,2015,1.5 TDI AT Elegance Plus,Hyderabad,Third Party insurance,Diesel,90000.0,5,29.0,550000,9
3296,Hatchback,Manual,1,Volkswagen Polo,2018,1.0 MPI Comfortline,Hyderabad,Comprehensive,Petrol,101739.0,5,29.0,502000,6
3297,Hatchback,Manual,1,Tata Tiago,2019,XZ Plus,Hyderabad,Zero Dep,Petrol,69049.0,5,29.0,552000,5
3298,SUV,Manual,1,Maruti Vitara Brezza,2018,ZDi,Hyderabad,Third Party insurance,Diesel,110000.0,5,29.0,830000,6
3299,Sedan,Manual,1,Honda Amaze,2017,VX Petrol BSIV,Hyderabad,Zero Dep,Petrol,56242.0,5,29.0,579000,7
3300,SUV,Manual,1,Hyundai Venue,2019,SX Opt Turbo,Hyderabad,Third Party insurance,Petrol,38000.0,5,29.0,950000,5
3301,Sedan,Manual,2,Maruti Swift Dzire,2013,VXI,Hyderabad,Comprehensive,Petrol,122117.0,5,29.0,421000,11
3302,SUV,Manual,1,Ford Ecosport,2017,1.5 TDCi Titanium BSIV,Hyderabad,Third Party,Diesel,116988.0,5,29.0,677000,7
3303,Sedan,Manual,1,Honda Amaze,2018,VX i DTEC,Hyderabad,Third Party insurance,Diesel,120000.0,5,29.0,650000,6
3304,SUV,Manual,1,Hyundai Creta,2016,1.6 CRDi SX,Hyderabad,Third Party insurance,Diesel,92000.0,5,29.0,980000,8
3305,Sedan,Manual,2,Toyota Corolla Altis,2009,1.8 G CNG,Hyderabad,Third Party insurance,CNG,90000.0,5,29.0,290000,15
3306,Hatchback,Manual,2,Skoda Fabia,2014,1.2L Diesel Elegance,Hyderabad,Third Party insurance,Diesel,110000.0,5,29.0,350000,10
3307,Hatchback,Manual,1,Nissan Micra,2011,XE,Hyderabad,Third Party insurance,Petrol,70000.0,5,29.0,290000,13
3308,Hatchback,Manual,1,Tata Tiago,2018,1.05 Revotorq XZ,Hyderabad,Third Party insurance,Diesel,72761.0,5,29.0,590000,6
3309,Hatchback,Manual,1,Hyundai i10,2013,Magna,Hyderabad,Comprehensive,Petrol,72473.0,5,29.0,299000,11
3310,SUV,Manual,1,Maruti Brezza,2022,Zxi BSVI,Hyderabad,Third Party,Petrol,18030.0,5,29.0,1252000,2
3311,Sedan,Manual,1,Honda Amaze,2018,V Diesel BSIV,Hyderabad,Third Party insurance,Diesel,63000.0,5,29.0,875000,6
3312,Hatchback,Manual,1,Hyundai Grand i10,2017,1.2 Kappa Asta,Hyderabad,Third Party insurance,Petrol,20000.0,5,29.0,590000,7
3313,Sedan,Manual,1,Honda City,2017,i VTEC V,Hyderabad,Comprehensive,Petrol,53456.0,5,29.0,771000,7
3314,Hatchback,Manual,2,Maruti Alto 800,2016,LXI,Hyderabad,Comprehensive,Petrol,91603.0,5,29.0,257000,8
3315,Hatchback,Manual,1,Toyota Glanza,2021,G,Hyderabad,Zero Dep,Petrol,28246.0,5,29.0,767000,3
3316,Hatchback,Manual,1,Tata Tiago,2021,XT BSVI,Hyderabad,Third Party,Petrol,30224.0,5,29.0,581000,3
3317,Sedan,Manual,1,Honda City,2017,i-DTEC V,Hyderabad,Third Party insurance,Diesel,70000.0,5,29.0,1025000,7
3318,Hatchback,Manual,3,Hyundai i20,2013,Asta 1.4 CRDi,Hyderabad,Third Party insurance,Diesel,120000.0,5,29.0,400000,11
3319,SUV,Manual,2,Maruti Vitara Brezza,2017,ZDi,Hyderabad,Third Party insurance,Diesel,120000.0,5,29.0,750000,7
3320,Sedan,Manual,2,Skoda Rapid,2020,1.5 TDI Ambition BSIV,Hyderabad,Third Party insurance,Diesel,80000.0,5,29.0,1000000,4
3321,Hatchback,Manual,1,Hyundai i20,2019,Petrol Spotz,Hyderabad,Third Party insurance,Petrol,70000.0,5,29.0,660000,5
3322,SUV,Manual,1,Ford Ecosport,2014,1.5 DV5 MT Titanium,Hyderabad,Third Party insurance,Diesel,85838.0,5,29.0,662000,10
3323,Hatchback,Manual,1,Nissan Micra Active,2016,XV,Hyderabad,Third Party insurance,Petrol,68000.0,5,29.0,395000,8
3324,Hatchback,Automatic,2,Maruti Celerio,2018,ZXI Optional AMT BSIV,Hyderabad,Comprehensive,Petrol,38607.0,5,29.0,514000,6
3325,Hatchback,Automatic,2,Hyundai i20,2019,Asta Option CVT BSIV,Hyderabad,Third Party insurance,Petrol,48934.0,5,29.0,772000,5
3326,Hatchback,Manual,1,Hyundai i20,2018,Petrol Spotz,Hyderabad,Third Party insurance,Petrol,73000.0,5,29.0,680000,6
3327,Hatchback,Manual,2,Maruti Alto 800,2014,LXI,Hyderabad,Third Party insurance,Petrol,31933.0,5,29.0,254000,10
3328,Hatchback,Manual,1,Maruti Wagon R,2013,VXI BS IV,Hyderabad,Third Party insurance,Petrol,54959.0,5,29.0,311000,11
3329,Hatchback,Manual,1,Maruti Swift,2014,VXI,Hyderabad,Comprehensive,Petrol,73889.0,5,29.0,461000,10
3330,Hatchback,Manual,2,Renault KWID,2019,RXT,Hyderabad,Third Party,Petrol,44363.0,5,29.0,372000,5
3331,Sedan,Automatic,1,Mercedes-Benz E-Class,2011,E250 CDI Avantgarde,Hyderabad,Third Party insurance,Diesel,54000.0,5,29.0,1450000,13
3332,Sedan,Manual,1,Hyundai Verna,2017,1.6 SX VTVT,Hyderabad,Third Party,Petrol,50151.0,5,29.0,802999,7
3333,Hatchback,Manual,1,Hyundai Santro Xing,2010,GLS LPG,Hyderabad,Third Party insurance,LPG,120000.0,5,29.0,220000,14
3334,Sedan,Automatic,1,Volvo S60,2012,D5 Summum,Hyderabad,Third Party insurance,Diesel,92000.0,5,29.0,1150000,12
3335,SUV,Manual,1,Hyundai Venue,2019,SX Turbo BSIV,Hyderabad,Not Available,Petrol,72253.0,5,29.0,900000,5
3336,Hatchback,Manual,1,Chevrolet Beat,2012,LS,Hyderabad,Third Party insurance,Petrol,46000.0,5,29.0,295000,12
3337,Hatchback,Manual,1,Maruti Wagon R,2013,LXI BS IV,Hyderabad,Comprehensive,Petrol,61201.0,5,29.0,306000,11
3338,Hatchback,Manual,2,Maruti Wagon R,2016,VXI BS IV,Hyderabad,Third Party,Petrol,46563.0,5,29.0,366000,8
3339,Hatchback,Manual,1,Hyundai i20,2016,Asta 1.2,Hyderabad,Third Party insurance,Petrol,41085.0,5,29.0,645000,8
3340,Hatchback,Manual,1,Hyundai i20,2013,Magna,Hyderabad,Comprehensive,Petrol,50260.0,5,29.0,423000,11
3341,Hatchback,Manual,1,Ford Figo,2010,Petrol ZXI,Hyderabad,Third Party insurance,Petrol,55000.0,5,29.0,295000,14
3342,Hatchback,Manual,2,Maruti Celerio,2014,ZXI,Hyderabad,Third Party insurance,Petrol,107913.0,5,29.0,328000,10
3343,Hatchback,Manual,1,Maruti Swift,2017,VXI,Hyderabad,Comprehensive,Petrol,52858.0,5,29.0,565000,7
3344,Hatchback,Manual,2,Renault KWID,2016,1.0 RXT Optional,Hyderabad,Comprehensive,Petrol,41832.0,5,29.0,299000,8
3345,Hatchback,Manual,1,Datsun GO,2014,T BSIV,Hyderabad,Third Party insurance,Petrol,61000.0,5,29.0,299000,10
3346,Hatchback,Manual,1,Maruti Ritz,2011,VXi,Hyderabad,Third Party insurance,Petrol,44000.0,5,29.0,340000,13
3347,SUV,Manual,1,Nissan Magnite,2021,XL BSVI,Hyderabad,Third Party insurance,Petrol,50000.0,5,29.0,750000,3
3348,Hatchback,Manual,1,Maruti Swift,2014,VXI,Hyderabad,Comprehensive,Petrol,52507.0,5,29.0,466000,10
3349,Sedan,Manual,1,Volkswagen Ameo,2019,1.0 MPI Comfortline,Hyderabad,Third Party insurance,Petrol,47495.0,5,29.0,587000,5
3350,Hatchback,Manual,2,Datsun RediGO,2017,T,Hyderabad,Third Party insurance,Petrol,50000.0,5,29.0,220000,7
3351,Hatchback,Automatic,1,Maruti Swift,2019,ZXI Plus AMT,Hyderabad,Third Party insurance,Petrol,89899.0,5,29.0,677000,5
3352,Hatchback,Manual,2,Renault KWID,2017,1.0 RXT,Hyderabad,Third Party insurance,Petrol,39992.0,5,29.0,334000,7
3353,Hatchback,Manual,2,Maruti Wagon R,2009,LXI DUO BSIII,Hyderabad,Third Party insurance,LPG,80000.0,5,29.0,150000,15
3354,Hatchback,Manual,1,Maruti Wagon R,2013,VXI BS IV,Hyderabad,Third Party,Petrol,89791.0,5,29.0,315000,11
3355,Hatchback,Manual,2,Hyundai Grand i10,2015,Sportz,Hyderabad,Comprehensive,Petrol,114071.0,5,29.0,389000,9
3356,Hatchback,Manual,2,Maruti Wagon R,2015,VXI BS IV,Hyderabad,Comprehensive,Petrol,66445.0,5,29.0,347000,9
3357,SUV,Automatic,1,Volkswagen Taigun,2021,1.0 TSI Highline AT BSVI,Hyderabad,Third Party insurance,Petrol,30000.0,5,29.0,1450000,3
3358,SUV,Manual,1,Honda WR-V,2018,i-DTEC VX,Hyderabad,Third Party insurance,Diesel,96615.0,5,29.0,800000,6
3359,Sedan,Manual,2,Maruti Swift Dzire,2016,LDI,Hyderabad,Third Party insurance,Diesel,120000.0,5,29.0,350000,8
3360,Sedan,Manual,2,Hyundai Xcent,2016,1.1 CRDi S,Hyderabad,Third Party insurance,Diesel,90000.0,5,29.0,320000,8
3361,Hatchback,Manual,1,Maruti Swift,2011,VXI,Hyderabad,Third Party insurance,Petrol,76000.0,5,29.0,345000,13
3362,Hatchback,Manual,1,Hyundai Grand i10 Nios,2022,Sportz,Hyderabad,Third Party insurance,Petrol,30000.0,5,29.0,750000,2
3363,Hatchback,Manual,2,Maruti Swift,2016,VXI,Hyderabad,Third Party,Petrol,64685.0,5,29.0,489000,8
3364,Hatchback,Manual,2,Maruti Wagon R,2015,VXI BS IV,Hyderabad,Comprehensive,Petrol,71003.0,5,29.0,331000,9
3365,Hatchback,Manual,1,Hyundai i20,2013,Sportz 1.4 CRDi,Hyderabad,Comprehensive,Diesel,122617.0,5,29.0,401000,11
3366,Hatchback,Manual,1,Hyundai i10,2015,Sportz 1.1L,Hyderabad,Third Party,Petrol,93593.0,5,29.0,347000,9
3367,Hatchback,Manual,1,Hyundai i20,2020,Sportz Plus,Hyderabad,Third Party insurance,Petrol,51216.0,5,29.0,764000,4
3368,SUV,Manual,1,Hyundai Creta,2021,SX BSVI,Hyderabad,Comprehensive,Petrol,36714.0,5,29.0,1400000,3
3369,Hatchback,Manual,1,Tata Altroz,2021,XZ Diesel BSVI,Hyderabad,Third Party insurance,Diesel,61626.0,5,29.0,831000,3
3370,Hatchback,Manual,2,Maruti Baleno,2016,1.2 Sigma,Hyderabad,Comprehensive,Petrol,47741.0,5,29.0,535000,8
3371,Hatchback,Manual,1,Hyundai Grand i10,2014,Asta,Hyderabad,Third Party insurance,Petrol,63000.0,5,29.0,465000,10
3372,Hatchback,Manual,1,Renault KWID,2020,1.0 RXT Opt,Hyderabad,Zero Dep,Petrol,60894.0,5,29.0,415000,4
3373,Sedan,Manual,2,Honda City,2008,VTEC,Hyderabad,Third Party insurance,Petrol,70000.0,5,29.0,230000,16
3374,Hatchback,Manual,1,Hyundai i10,2012,Sportz 1.1L,Hyderabad,Third Party insurance,Petrol,51000.0,5,29.0,320000,12
3375,Hatchback,Manual,1,Tata Tiago,2016,1.2 Revotron XZ,Hyderabad,Third Party insurance,Petrol,110000.0,5,29.0,400000,8
3376,SUV,Manual,1,Hyundai Venue,2022,SX BSVI,Hyderabad,Third Party insurance,Petrol,10000.0,5,29.0,1200000,2
3377,SUV,Automatic,1,BMW X1,2011,sDrive20d,Hyderabad,Third Party insurance,Diesel,95000.0,5,29.0,1100000,13
3378,Sedan,Manual,1,Maruti Ciaz,2018,Alpha 1.5,Hyderabad,Comprehensive,Diesel,66000.0,5,29.0,850000,6
3379,SUV,Automatic,1,Hyundai Creta,2018,1.6 CRDi AT S Plus,Hyderabad,Third Party insurance,Diesel,70000.0,5,29.0,1225000,6
3380,Hatchback,Manual,1,Maruti Baleno,2020,Delta,Hyderabad,Zero Dep,Petrol,15700.0,5,29.0,749000,4
3381,Sedan,Manual,1,Hyundai Verna,2018,VTVT 1.4 EX,Hyderabad,Third Party insurance,Petrol,95933.0,5,29.0,781000,6
3382,Hatchback,Manual,2,Honda Jazz,2015,1.2 SV i VTEC,Hyderabad,Third Party insurance,Petrol,85589.0,5,29.0,426000,9
3383,Hatchback,Manual,2,Hyundai i20,2017,1.2 Asta Dual Tone,Hyderabad,Comprehensive,Petrol,72793.0,5,29.0,616000,7
3384,Sedan,Automatic,1,Hyundai Verna,2013,1.6 SX CRDI (O) AT,Hyderabad,Third Party insurance,Diesel,92000.0,5,29.0,490000,11
3385,Hatchback,Manual,2,Maruti Swift,2014,VXI,Hyderabad,Third Party insurance,Petrol,95255.0,5,29.0,428000,10
3386,Hatchback,Automatic,1,Maruti Baleno,2018,1.2 CVT Alpha,Hyderabad,Zero Dep,Petrol,89242.0,5,29.0,670000,6
3387,Hatchback,Manual,1,Honda Brio,2012,S MT,Hyderabad,Comprehensive,Petrol,40503.0,5,29.0,337000,12
3388,Sedan,Manual,1,Honda Amaze,2018,V Petrol BSIV,Hyderabad,Third Party,Petrol,96863.0,5,29.0,611000,6
3389,SUV,Manual,1,Honda WR-V,2021,VX,Hyderabad,Third Party,Petrol,30300.0,5,29.0,975000,3
3390,Sedan,Manual,2,Honda City,2017,i VTEC V,Hyderabad,Third Party insurance,Petrol,40000.0,5,29.0,825000,7
3391,Sedan,Manual,1,Honda Amaze,2014,E i-Dtech,Hyderabad,Third Party insurance,Diesel,120000.0,5,29.0,400000,10
3392,Hatchback,Manual,1,Maruti Swift,2020,ZXI,Hyderabad,Third Party insurance,Petrol,90000.0,5,29.0,650000,4
3393,Hatchback,Manual,1,Maruti Wagon R,2009,LX DUO BSIII,Hyderabad,Third Party insurance,LPG,100000.0,5,29.0,225000,15
3394,Hatchback,Manual,2,Hyundai Grand i10,2014,Asta Option,Hyderabad,Comprehensive,Petrol,73000.0,5,29.0,400000,10
3395,Sedan,Automatic,1,Maruti Swift Dzire,2018,AMT VXI,Hyderabad,Zero Dep,Petrol,32152.0,5,29.0,707000,6
3396,Hatchback,Manual,1,Maruti Swift,2015,VDI BSIV,Hyderabad,Comprehensive,Diesel,58241.0,5,29.0,576000,9
3397,Sedan,Manual,2,Honda City,2013,E,Hyderabad,Comprehensive,Petrol,94141.0,5,29.0,456000,11
3398,Sedan,Automatic,1,Maruti Swift Dzire,2017,AMT ZXI,Hyderabad,Zero Dep,Petrol,59411.0,5,29.0,685000,7
3399,Sedan,Manual,1,Volkswagen Jetta,2016,1.4 TSI Comfortline,Hyderabad,Third Party insurance,Petrol,17105.0,5,29.0,1205000,8
3400,Sedan,Manual,2,Maruti Ciaz,2018,1.3 Alpha,Hyderabad,Third Party insurance,Diesel,37100.0,5,29.0,975000,6
3401,Hatchback,Manual,2,Hyundai i10,2012,Magna,Hyderabad,Third Party,Petrol,103211.0,5,29.0,289000,12
3402,Hatchback,Manual,2,Maruti Wagon R,2012,VXI BS IV,Hyderabad,Third Party,Petrol,113543.0,5,29.0,290000,12
3403,Sedan,Manual,1,Maruti Swift Dzire,2012,VDi,Hyderabad,Third Party,Diesel,99334.0,5,29.0,407000,12
3404,SUV,Automatic,2,Hyundai Creta,2017,1.6 CRDi AT SX Plus,Hyderabad,Comprehensive,Diesel,68000.0,5,29.0,1195000,7
3405,Sedan,Manual,2,Maruti Swift Dzire Tour,2019,1.3 S Diesel,Hyderabad,Third Party insurance,Diesel,110000.0,5,29.0,650000,5
3406,Sedan,Manual,1,Hyundai Verna,2011,1.4 VTVT,Hyderabad,Third Party insurance,Petrol,76000.0,5,29.0,475000,13
3407,Sedan,Manual,2,Nissan Sunny,2020,XE D,Hyderabad,Third Party insurance,Diesel,60000.0,5,29.0,700000,4
3408,Hatchback,Manual,1,Maruti Baleno,2017,1.2 Delta,Hyderabad,Third Party insurance,Petrol,71974.0,5,29.0,559000,7
3409,SUV,Manual,1,Maruti Vitara Brezza,2016,ZDi,Hyderabad,Third Party insurance,Diesel,105562.0,5,29.0,789000,8
3410,SUV,Manual,1,Maruti Brezza,2023,Zxi BSVI,Hyderabad,Third Party,Petrol,1330.0,5,29.0,1297000,1
3411,Sedan,Manual,2,Honda Amaze,2021,S BSVI,Hyderabad,Third Party insurance,Petrol,30973.0,5,29.0,750000,3
3412,Hatchback,Automatic,2,Hyundai i10,2011,Sportz AT,Hyderabad,Third Party insurance,Petrol,100000.0,5,29.0,330000,13
3413,Hatchback,Manual,1,Hyundai i20,2018,1.2 Spotz,Hyderabad,Third Party insurance,Petrol,9351.0,5,29.0,691000,6
3414,SUV,Manual,1,Nissan Terrano,2017,XL,Hyderabad,Third Party insurance,Petrol,46000.0,5,29.0,775000,7
3415,Hatchback,Manual,2,Maruti Alto 800,2013,LXI,Hyderabad,Third Party insurance,Petrol,56133.0,5,29.0,214000,11
3416,Hatchback,Manual,1,Maruti Alto K10,2013,VXI,Hyderabad,Comprehensive,Petrol,92370.0,5,29.0,232000,11
3417,Sedan,Manual,1,Toyota Etios,2012,V,Hyderabad,Comprehensive,Petrol,68000.0,5,29.0,425000,12
3418,Hatchback,Manual,1,Maruti Alto K10,2014,VXI,Hyderabad,Third Party,Petrol,38313.0,5,29.0,281000,10
3419,Sedan,Manual,1,Tata Zest,2019,Quadrajet 1.3 75PS XE,Hyderabad,Third Party insurance,Diesel,110000.0,5,29.0,600000,5
3420,Sedan,Manual,1,Maruti Ciaz,2021,Delta BSVI,Hyderabad,Third Party insurance,Petrol,10000.0,5,29.0,950000,3
3421,Sedan,Manual,2,Hyundai Verna,2015,1.6 SX VTVT,Hyderabad,Third Party insurance,Petrol,80000.0,5,29.0,600000,9
3422,SUV,Manual,3,Nissan Terrano,2014,XV Premium 110 PS,Hyderabad,Third Party insurance,Diesel,120000.0,5,29.0,500000,10
3423,Sedan,Manual,2,Volkswagen Vento,2015,1.5 TDI Highline,Hyderabad,Third Party insurance,Diesel,90000.0,5,29.0,555000,9
3424,Sedan,Manual,2,Volkswagen Vento,2012,New Diesel Highline,Hyderabad,Third Party insurance,Diesel,87000.0,5,29.0,449000,12
3425,Hatchback,Manual,2,Maruti Baleno,2018,1.2 Zeta,Hyderabad,Third Party insurance,Petrol,70000.0,5,29.0,640000,6
3426,Hatchback,Manual,2,Maruti Alto K10,2014,VXI,Hyderabad,Third Party insurance,Petrol,53179.0,5,29.0,263000,10
3427,Sedan,Automatic,3,Hyundai Verna,2012,1.6 CRDi EX AT,Hyderabad,Third Party insurance,Diesel,90000.0,5,29.0,455000,12
3428,Hatchback,Automatic,1,Hyundai i20,2019,Asta Option CVT BSIV,Hyderabad,Third Party insurance,Petrol,45025.0,5,29.0,777000,5
3429,Hatchback,Automatic,1,Maruti Baleno,2017,1.2 CVT Alpha,Hyderabad,Third Party insurance,Petrol,22356.0,5,29.0,701000,7
3430,Sedan,Automatic,1,Hyundai Verna,2014,1.6 SX CRDI (O) AT,Hyderabad,Third Party insurance,Diesel,96000.0,5,29.0,625000,10
3431,Hatchback,Manual,2,Maruti Celerio,2019,ZXI,Hyderabad,Comprehensive,Petrol,35564.0,5,29.0,478000,5
3432,Hatchback,Manual,1,Fiat Punto,2016,1.3 Emotion,Hyderabad,Third Party insurance,Diesel,72632.0,5,29.0,465000,8
3433,Sedan,Manual,1,Toyota Etios,2015,G,Hyderabad,Comprehensive,Petrol,57349.0,5,29.0,472000,9
3434,Sedan,Manual,1,Honda Amaze,2018,S i-DTEC,Hyderabad,Comprehensive,Diesel,31915.0,5,29.0,604000,6
3435,Sedan,Automatic,1,Volvo S60,2012,D5 Kinetic,Hyderabad,Third Party insurance,Diesel,80000.0,5,29.0,1050000,12
3436,Hatchback,Manual,1,Maruti Wagon R,2010,VXI BS IV,Hyderabad,Comprehensive,Petrol,44094.0,5,29.0,273000,14
3437,Sedan,Manual,1,Hyundai Verna,2008,CRDi SX,Hyderabad,Third Party insurance,Diesel,75000.0,5,29.0,299000,16
3438,Hatchback,Automatic,1,Maruti S-Presso,2020,VXI AT 2019-2022,Hyderabad,Third Party insurance,Petrol,48000.0,5,29.0,499000,4
3439,Sedan,Manual,1,Honda Amaze,2018,S Diesel BSIV,Hyderabad,Comprehensive,Diesel,33600.0,5,29.0,750000,6
3440,Sedan,Automatic,2,Toyota Yaris,2018,G CVT,Hyderabad,Comprehensive,Petrol,68950.0,5,29.0,724000,6
3441,Hatchback,Manual,1,Maruti Wagon R,2012,VXI BS IV,Hyderabad,Third Party insurance,Petrol,47763.0,5,29.0,300000,12
3442,SUV,Manual,1,Tata Nexon,2018,XZ Plus Diesel,Hyderabad,Third Party insurance,Diesel,51897.0,5,29.0,810000,6
3443,Sedan,Automatic,1,BMW 3 Series,2012,320d Luxury Line,Hyderabad,Third Party insurance,Diesel,90000.0,5,29.0,750000,12
3444,Hatchback,Manual,1,Maruti Swift,2016,VXI,Hyderabad,Comprehensive,Petrol,62648.0,5,29.0,497000,8
3445,Hatchback,Manual,1,Maruti Baleno,2017,1.2 Delta,Hyderabad,Comprehensive,Petrol,58448.0,5,29.0,577000,7
3446,Hatchback,Manual,1,Hyundai Grand i10 Nios,2022,Magna,Hyderabad,Third Party insurance,Petrol,40000.0,5,29.0,670000,2
3447,SUV,Manual,1,Ford Ecosport,2017,1.5 TDCi Titanium BSIV,Hyderabad,Third Party insurance,Diesel,88695.0,5,29.0,690000,7
3448,Sedan,Manual,1,Tata Zest,2014,Quadrajet 1.3 XT,Hyderabad,Not Available,Diesel,99840.0,5,29.0,252000,10
3449,Hatchback,Manual,2,Volkswagen Polo,2012,Diesel Highline 1.2L,Hyderabad,Third Party insurance,Diesel,120000.0,5,29.0,294000,12
3450,Sedan,Automatic,1,Honda Amaze,2018,S CVT i-VTEC,Hyderabad,Third Party insurance,Petrol,20000.0,5,29.0,700000,6
3451,Hatchback,Manual,2,Tata Tiago,2018,1.2 Revotron XZ,Hyderabad,Comprehensive,Petrol,93407.0,5,29.0,470000,6
3452,Hatchback,Manual,2,Maruti Swift,2011,LXI,Hyderabad,Comprehensive,Petrol,75932.0,5,29.0,320000,13
3453,Hatchback,Automatic,1,Volkswagen Polo,2015,GT TSI,Hyderabad,Comprehensive,Petrol,44000.0,5,29.0,650000,9
3454,Hatchback,Automatic,1,Hyundai Santro,2019,Sportz AMT BSIV,Hyderabad,Third Party insurance,Petrol,62936.0,5,29.0,529000,5
3455,Hatchback,Manual,1,Hyundai i20,2016,Asta 1.2,Hyderabad,Comprehensive,Petrol,40841.0,5,29.0,646000,8
3456,Sedan,Manual,2,Maruti Swift Dzire,2016,VDI,Hyderabad,Third Party insurance,Diesel,150000.0,5,29.0,480000,8
3457,Hatchback,Manual,1,Hyundai i20,2017,Sportz 1.2,Hyderabad,Third Party insurance,Petrol,66561.0,5,29.0,607000,7
3458,Hatchback,Manual,1,Maruti Celerio,2016,VXI,Hyderabad,Third Party insurance,Petrol,97726.0,5,29.0,374000,8
3459,Hatchback,Automatic,1,Maruti Swift,2019,VXI AMT,Hyderabad,Third Party,Petrol,31286.0,5,29.0,680000,5
3460,Hatchback,Manual,1,Maruti Baleno,2022,Alpha BSVI,Hyderabad,Third Party insurance,Petrol,20000.0,5,29.0,1000000,2
3461,Hatchback,Manual,1,Maruti Baleno,2022,Alpha BSVI,Hyderabad,Third Party insurance,Petrol,20000.0,5,29.0,1000000,2
3462,Sedan,Manual,1,Chevrolet Sail,2013,1.2 LS,Hyderabad,Third Party insurance,Petrol,54000.0,5,29.0,315000,11
3463,Hatchback,Manual,1,Maruti Baleno,2020,Zeta,Hyderabad,Third Party insurance,Petrol,20000.0,5,29.0,760000,4
3464,Sedan,Manual,2,Honda City,2017,i VTEC V,Hyderabad,Third Party insurance,Petrol,40000.0,5,29.0,825000,7
3465,Sedan,Automatic,1,Maruti Swift Dzire,2017,AMT VDI,Hyderabad,Third Party,Diesel,49260.0,5,29.0,741000,7
3466,Hatchback,Manual,1,Maruti Celerio,2015,ZXI,Hyderabad,Third Party insurance,Petrol,73069.0,5,29.0,365000,9
3467,Hatchback,Manual,1,Maruti Swift,2013,VXI,Hyderabad,Third Party insurance,Petrol,80000.0,5,29.0,410000,11
3468,Sedan,Manual,1,Maruti Swift Dzire,2014,VXI,Hyderabad,Third Party insurance,Petrol,78850.0,5,29.0,475000,10
3469,Hatchback,Manual,2,Hyundai i20,2016,Sportz 1.2,Hyderabad,Third Party insurance,Petrol,89224.0,5,29.0,561000,8
3470,Hatchback,Manual,2,Maruti Wagon R,2017,VXI BS IV,Hyderabad,Comprehensive,Petrol,59084.0,5,29.0,411000,7
3471,Hatchback,Automatic,1,Maruti Wagon R,2016,AMT VXI,Hyderabad,Third Party insurance,Petrol,70000.0,5,29.0,460000,8
3472,Hatchback,Manual,2,Maruti Wagon R,2013,VXI BS IV,Hyderabad,Third Party insurance,Petrol,59730.0,5,29.0,309000,11
3473,Sedan,Manual,1,Honda City,2015,i VTEC SV,Hyderabad,Third Party,Petrol,50933.0,5,29.0,594000,9
3474,Sedan,Manual,1,Maruti Swift Dzire,2016,VXI,Hyderabad,Comprehensive,Petrol,94426.0,5,29.0,516000,8
3475,Hatchback,Automatic,1,Volkswagen Polo,2017,GT TSI Sport Edition,Hyderabad,Third Party insurance,Petrol,80000.0,5,29.0,760000,7
3476,Sedan,Manual,1,Skoda Rapid,2012,1.6 TDI Elegance,Hyderabad,Third Party insurance,Diesel,75000.0,5,29.0,499000,12
3477,Hatchback,Manual,1,Maruti Ritz,2013,VDi,Hyderabad,Third Party insurance,Diesel,56000.0,5,29.0,450000,11
3478,Hatchback,Manual,1,Fiat Punto,2014,1.3 Dynamic,Hyderabad,Third Party insurance,Diesel,100000.0,5,29.0,295000,10
3479,Hatchback,Automatic,2,Hyundai i20,2017,1.4 Magna AT,Hyderabad,Third Party insurance,Petrol,32289.0,5,29.0,667000,7
3480,Hatchback,Manual,1,Maruti Swift,2014,VDI,Hyderabad,Third Party insurance,Diesel,75000.0,5,29.0,480000,10
3481,Sedan,Manual,2,Honda City,2014,i VTEC V,Hyderabad,Comprehensive,Petrol,109832.0,5,29.0,464000,10
3482,Sedan,Automatic,1,Hyundai Elantra,2018,2.0 SX Option AT,Hyderabad,Third Party insurance,Petrol,44123.0,5,29.0,1228000,6
3483,SUV,Manual,2,Maruti Vitara Brezza,2017,ZDi Plus,Hyderabad,Third Party insurance,Diesel,121129.0,5,29.0,801000,7
3484,Hatchback,Manual,2,Maruti Ignis,2020,1.2 Zeta BSIV,Hyderabad,Third Party insurance,Petrol,40000.0,5,29.0,560000,4
3485,SUV,Manual,1,Mahindra KUV 100,2016,mFALCON D75 K8 5str,Hyderabad,Third Party,Diesel,72607.0,5,29.0,420000,8
3486,Hatchback,Manual,2,Hyundai Grand i10,2016,Sportz,Hyderabad,Third Party insurance,Petrol,28467.0,5,29.0,472000,8
3487,Sedan,Manual,1,Skoda Rapid,2017,1.6 MPI Ambition BSIV,Hyderabad,Third Party insurance,Petrol,60000.0,5,29.0,750000,7
3488,SUV,Manual,1,Hyundai Creta,2017,1.6 CRDi SX Option,Hyderabad,Comprehensive,Diesel,122474.0,5,29.0,1098000,7
3489,Hatchback,Automatic,1,Maruti Baleno,2017,1.2 CVT Delta,Hyderabad,Not Available,Petrol,37665.0,5,29.0,650000,7
3490,Hatchback,Manual,2,Maruti Wagon R,2014,VXI BS IV,Hyderabad,Third Party insurance,Petrol,50000.0,5,29.0,320000,10
3491,Sedan,Manual,1,Honda Amaze,2018,S i-DTEC,Hyderabad,Third Party insurance,Diesel,110000.0,5,29.0,680000,6
3492,Sedan,Automatic,1,Honda City,2021,ZX CVT,Hyderabad,Third Party insurance,Petrol,61000.0,5,29.0,1250000,3
3493,Hatchback,Manual,1,Maruti Swift,2014,VXI,Hyderabad,Third Party insurance,Petrol,94540.0,5,29.0,409000,10
3494,Hatchback,Automatic,2,Hyundai Grand i10,2016,Asta Option AT,Hyderabad,Third Party insurance,Petrol,104436.0,5,29.0,496000,8
3495,Hatchback,Manual,1,Datsun RediGO,2017,S,Hyderabad,Third Party insurance,Petrol,28545.0,5,29.0,298000,7
3496,Hatchback,Manual,1,Volkswagen Polo,2019,1.0 MPI Highline,Hyderabad,Third Party insurance,Petrol,66500.0,5,29.0,720000,5
3497,Hatchback,Manual,1,Hyundai i20,2017,Asta 1.2,Hyderabad,Third Party insurance,Petrol,80133.0,5,29.0,583000,7
3498,Sedan,Automatic,1,Mercedes-Benz C-Class,2011,220 CDI AT,Hyderabad,Third Party insurance,Diesel,106000.0,5,29.0,1125000,13
3499,SUV,Manual,1,Maruti SX4 S Cross,2020,Alpha,Hyderabad,Third Party,Petrol,26852.0,5,29.0,982000,4
3500,Hatchback,Manual,1,Maruti Swift,2015,VXI,Hyderabad,Third Party insurance,Petrol,59990.0,5,29.0,458000,9
3501,Sedan,Manual,1,Honda City,2018,i-DTEC V,Hyderabad,Third Party,Diesel,75135.0,5,29.0,852999,6
3502,Hatchback,Manual,2,Hyundai Grand i10,2019,1.2 Kappa Asta,Hyderabad,Third Party insurance,Petrol,50000.0,5,29.0,600000,5
3503,Sedan,Manual,1,Honda Civic,2010,1.8 S MT,Hyderabad,Third Party insurance,Petrol,73000.0,5,29.0,390000,14
3504,Hatchback,Manual,2,Maruti Baleno,2018,1.2 Zeta,Hyderabad,Third Party insurance,Petrol,70000.0,5,29.0,620000,6
3505,Hatchback,Manual,1,Maruti Swift,2013,VXI,Hyderabad,Third Party,Petrol,50824.0,5,29.0,447000,11
3506,Hatchback,Manual,2,Maruti Swift,2013,VDI,Hyderabad,Third Party insurance,Diesel,85507.0,5,29.0,410000,11
3507,Sedan,Manual,1,Hyundai Verna,2010,CRDi SX,Hyderabad,Third Party insurance,Diesel,70000.0,5,29.0,330000,14
3508,Hatchback,Manual,2,Maruti Ritz,2014,ZXi,Hyderabad,Comprehensive,Petrol,75773.0,5,29.0,372000,10
3509,Hatchback,Manual,1,Hyundai i10,2012,Magna,Hyderabad,Third Party,Petrol,47004.0,5,29.0,297000,12
3510,Hatchback,Manual,2,Volkswagen Polo,2014,1.5 TDI Comfortline,Hyderabad,Third Party insurance,Diesel,110000.0,5,29.0,420000,10
3511,Hatchback,Manual,2,Maruti Swift,2013,VDI,Hyderabad,Comprehensive,Diesel,97085.0,5,29.0,406000,11
3512,Sedan,Manual,3,Hyundai Verna,2014,1.6 SX,Hyderabad,Third Party insurance,Diesel,87449.0,5,29.0,561000,10
3513,Hatchback,Manual,1,Maruti Ritz,2016,LDi,Hyderabad,Third Party insurance,Diesel,100000.0,5,29.0,350000,8
3514,Hatchback,Manual,2,Maruti Alto,2012,LXi,Hyderabad,Third Party insurance,Petrol,53338.0,5,29.0,193000,12
3515,Hatchback,Manual,1,Hyundai i20,2019,Sportz Plus Diesel,Hyderabad,Third Party insurance,Diesel,78000.0,5,29.0,765000,5
3516,SUV,Manual,1,Nissan Magnite,2022,XV BSVI,Hyderabad,Third Party insurance,Petrol,10000.0,5,29.0,850000,2
3517,SUV,Manual,1,Maruti Vitara Brezza,2022,VXI,Hyderabad,Third Party insurance,Petrol,20000.0,5,29.0,1000000,2
3518,Hatchback,Manual,2,Maruti Alto,2008,LXi,Hyderabad,Third Party insurance,Petrol,100000.0,5,29.0,100000,16
3519,SUV,Manual,1,Nissan Magnite,2020,XV DT BSVI,Hyderabad,Third Party,Petrol,28839.0,5,29.0,734000,4
3520,Hatchback,Automatic,1,Maruti Celerio,2017,VXI AT,Hyderabad,Third Party insurance,Petrol,30000.0,5,29.0,450000,7
3521,Hatchback,Automatic,1,Volkswagen Polo,2021,1.0 TSI Comfortline AT,Hyderabad,Third Party,Petrol,23683.0,5,29.0,835000,3
3522,Hatchback,Manual,2,Maruti Alto K10,2013,VXI,Hyderabad,Third Party insurance,Petrol,48471.0,5,29.0,233000,11
3523,Hatchback,Manual,2,Maruti Alto K10,2013,VXI,Hyderabad,Third Party insurance,Petrol,62437.0,5,29.0,221000,11
3524,Sedan,Automatic,1,Tata Tigor,2018,1.2 Revotron XZA,Hyderabad,Third Party insurance,Petrol,45000.0,5,29.0,549000,6
3525,Sedan,Manual,1,Maruti Ciaz,2022,Delta BSVI,Hyderabad,Third Party insurance,Petrol,15992.0,5,29.0,881000,2
3526,Hatchback,Manual,1,Maruti Alto 800,2018,LXI,Hyderabad,Third Party insurance,Petrol,34000.0,5,29.0,325000,6
3527,Hatchback,Manual,1,Hyundai i10,2008,Magna 1.2,Hyderabad,Third Party insurance,Petrol,45000.0,5,29.0,250000,16
3528,SUV,Automatic,1,Tata Nexon,2018,1.5 Revotorq XZA Plus,Hyderabad,Third Party insurance,Diesel,40000.0,5,29.0,1200000,6
3529,Hatchback,Manual,1,Maruti Swift,2022,LXI,Hyderabad,Comprehensive,Petrol,22907.0,5,29.0,650000,2
3530,Hatchback,Manual,1,Maruti Wagon R,2012,CNG LXI BSIV,Hyderabad,Third Party insurance,CNG,79000.0,5,29.0,315000,12
3531,Sedan,Manual,2,Hyundai Xcent,2016,1.1 CRDi S,Hyderabad,Third Party insurance,Diesel,90000.0,5,29.0,340000,8
3532,Hatchback,Manual,2,Maruti Alto 800,2019,VXI BSIV,Hyderabad,Third Party insurance,Petrol,16903.0,5,29.0,333000,5
3533,Hatchback,Automatic,1,Nissan Micra,2018,XL Option CVT,Hyderabad,Third Party insurance,Petrol,36874.0,5,29.0,568000,6
3534,Sedan,Automatic,1,Maruti Ciaz,2017,1.4 AT Delta,Hyderabad,Third Party insurance,Petrol,60000.0,5,29.0,650000,7
3535,Hatchback,Manual,2,Maruti Wagon R,2012,VXI BS IV,Hyderabad,Third Party,Petrol,29994.0,5,29.0,329000,12
3536,Hatchback,Automatic,2,Hyundai i20,2019,Asta Option CVT BSIV,Hyderabad,Third Party insurance,Petrol,26416.0,5,29.0,806000,5
3537,Sedan,Manual,2,Skoda Rapid,2018,1.5 TDI Ambition BSIV,Hyderabad,Third Party insurance,Diesel,70000.0,5,29.0,775000,6
3538,SUV,Manual,2,Honda WR-V,2018,i-VTEC VX,Hyderabad,Third Party insurance,Petrol,27581.0,5,29.0,655000,6
3539,Sedan,Manual,1,Maruti Swift Dzire,2020,VXI 1.2,Hyderabad,Third Party insurance,Petrol,88126.0,5,29.0,672000,4
3540,SUV,Automatic,1,Hyundai Venue,2019,SX Plus Turbo DCT BSIV,Hyderabad,Third Party insurance,Petrol,72563.0,5,29.0,981000,5
3541,Hatchback,Manual,2,Hyundai EON,2013,LPG Magna Plus,Hyderabad,Third Party insurance,LPG,90000.0,5,29.0,220000,11
3542,Hatchback,Manual,1,Maruti Swift,2022,VXI BSVI,Hyderabad,Third Party insurance,Petrol,20000.0,5,29.0,800000,2
3543,Hatchback,Manual,1,Hyundai i20,2017,Magna 1.2,Hyderabad,Third Party insurance,Petrol,60000.0,5,29.0,600000,7
3544,SUV,Manual,1,Hyundai Creta,2020,1.6 EX Diesel,Hyderabad,Third Party insurance,Diesel,95315.0,5,29.0,1475000,4
3545,Hatchback,Manual,2,Maruti Wagon R,2013,LXI BS IV,Hyderabad,Third Party insurance,Petrol,100000.0,5,29.0,263000,11
3546,Hatchback,Manual,1,Hyundai Santro Xing,2010,GLS,Hyderabad,Third Party insurance,Petrol,31000.0,5,29.0,245000,14
3547,SUV,Manual,1,Maruti Vitara Brezza,2019,VDi,Hyderabad,Comprehensive,Diesel,109271.0,5,29.0,777000,5
3548,Hatchback,Automatic,2,Maruti Ignis,2019,1.2 AMT Delta BSIV,Hyderabad,Zero Dep,Petrol,47844.0,5,29.0,507000,5
3549,Hatchback,Manual,1,Maruti Wagon R,2013,VXI BS IV,Hyderabad,Third Party,Petrol,62438.0,5,29.0,297000,11
3550,Hatchback,Manual,3,Hyundai i20,2013,Magna Optional 1.2,Hyderabad,Third Party insurance,Petrol,89318.0,5,29.0,411000,11
3551,Hatchback,Automatic,2,Hyundai Santro,2019,Sportz AMT BSIV,Hyderabad,Zero Dep,Petrol,29200.0,5,29.0,529000,5
3552,Sedan,Automatic,1,Honda City,2019,ZX CVT,Hyderabad,Third Party insurance,Petrol,96940.0,5,29.0,916000,5
3553,Hatchback,Manual,1,Hyundai i10,2011,Sportz,Hyderabad,Third Party insurance,Petrol,90000.0,5,29.0,290000,13
3554,Hatchback,Automatic,1,Hyundai Santro,2019,Sportz AMT BSIV,Hyderabad,Third Party,Petrol,38264.0,5,29.0,525000,5
3555,SUV,Automatic,1,Renault Duster,2018,Petrol RXS CVT,Hyderabad,Third Party insurance,Petrol,47000.0,5,29.0,894999,6
3556,Sedan,Manual,1,Honda City,2009,S,Hyderabad,Third Party insurance,Petrol,78000.0,5,29.0,385000,15
3557,Sedan,Manual,1,Skoda Octavia,2008,Ambiente 1.8 Turbo,Hyderabad,Third Party insurance,Petrol,112000.0,5,29.0,300000,16
3558,Sedan,Manual,1,Hyundai Verna,2013,1.6 SX,Hyderabad,Third Party insurance,Diesel,138000.0,5,29.0,515000,11
3559,Hatchback,Manual,2,Hyundai i10,2010,Sportz 1.2,Hyderabad,Third Party insurance,Petrol,83462.0,5,29.0,268000,14
3560,Hatchback,Manual,1,Renault KWID,2021,1.0 RXT Opt,Hyderabad,Third Party,Petrol,26494.0,5,29.0,483000,3
3561,SUV,Automatic,1,BMW X1,2011,sDrive20d,Hyderabad,Third Party insurance,Diesel,82000.0,5,29.0,1299000,13
3562,Hatchback,Manual,1,Maruti Baleno,2018,1.2 Alpha,Hyderabad,Comprehensive,Petrol,68101.0,5,29.0,618000,6
3563,Hatchback,Automatic,2,Maruti Swift,2018,AMT ZDI,Hyderabad,Comprehensive,Diesel,99105.0,5,29.0,691000,6
3564,SUV,Manual,1,Hyundai Creta,2016,1.6 CRDi SX Option,Hyderabad,Third Party insurance,Diesel,90000.0,5,29.0,1000000,8
3565,Sedan,Automatic,2,Maruti Ciaz,2017,1.4 AT Delta,Hyderabad,Comprehensive,Petrol,70424.0,5,29.0,653000,7
3566,SUV,Automatic,1,Maruti Vitara Brezza,2018,ZDi Plus AMT,Hyderabad,Third Party insurance,Diesel,98000.0,5,29.0,990000,6
3567,Sedan,Manual,2,Honda City,2014,i DTEC VX,Hyderabad,Third Party insurance,Diesel,79189.0,5,29.0,537000,10
3568,Hatchback,Manual,1,Maruti Wagon R,2011,LXI BS IV,Hyderabad,Comprehensive,Petrol,115218.0,5,29.0,253000,13
3569,Sedan,Manual,1,Hyundai Verna,2012,1.6 SX VTVT,Hyderabad,Third Party insurance,Petrol,120000.0,5,29.0,399000,12
3570,Hatchback,Manual,2,Maruti Swift,2015,ZXI,Hyderabad,Third Party insurance,Petrol,119106.0,5,29.0,471000,9
3571,Hatchback,Manual,1,Maruti Swift,2017,DDiS VDI,Hyderabad,Third Party insurance,Diesel,60000.0,5,29.0,659000,7
3572,Hatchback,Manual,1,Maruti Alto 800,2019,VXI BSVI,Hyderabad,Third Party insurance,Petrol,80000.0,5,29.0,370000,5
3573,Hatchback,Manual,2,Maruti Swift,2012,Star VDI,Hyderabad,Third Party insurance,Diesel,143000.0,5,29.0,400000,12
3574,Hatchback,Manual,1,Maruti Swift,2018,VDI Optional,Hyderabad,Third Party insurance,Diesel,50000.0,5,29.0,700000,6
3575,Sedan,Automatic,1,Volkswagen Passat,2011,Diesel Comfortline AT,Hyderabad,Third Party insurance,Diesel,105000.0,5,29.0,750000,13
3576,Hatchback,Manual,2,Maruti Swift,2013,VXI,Hyderabad,Third Party,Petrol,121617.0,5,29.0,368000,11
3577,Sedan,Manual,2,Volkswagen Vento,2015,Petrol Highline,Hyderabad,Comprehensive,Petrol,83825.0,5,29.0,556000,9
3578,Hatchback,Manual,1,Maruti Swift,2014,ZXI,Hyderabad,Not Available,Petrol,92299.0,5,29.0,426000,10
3579,SUV,Automatic,2,Maruti Vitara Brezza,2018,ZDi Plus AMT,Hyderabad,Zero Dep,Diesel,50643.0,5,29.0,961000,6
3580,Sedan,Automatic,1,Mercedes-Benz C-Class,2012,220 CDI AT,Hyderabad,Third Party insurance,Diesel,92721.0,5,29.0,990000,12
3581,Sedan,Manual,3,Toyota Corolla Altis,2008,G,Hyderabad,Not Available,Petrol,83858.0,5,29.0,300000,16
3582,Hatchback,Manual,1,Maruti Alto K10,2017,VXI,Hyderabad,Comprehensive,Petrol,86555.0,5,29.0,298000,7
3583,Sedan,Manual,2,Volkswagen Vento,2011,Petrol Highline,Hyderabad,Third Party insurance,Petrol,60000.0,5,29.0,350000,13
3584,SUV,Manual,2,Renault Duster,2014,85PS Diesel RxL,Hyderabad,Third Party insurance,Diesel,110000.0,5,29.0,450000,10
3585,Hatchback,Manual,2,Tata Bolt,2016,Quadrajet XE,Hyderabad,Third Party insurance,Diesel,100000.0,5,29.0,270000,8
3586,SUV,Manual,1,Hyundai Venue,2020,SX Turbo BSIV,Hyderabad,Third Party insurance,Petrol,60000.0,5,29.0,1000000,4
3587,SUV,Automatic,1,Toyota Urban cruiser,2022,Premium AT,Hyderabad,Comprehensive,Petrol,19500.0,5,29.0,1175000,2
3588,Sedan,Automatic,1,Honda Amaze,2021,VX CVT Petrol,Hyderabad,Comprehensive,Petrol,22127.0,5,29.0,940000,3
3589,Hatchback,Manual,2,Maruti Alto 800,2015,LXI,Hyderabad,Comprehensive,Petrol,78010.0,5,29.0,251000,9
3590,SUV,Manual,1,Ford Ecosport,2021,1.5 Petrol Titanium Plus,Hyderabad,Third Party,Petrol,14087.0,5,29.0,988000,3
3591,SUV,Manual,1,Tata Nexon,2022,XZ Plus P Dark Edition Diesel,Hyderabad,Comprehensive,Diesel,55253.0,5,29.0,1157000,2
3592,Hatchback,Manual,1,Maruti Alto 800,2015,LXI,Hyderabad,Third Party insurance,Petrol,73944.0,5,29.0,266000,9
3593,Hatchback,Manual,2,Maruti Alto 800,2017,LXI,Hyderabad,Third Party,Petrol,52052.0,5,29.0,279000,7
3594,Hatchback,Manual,2,Hyundai Grand i10,2018,1.2 Kappa Magna BSIV,Hyderabad,Third Party insurance,Petrol,42399.0,5,29.0,465000,6
3595,Sedan,Manual,1,Maruti Swift Dzire,2015,VDI,Hyderabad,Third Party insurance,Diesel,50000.0,5,29.0,210000,9
3596,Hatchback,Manual,1,Maruti Wagon R,2020,CNG LXI,Hyderabad,Zero Dep,CNG,64584.0,5,29.0,549000,4
3597,Minivans,Manual,1,Maruti Eeco,2014,5 Seater AC BSIV,Hyderabad,Third Party insurance,Petrol,44000.0,5,29.0,345000,10
3598,Hatchback,Automatic,1,Renault KWID,2017,1.0 RXT Optional AT 2016-2019,Hyderabad,Not Available,Petrol,101434.0,5,29.0,300000,7
3599,Hatchback,Manual,1,Maruti Eeco,2019,5 Seater AC BSVI,Hyderabad,Comprehensive,Petrol,13500.0,5,29.0,495000,5
3600,Sedan,Manual,2,Volkswagen Ameo,2017,1.5 TDI Trendline,Hyderabad,Third Party insurance,Diesel,75000.0,5,29.0,475000,7
3601,Sedan,Manual,1,Hyundai Verna,2012,1.6 SX,Hyderabad,Comprehensive,Diesel,75000.0,5,29.0,445000,12
3602,Hatchback,Manual,1,Hyundai i10,2016,Era,Hyderabad,Third Party insurance,Petrol,55000.0,5,29.0,290000,8
3603,SUV,Manual,1,Tata Nexon,2021,XM BSVI,Hyderabad,Comprehensive,Petrol,44641.0,5,29.0,860000,3
3604,Hatchback,Manual,1,Hyundai i10,2010,Magna,Hyderabad,Third Party,Petrol,83958.0,5,29.0,241000,14
3605,Hatchback,Automatic,2,Hyundai i10,2011,Sportz AT,Hyderabad,Third Party,Petrol,75552.0,5,29.0,330000,13
3606,Hatchback,Manual,1,Hyundai i10,2010,Sportz 1.2,Hyderabad,Comprehensive,Petrol,107972.0,5,29.0,185000,14
3607,Sedan,Manual,1,Volkswagen Ameo,2019,1.0 MPI Comfortline,Hyderabad,Third Party insurance,Petrol,46451.0,5,29.0,568000,5
3608,Minivans,Manual,1,Maruti Eeco,2021,5 Seater AC 2020-2022,Hyderabad,Not Available,Petrol,28220.0,5,29.0,470000,3
3609,Hatchback,Automatic,1,Maruti S-Presso,2019,VXI Plus AT 2019-2022,Hyderabad,Comprehensive,Petrol,77415.0,5,29.0,457000,5
3610,SUV,Automatic,1,Hyundai Venue,2020,SX Plus Turbo DCT BSIV,Hyderabad,Zero Dep,Petrol,47314.0,5,29.0,1022000,4
3611,Hatchback,Automatic,1,Renault KWID,2017,Climber 1.0 AMT Opt BSIV,Hyderabad,Third Party insurance,Petrol,50000.0,5,29.0,312000,7
3612,Hatchback,Manual,2,Tata Indica,2012,TDI LS,Hyderabad,Third Party insurance,Diesel,120000.0,5,29.0,117000,12
3613,Sedan,Manual,1,Skoda Rapid,2018,1.5 TDI Style BSIV,Hyderabad,Third Party insurance,Diesel,40000.0,5,29.0,869999,6
3614,Hatchback,Manual,2,Honda Brio,2013,S MT,Hyderabad,Third Party insurance,Petrol,80000.0,5,29.0,285000,11
3615,SUV,Manual,1,Maruti Eeco,2020,5 Seater AC BSVI,Hyderabad,Comprehensive,Petrol,16415.0,5,29.0,520000,4
3616,Hatchback,Manual,2,Maruti Alto,2008,LXi,Hyderabad,Third Party insurance,Petrol,110000.0,5,29.0,100000,16
3617,Hatchback,Automatic,1,Maruti Wagon R,2019,ZXI AMT 1.2,Hyderabad,Comprehensive,Petrol,30564.0,5,29.0,550000,5
3618,Hatchback,Automatic,1,Honda Jazz,2018,V CVT,Hyderabad,Third Party,Petrol,61710.0,5,29.0,631000,6
3619,Sedan,Automatic,1,Hyundai Verna,2012,1.6 SX CRDI (O) AT,Hyderabad,Third Party insurance,Diesel,95000.0,5,29.0,476000,12
3620,SUV,Automatic,1,Hyundai Creta,2017,1.6 CRDi AT SX Plus,Hyderabad,Third Party insurance,Diesel,99215.0,5,29.0,1119000,7
3621,SUV,Automatic,1,Tata Nexon,2019,1.5 Revotorq XZA Plus DualTone,Hyderabad,Zero Dep,Diesel,46034.0,5,29.0,1002000,5
3622,Hatchback,Manual,1,Honda Brio,2013,V MT,Hyderabad,Third Party insurance,Petrol,60993.0,5,29.0,347000,11
3623,Sedan,Manual,1,Maruti Swift Dzire,2017,ZDI Plus,Hyderabad,Third Party insurance,Diesel,71821.0,5,29.0,756000,7
3624,Hatchback,Manual,1,Hyundai Grand i10 Nios,2020,Magna,Hyderabad,Comprehensive,Petrol,12740.0,5,29.0,584000,4
3625,SUV,Automatic,1,Tata Nexon EV Prime,2022,XZ Plus Dark Edition,Hyderabad,Third Party insurance,Electric,30000.0,5,29.0,1500000,2
3626,Hatchback,Manual,1,Tata Altroz,2022,XZ BSVI,Hyderabad,Comprehensive,Petrol,28522.0,5,29.0,535000,2
3627,Sedan,Automatic,1,Mahindra E Verito,2018,D2,Hyderabad,Third Party insurance,Electric,67200.0,5,29.0,410000,6
3628,Sedan,Automatic,1,Mahindra E Verito,2018,D2,Hyderabad,Third Party insurance,Electric,50000.0,5,29.0,295000,6
3629,SUV,Manual,1,Mahindra KUV 100,2016,mFALCON D75 K4 Plus 5str,Hyderabad,Third Party insurance,Diesel,80000.0,5,29.0,310000,8
3630,Hatchback,Manual,1,Renault KWID,2017,1.0 RXT,Hyderabad,Third Party insurance,Petrol,29011.0,5,29.0,337000,7
3631,SUV,Manual,1,Kia Seltos,2020,HTX G,Hyderabad,Comprehensive,Petrol,42372.0,5,29.0,1259000,4
3632,Sedan,Manual,1,Honda City,2022,V MT Diesel,Hyderabad,Comprehensive,Diesel,22310.0,5,29.0,1291000,2
3633,Sedan,Manual,1,Toyota Etios,2016,GD,Hyderabad,Not Available,Diesel,95417.0,5,29.0,470000,8
3634,SUV,Automatic,1,Ford Ecosport,2018,1.5 Petrol Titanium AT,Hyderabad,Third Party insurance,Petrol,54000.0,5,29.0,894999,6
3635,Hatchback,Automatic,2,Renault KWID,2019,1.0 RXT Optional AT 2016-2019,Hyderabad,Third Party insurance,Petrol,51237.0,5,29.0,427000,5
3636,Sedan,Manual,1,Hyundai Xcent,2017,1.2 VTVT SX Option,Hyderabad,Comprehensive,Petrol,36140.0,5,29.0,559000,7
3637,Hatchback,Manual,2,Maruti Swift,2018,VDI,Hyderabad,Third Party insurance,Diesel,80000.0,5,29.0,650000,6
3638,Sedan,Manual,1,Tata Tigor,2020,XZ Plus BSVI,Hyderabad,Third Party insurance,Petrol,60000.0,5,29.0,660000,4
3639,Hatchback,Manual,1,Maruti Wagon R,2007,LXI,Hyderabad,Third Party insurance,Petrol,70237.0,5,29.0,145000,17
3640,Sedan,Manual,1,Chevrolet Cruze,2010,LTZ,Hyderabad,Third Party insurance,Diesel,79333.0,5,29.0,380000,14
3641,Sedan,Manual,1,Maruti Swift Dzire,2014,VDI,Hyderabad,Third Party insurance,Diesel,82144.0,5,29.0,450000,10
3642,Sedan,Automatic,2,Volkswagen Vento,2015,1.5 TDI Highline AT,Hyderabad,Not Available,Diesel,129517.0,5,29.0,500000,9
3643,Hatchback,Automatic,1,Hyundai Santro,2019,Sportz AMT BSIV,Hyderabad,Comprehensive,Petrol,39881.0,5,29.0,531000,5
3644,Hatchback,Manual,1,Tata Altroz,2021,XT Turbo,Hyderabad,Comprehensive,Petrol,12280.0,5,29.0,744000,3
3645,Sedan,Manual,1,Tata Manza,2011,Aura (ABS) Quadrajet BS IV,Hyderabad,Third Party insurance,Diesel,70000.0,5,29.0,200000,13
3646,Hatchback,Manual,1,Maruti Celerio,2020,VXI CNG Optional,Hyderabad,Comprehensive,CNG,49984.0,5,29.0,576000,4
3647,SUV,Automatic,1,Ford Ecosport,2017,1.5 Petrol Titanium Plus AT BSIV,Hyderabad,Comprehensive,Petrol,51258.0,5,29.0,760000,7
3648,Sedan,Manual,2,Hyundai Xcent Prime,2019,T Plus CNG,Hyderabad,Third Party insurance,CNG,90000.0,5,29.0,400000,5
3649,Hatchback,Manual,2,Honda Brio,2012,S MT,Hyderabad,Comprehensive,Petrol,95178.0,5,29.0,273000,12
3650,Sedan,Manual,1,Volkswagen Ameo,2016,1.0 MPI Highline Plus,Hyderabad,Third Party insurance,Petrol,62000.0,5,29.0,480000,8
3651,SUV,Manual,1,Hyundai Creta,2016,1.6 CRDi SX Option,Hyderabad,Third Party insurance,Diesel,119781.0,5,29.0,922000,8
3652,Hatchback,Manual,2,Tata Altroz,2021,XT Turbo,Hyderabad,Zero Dep,Petrol,31750.0,5,29.0,746000,3
3653,Sedan,Manual,1,Hyundai Verna,2013,1.6 SX,Hyderabad,Third Party insurance,Diesel,110000.0,5,29.0,490000,11
3654,Hatchback,Automatic,1,Hyundai Grand i10,2014,AT Asta,Hyderabad,Third Party insurance,Petrol,73400.0,5,29.0,460000,10
3655,Hatchback,Automatic,3,Tata Tiago,2018,1.2 Revotron XZA,Hyderabad,Third Party insurance,Petrol,40000.0,5,29.0,490000,6
3656,Sedan,Manual,1,Hyundai Verna,2022,SX Opt,Hyderabad,Not Available,Petrol,14991.0,5,29.0,930000,2
3657,Sedan,Manual,2,Hyundai Verna,2013,1.6 SX,Hyderabad,Third Party insurance,Diesel,60000.0,5,29.0,465000,11
3658,Sedan,Manual,1,Skoda Rapid,2021,1.0 TSI Style,Hyderabad,Third Party insurance,Petrol,15504.0,5,29.0,1008000,3
3659,SUV,Manual,1,Hyundai Creta,2017,1.6 CRDi SX,Hyderabad,Third Party,Diesel,99128.0,5,29.0,989000,7
3660,Hatchback,Manual,3,Maruti Swift,2015,VDI BSIV,Hyderabad,Not Available,Diesel,112921.0,5,29.0,400000,9
3661,Sedan,Manual,1,Maruti Swift Dzire,2014,VDI,Hyderabad,Third Party insurance,Diesel,73626.0,5,29.0,492000,10
3662,Hatchback,Automatic,1,Renault KWID,2018,Climber 1.0 AMT,Hyderabad,Third Party,Petrol,42964.0,5,29.0,446000,6
3663,Sedan,Manual,2,Maruti Ciaz,2016,ZDi Plus SHVS,Hyderabad,Third Party insurance,Diesel,100000.0,5,29.0,500000,8
3664,SUV,Manual,1,Jeep Compass,2017,2.0 Longitude Option BSIV,Hyderabad,Comprehensive,Diesel,89906.0,5,29.0,1103000,7
3665,Sedan,Manual,1,Maruti Swift Dzire Tour,2019,1.3 S Diesel,Hyderabad,Third Party insurance,Diesel,110000.0,5,29.0,550000,5
3666,SUV,Manual,1,Kia Seltos,2019,HTX Plus Diesel,Hyderabad,Third Party insurance,Diesel,40000.0,5,29.0,1500000,5
3667,Sedan,Manual,1,Hyundai Xcent,2015,1.1 CRDi S,Hyderabad,Third Party insurance,Diesel,90000.0,5,29.0,365000,9
3668,Sedan,Automatic,1,Hyundai Elantra,2018,1.6 SX Option AT,Hyderabad,Third Party insurance,Diesel,30000.0,5,29.0,1450000,6
3669,Hatchback,Automatic,1,Volkswagen Polo,2021,GT 1.0 TSI,Hyderabad,Not Available,Petrol,45416.0,5,29.0,900000,3
3670,Hatchback,Manual,1,Hyundai i20,2013,Asta 1.2,Hyderabad,Third Party insurance,Petrol,64000.0,5,29.0,385000,11
3671,SUV,Automatic,2,Tata Nexon,2021,XZA Plus AMT BSVI,Hyderabad,Third Party,Petrol,25596.0,5,29.0,991000,3
3672,SUV,Manual,1,Maruti Vitara Brezza,2017,VDi Option,Hyderabad,Comprehensive,Diesel,89681.0,5,29.0,744000,7
3673,SUV,Automatic,1,Renault Duster,2019,Petrol RXS CVT,Hyderabad,Third Party,Petrol,5933.0,5,29.0,835000,5
3674,Hatchback,Manual,1,Tata Tiago,2017,1.2 Revotron XT,Hyderabad,Third Party insurance,Petrol,30000.0,5,29.0,470000,7
3675,Hatchback,Manual,1,Maruti Alto K10,2011,LXI,Hyderabad,Third Party insurance,Petrol,60000.0,5,29.0,200000,13
3676,Sedan,Automatic,1,Audi A4,2013,2.0 TDI,Hyderabad,Third Party insurance,Diesel,66000.0,5,29.0,1299000,11
3677,Sedan,Manual,1,Skoda Octavia,2007,Classic 1.9 TDI MT,Hyderabad,Third Party insurance,Diesel,110000.0,5,29.0,249000,17
3678,Sedan,Automatic,1,Skoda Superb,2007,2.5 TDi AT,Hyderabad,Third Party insurance,Diesel,133000.0,5,29.0,279000,17
3679,Hatchback,Manual,1,Renault KWID,2021,1.0 RXL BSVI,Hyderabad,Third Party,Petrol,29828.0,5,29.0,418000,3
3680,Hatchback,Manual,3,Hyundai EON,2015,Era Plus,Hyderabad,Third Party insurance,Petrol,58321.0,5,29.0,257000,9
3681,Sedan,Automatic,1,Volvo S60,2012,D3,Hyderabad,Third Party insurance,Diesel,85000.0,5,29.0,799000,12
3682,Sedan,Manual,2,Honda Amaze,2019,S Petrol BSIV,Hyderabad,Third Party insurance,Petrol,37566.0,5,29.0,622000,5
3683,Hatchback,Manual,2,Maruti Alto 800,2016,LXI,Hyderabad,Third Party insurance,Petrol,60610.0,5,29.0,238000,8
3684,Hatchback,Manual,1,Volkswagen Polo,2011,Petrol Comfortline 1.2L,Hyderabad,Third Party insurance,Petrol,30000.0,5,29.0,365000,13
3685,Hatchback,Automatic,1,Maruti Baleno,2019,1.2 CVT Zeta,Hyderabad,Comprehensive,Petrol,32098.0,5,29.0,753000,5
3686,Hatchback,Automatic,1,Renault KWID,2018,1.0 RXT Optional AT 2016-2019,Hyderabad,Third Party,Petrol,48556.0,5,29.0,394000,6
3687,Hatchback,Automatic,1,Toyota Glanza,2019,V CVT,Hyderabad,Third Party insurance,Petrol,39014.0,5,29.0,773000,5
3688,Hatchback,Manual,2,Fiat Abarth Avventura,2015,1.4 T-Jet,Hyderabad,Third Party insurance,Petrol,105000.0,5,29.0,475000,9
3689,Sedan,Manual,1,Chevrolet Cruze,2010,LTZ,Hyderabad,Third Party insurance,Diesel,95000.0,5,29.0,465000,14
3690,SUV,Automatic,1,Mahindra XUV300,2022,W6 AMT Sunroof NT BSVI,Hyderabad,Third Party insurance,Petrol,10000.0,5,29.0,1300000,2
3691,SUV,Manual,1,Ford Ecosport,2015,1.5 TDCi Trend BSIV,Hyderabad,Third Party insurance,Diesel,120000.0,5,29.0,450000,9
3692,Hatchback,Manual,2,Hyundai EON,2016,Sportz,Hyderabad,Third Party,Petrol,68336.0,5,29.0,289000,8
3693,Hatchback,Manual,1,Maruti Swift,2013,VXI,Hyderabad,Third Party,Petrol,79202.0,5,29.0,403000,11
3694,Hatchback,Manual,2,Honda Jazz,2018,1.5 E i DTEC,Hyderabad,Third Party,Diesel,101883.0,5,29.0,617000,6
3695,SUV,Automatic,1,Hyundai Creta,2018,1.6 SX Automatic Diesel,Hyderabad,Zero Dep,Diesel,105405.0,5,29.0,1192000,6
3696,Sedan,Manual,1,Hyundai Verna,2012,1.6 SX VTVT,Hyderabad,Third Party insurance,Petrol,120000.0,5,29.0,340000,12
3697,Hatchback,Automatic,1,Volkswagen Polo,2021,1.0 TSI Highline Plus AT,Hyderabad,Third Party insurance,Petrol,55053.0,5,29.0,925000,3
3698,Hatchback,Manual,1,Maruti Baleno,2022,Zeta BSVI,Hyderabad,Third Party insurance,Petrol,10000.0,5,29.0,850000,2
3699,Hatchback,Manual,1,Maruti Alto K10,2015,VXI,Hyderabad,Third Party insurance,Petrol,111046.0,5,29.0,225000,9
3700,Hatchback,Manual,1,Maruti Celerio,2022,VXI CNG,Hyderabad,Zero Dep,CNG,1457.0,5,29.0,692000,2
3701,Sedan,Manual,1,Hyundai Xcent,2018,1.2 CRDi E Plus,Hyderabad,Third Party insurance,Diesel,50000.0,5,29.0,420000,6
3702,Hatchback,Manual,3,Maruti Swift,2012,VDI,Hyderabad,Not Available,Diesel,91543.0,5,29.0,350000,12
3703,Sedan,Manual,1,Ford Aspire,2019,Trend Diesel BSIV,Hyderabad,Third Party insurance,Diesel,60000.0,5,29.0,590000,5
3704,SUV,Manual,1,Tata Nexon,2021,XM Diesel BSVI,Hyderabad,Third Party insurance,Diesel,30000.0,5,29.0,960000,3
3705,SUV,Manual,1,Maruti Vitara Brezza,2017,LDi Option,Hyderabad,Not Available,Diesel,74320.0,5,29.0,750000,7
3706,Hatchback,Manual,2,Chevrolet Beat,2014,Diesel LT,Hyderabad,Third Party insurance,Diesel,70000.0,5,29.0,240000,10
3707,SUV,Manual,1,Maruti Brezza,2022,Zxi BSVI,Hyderabad,Third Party insurance,Petrol,10000.0,5,29.0,1260000,2
3708,Sedan,Manual,2,Honda City,2016,i VTEC SV,Hyderabad,Comprehensive,Petrol,53326.0,5,29.0,617000,8
3709,Sedan,Automatic,1,Maruti Swift Dzire,2019,AMT ZDI,Hyderabad,Third Party insurance,Diesel,97112.0,5,29.0,770000,5
3710,Hatchback,Automatic,1,Hyundai Grand i10,2018,1.2 Kappa Sportz Option AT,Hyderabad,Comprehensive,Petrol,8345.0,5,29.0,642000,6
3711,Hatchback,Manual,2,Maruti Wagon R,2014,VXI BS IV,Hyderabad,Third Party insurance,Petrol,45852.0,5,29.0,318000,10
3712,Hatchback,Manual,1,Volkswagen Polo,2016,GT 1.5 TDI,Hyderabad,Third Party insurance,Diesel,90000.0,5,29.0,620000,8
3713,SUV,Automatic,1,Nissan Magnite,2022,Turbo CVT XV BSVI,Hyderabad,Zero Dep,Petrol,12094.0,5,29.0,951000,2
3714,Hatchback,Automatic,1,Maruti Swift,2018,ZXI AMT,Hyderabad,Third Party insurance,Petrol,34840.0,5,29.0,669000,6
3715,Sedan,Automatic,2,Skoda Rapid,2018,1.5 TDI AT Style BSIV,Hyderabad,Third Party insurance,Diesel,100000.0,5,29.0,680000,6
3716,Sedan,Manual,2,Volkswagen Vento,2013,Diesel Comfortline,Hyderabad,Third Party insurance,Diesel,110807.0,5,29.0,376000,11
3717,SUV,Manual,1,Kia Sonet,2022,HTK Plus BSVI,Hyderabad,Third Party insurance,Petrol,10000.0,5,29.0,1050000,2
3718,Sedan,Manual,1,Hyundai Aura,2021,S,Hyderabad,Not Available,Petrol,38370.0,5,29.0,600000,3
3719,SUV,Manual,1,Maruti Vitara Brezza,2020,VXI,Hyderabad,Third Party insurance,Petrol,60000.0,5,29.0,880000,4
3720,Sedan,Automatic,1,BMW 3 Series,2012,320d Prestige,Hyderabad,Third Party insurance,Diesel,70000.0,5,29.0,900000,12
3721,Hatchback,Manual,2,Hyundai Santro Xing,2010,GLS,Hyderabad,Third Party insurance,Petrol,90566.0,5,29.0,195000,14
3722,SUV,Manual,1,Hyundai Venue,2021,SX Opt Diesel,Hyderabad,Third Party,Diesel,58177.0,5,29.0,1120000,3
3723,SUV,Manual,1,Maruti SX4 S Cross,2020,Delta,Hyderabad,Third Party insurance,Petrol,40000.0,5,29.0,850000,4
3724,SUV,Manual,1,Renault Duster,2013,85PS Diesel RxL Optional,Hyderabad,Third Party insurance,Diesel,76134.0,5,29.0,408000,11
3725,Hatchback,Manual,2,Datsun RediGO,2019,A,Hyderabad,Third Party insurance,Petrol,32329.0,5,29.0,287000,5
3726,SUV,Automatic,2,Tata Nexon,2020,XZA Plus (O) AMT,Hyderabad,Zero Dep,Petrol,72812.0,5,29.0,969000,4
3727,Sedan,Manual,3,Hyundai Xcent,2016,1.1 CRDi S,Hyderabad,Third Party insurance,Diesel,120000.0,5,29.0,280000,8
3728,Hatchback,Automatic,2,Hyundai i20,2019,Sportz Plus CVT BSIV,Hyderabad,Third Party insurance,Petrol,30000.0,5,29.0,700000,5
3729,Hatchback,Manual,2,Hyundai i20,2019,Asta Option Diesel,Hyderabad,Third Party insurance,Diesel,60000.0,5,29.0,700000,5
3730,Sedan,Manual,2,Ford Fiesta,2008,1.6 SXI Duratec,Hyderabad,Third Party insurance,Petrol,70000.0,5,29.0,200000,16
3731,Sedan,Manual,2,Honda Amaze,2018,VX i DTEC,Hyderabad,Third Party insurance,Diesel,60000.0,5,29.0,600000,6
3732,SUV,Manual,2,Hyundai Venue,2022,S,Hyderabad,Third Party insurance,Petrol,30000.0,5,29.0,875000,2
3733,Hatchback,Manual,1,Hyundai EON,2015,D Lite Plus,Hyderabad,Third Party,Petrol,25121.0,5,29.0,279000,9
3734,Hatchback,Manual,2,Hyundai i10,2011,Magna,Hyderabad,Comprehensive,Petrol,95916.0,5,29.0,244000,13
3735,Hatchback,Manual,2,Maruti Ritz,2016,LDi,Hyderabad,Not Available,Diesel,98076.0,5,29.0,300000,8
3736,Hatchback,Manual,1,Renault KWID,2018,1.0 RXT,Hyderabad,Third Party insurance,Petrol,84020.0,5,29.0,339000,6
3737,Hatchback,Manual,2,Maruti Alto 800,2015,VXI,Hyderabad,Third Party,Petrol,49692.0,5,29.0,259000,9
3738,Hatchback,Manual,2,Hyundai Getz,2008,1.3 GLS,Hyderabad,Third Party insurance,Petrol,90000.0,5,29.0,150000,16
3739,Hatchback,Manual,1,Hyundai i10,2011,Magna,Hyderabad,Third Party insurance,Petrol,96502.0,5,29.0,269000,13
3740,Hatchback,Manual,1,Renault KWID,2019,1.0 RXT Optional,Hyderabad,Third Party insurance,Petrol,37634.0,5,29.0,400000,5
3741,Hatchback,Manual,2,Maruti Alto,2012,LXi,Hyderabad,Comprehensive,Petrol,64934.0,5,29.0,191000,12
3742,Hatchback,Manual,1,Maruti Wagon R,2022,VXI BSVI,Hyderabad,Third Party insurance,Petrol,30000.0,5,29.0,580000,2
3743,Hatchback,Automatic,2,Hyundai i10,2011,Sportz AT,Hyderabad,Third Party,Petrol,61609.0,5,29.0,324000,13
3744,Sedan,Automatic,1,Skoda Rapid,2018,1.6 MPI AT Style BSIV,Hyderabad,Third Party insurance,Petrol,80000.0,5,29.0,860000,6
3745,Hatchback,Manual,2,Maruti Wagon R,2012,LXI CNG,Hyderabad,Third Party insurance,CNG,80000.0,5,29.0,260000,12
3746,Hatchback,Manual,1,Maruti Ritz,2016,LDi,Hyderabad,Third Party insurance,Diesel,120000.0,5,29.0,270000,8
3747,Hatchback,Manual,2,Maruti Swift,2009,Vdi BSIII,Hyderabad,Third Party insurance,Diesel,120000.0,5,29.0,250000,15
3748,Hatchback,Manual,1,Volkswagen Polo,2021,1.0 MPI Comfortline,Hyderabad,Zero Dep,Petrol,30088.0,5,29.0,732000,3
3749,Hatchback,Manual,2,Datsun RediGO,2017,T Option,Hyderabad,Comprehensive,Petrol,65094.0,5,29.0,273000,7
3750,Hatchback,Manual,2,Maruti Swift,2009,Vdi BSIII,Hyderabad,Third Party insurance,Diesel,120000.0,5,29.0,250000,15
3751,Hatchback,Manual,1,Maruti Alto,2010,LXi,Hyderabad,Comprehensive,Petrol,55024.0,5,29.0,175000,14
3752,Hatchback,Manual,1,Datsun GO,2017,T,Hyderabad,Third Party insurance,Petrol,72762.0,5,29.0,279000,7
3753,Hatchback,Automatic,1,Maruti Wagon R,2017,AMT VXI,Hyderabad,Zero Dep,Petrol,52791.0,5,29.0,387000,7
3754,SUV,Manual,1,Renault Duster,2012,85PS Diesel RxL,Hyderabad,Third Party,Diesel,67879.0,5,29.0,383000,12
3755,Hatchback,Manual,1,Maruti Baleno,2018,1.2 Delta,Hyderabad,Not Available,Petrol,60053.0,5,29.0,600000,6
3756,SUV,Manual,1,Nissan Magnite,2021,XV Premium DT BSVI,Hyderabad,Third Party insurance,Petrol,23316.0,5,29.0,813000,3
3757,Hatchback,Automatic,2,Renault KWID,2017,1.0 AMT RXT,Hyderabad,Third Party insurance,Petrol,50000.0,5,29.0,350000,7
3758,Hatchback,Manual,2,Hyundai Santro Xing,2007,GLS,Hyderabad,Third Party insurance,Petrol,100000.0,5,29.0,155000,17
3759,Hatchback,Manual,2,Hyundai EON,2016,LPG Era Plus Option,Hyderabad,Third Party insurance,LPG,60000.0,5,29.0,180000,8
3760,Hatchback,Manual,1,Tata Indica V2,2015,DLS BSIII,Hyderabad,Third Party insurance,Diesel,120000.0,5,29.0,180000,9
3761,Hatchback,Manual,1,Maruti Swift,2019,VDI,Hyderabad,Third Party insurance,Diesel,70000.0,5,29.0,700000,5
3762,SUV,Manual,2,Nissan Magnite,2022,XE BSVI,Hyderabad,Third Party insurance,Petrol,10000.0,5,29.0,640000,2
3763,Hatchback,Manual,2,Renault KWID,2016,RXT Optional,Hyderabad,Third Party insurance,Petrol,42203.0,5,29.0,290000,8
3764,SUV,Automatic,1,Maruti SX4 S Cross,2020,Alpha AT,Hyderabad,Comprehensive,Petrol,27653.0,5,29.0,999000,4
3765,Hatchback,Manual,1,Datsun GO,2016,T,Hyderabad,Third Party insurance,Petrol,67429.0,5,29.0,286000,8
3766,Hatchback,Manual,1,Renault KWID,2017,1.0 RXT,Hyderabad,Third Party insurance,Petrol,65192.0,5,29.0,293000,7
3767,Hatchback,Manual,1,Tata Altroz,2021,XZ Diesel BSVI,Hyderabad,Comprehensive,Diesel,26893.0,5,29.0,753000,3
3768,Sedan,Automatic,2,Chevrolet Cruze,2010,LTZ AT,Hyderabad,Third Party insurance,Diesel,90000.0,5,29.0,350000,14
3769,SUV,Manual,2,Maruti Vitara Brezza,2018,LDi,Hyderabad,Third Party insurance,Diesel,70167.0,5,29.0,688000,6
3770,Minivans,Manual,2,Maruti Eeco,2016,5 Seater AC BSIV,Hyderabad,Third Party insurance,Petrol,84542.0,5,29.0,376000,8
3771,Hatchback,Automatic,1,Volkswagen Polo,2015,GT TSI,Hyderabad,Third Party insurance,Petrol,50000.0,5,29.0,600000,9
3772,Hatchback,Manual,1,Maruti Alto 800,2017,VXI,Hyderabad,Third Party,Petrol,36027.0,5,29.0,325000,7
3773,Hatchback,Automatic,1,Volkswagen Polo,2015,GT TSI,Hyderabad,Third Party insurance,Petrol,50000.0,5,29.0,600000,9
3774,Hatchback,Automatic,1,Volkswagen Polo,2015,GT TSI,Hyderabad,Third Party insurance,Petrol,50000.0,5,29.0,600000,9
3775,Hatchback,Manual,1,Ford Figo,2013,Petrol EXI,Hyderabad,Third Party insurance,Petrol,10000.0,5,29.0,400000,11
3776,Sedan,Manual,1,Honda Amaze,2021,VX Petrol,Hyderabad,Third Party insurance,Petrol,40000.0,5,29.0,720000,3
3777,SUV,Manual,1,Honda WR-V,2021,VX,Hyderabad,Third Party,Petrol,77687.0,5,29.0,1064000,3
3778,Hatchback,Manual,1,Maruti Baleno,2016,1.2 Alpha,Hyderabad,Comprehensive,Petrol,52456.0,5,29.0,647000,8
3779,Hatchback,Manual,1,Honda Jazz,2021,ZX,Hyderabad,Third Party insurance,Petrol,42674.0,5,29.0,846000,3
3780,Hatchback,Manual,1,Maruti S-Presso,2019,VXI Plus 2019-2022,Hyderabad,Third Party insurance,Petrol,44903.0,5,29.0,458000,5
3781,Hatchback,Manual,1,Maruti Wagon R,2008,LXI,Hyderabad,Third Party insurance,Petrol,65000.0,5,29.0,195000,16
3782,Hatchback,Manual,2,Maruti Swift,2013,VXI,Hyderabad,Comprehensive,Petrol,72205.0,5,29.0,425000,11
3783,SUV,Manual,1,Ford Ecosport,2015,1.5 TDCi Titanium BSIV,Hyderabad,Third Party insurance,Diesel,70000.0,5,29.0,650000,9
3784,Hatchback,Manual,2,Volkswagen Polo,2019,1.0 MPI Comfortline,Hyderabad,Third Party,Petrol,101306.0,5,29.0,584000,5
3785,Hatchback,Manual,2,Hyundai i10,2009,Magna,Hyderabad,Third Party insurance,Petrol,60000.0,5,29.0,220000,15
3786,Hatchback,Manual,1,Maruti Swift,2018,VXI,Hyderabad,Third Party insurance,Petrol,81028.0,5,29.0,619000,6
3787,SUV,Manual,1,Honda WR-V,2018,i-DTEC VX,Hyderabad,Third Party insurance,Diesel,80000.0,5,29.0,700000,6
3788,Sedan,Manual,1,Maruti Swift Dzire,2016,LDI,Hyderabad,Third Party insurance,Diesel,120000.0,5,29.0,450000,8
3789,Hatchback,Manual,2,Hyundai Santro Xing,2010,GL,Hyderabad,Third Party insurance,Petrol,120000.0,5,29.0,180000,14
3790,Hatchback,Manual,3,Renault KWID,2016,RXT,Hyderabad,Not Available,Petrol,52442.0,5,29.0,224000,8
3791,SUV,Manual,2,Renault Duster,2014,110PS Diesel RxL,Hyderabad,Not Available,Diesel,90001.0,5,29.0,381000,10
3792,Hatchback,Manual,3,Maruti Swift,2014,VXI,Hyderabad,Third Party insurance,Petrol,87966.0,5,29.0,459000,10
3793,Hatchback,Manual,1,Maruti Baleno,2019,1.2 Delta,Hyderabad,Third Party insurance,Petrol,105614.0,5,29.0,631000,5
3794,Sedan,Manual,1,Honda City,2020,V MT,Hyderabad,Not Available,Petrol,11249.0,5,29.0,951000,4
3795,Hatchback,Manual,2,Hyundai Grand i10,2018,1.2 Kappa Sportz BSIV,Hyderabad,Comprehensive,Petrol,39264.0,5,29.0,532000,6
3796,Hatchback,Manual,1,Maruti Alto 800,2017,LXI Optional,Hyderabad,Third Party,Petrol,68359.0,5,29.0,301000,7
3797,Hatchback,Manual,1,Hyundai i10,2010,Magna 1.1L,Hyderabad,Not Available,Petrol,49500.0,5,29.0,245000,14
3798,Hatchback,Automatic,2,Volkswagen Polo,2021,GT 1.0 TSI,Hyderabad,Third Party,Petrol,51466.0,5,29.0,978000,3
3799,Sedan,Manual,2,Volkswagen Vento,2013,Diesel Highline,Hyderabad,Not Available,Diesel,99929.0,5,29.0,315000,11
3800,Hatchback,Manual,1,Maruti Wagon R,2013,VXI BS IV,Hyderabad,Third Party,Petrol,64628.0,5,29.0,345000,11
3801,Hatchback,Automatic,1,Maruti Ignis,2018,Alpha AMT BSVI,Hyderabad,Third Party insurance,Petrol,79151.0,5,29.0,574000,6
3802,Hatchback,Manual,1,Maruti Celerio,2017,ZXI,Hyderabad,Comprehensive,Petrol,78131.0,5,29.0,405000,7
3803,SUV,Manual,1,Maruti Vitara Brezza,2017,ZDi Plus Dual Tone,Hyderabad,Zero Dep,Diesel,103256.0,5,29.0,827999,7
3804,SUV,Manual,1,Maruti Vitara Brezza,2021,VXI,Hyderabad,Not Available,Petrol,45794.0,5,29.0,779000,3
3805,Sedan,Manual,1,Maruti Swift Dzire,2022,VXI BSVI,Hyderabad,Third Party insurance,Petrol,20000.0,5,29.0,785000,2
3806,Sedan,Manual,2,Chevrolet Sail,2015,1.2 LS ABS,Hyderabad,Third Party insurance,Petrol,80000.0,5,29.0,230000,9
3807,SUV,Automatic,1,Ford Ecosport,2015,1.5 Ti VCT AT Titanium,Hyderabad,Third Party insurance,Petrol,60000.0,5,29.0,630000,9
3808,Hatchback,Manual,3,Hyundai i20,2016,Sportz 1.2,Hyderabad,Third Party,Petrol,67407.0,5,29.0,585000,8
3809,Hatchback,Manual,2,Maruti S-Presso,2019,VXI Plus 2019-2022,Hyderabad,Comprehensive,Petrol,58713.0,5,29.0,442000,5
3810,Sedan,Automatic,1,Volkswagen Jetta,2016,2.0L TDI Highline AT,Hyderabad,Third Party insurance,Diesel,90000.0,5,29.0,1000000,8
3811,Hatchback,Manual,1,Hyundai Grand i10 Nios,2021,Magna,Hyderabad,Third Party,Petrol,33798.0,5,29.0,618000,3
3812,Hatchback,Manual,1,Hyundai Grand i10,2016,Sportz,Hyderabad,Third Party insurance,Petrol,33190.0,5,29.0,490000,8
3813,Hatchback,Manual,1,Maruti Swift,2020,VXI,Hyderabad,Third Party insurance,Petrol,30000.0,5,29.0,585000,4
3814,Hatchback,Manual,2,Hyundai i20,2016,Sportz 1.2,Hyderabad,Third Party insurance,Petrol,56346.0,5,29.0,588000,8
3815,Sedan,Manual,1,Maruti Ciaz,2017,1.3 Alpha,Hyderabad,Third Party insurance,Diesel,80000.0,5,29.0,850000,7
3816,Hatchback,Automatic,2,Maruti Baleno,2018,1.2 CVT Alpha,Hyderabad,Third Party insurance,Petrol,59512.0,5,29.0,704000,6
3817,Hatchback,Automatic,2,Maruti Ignis,2017,1.3 AMT Zeta,Hyderabad,Third Party insurance,Diesel,81342.0,5,29.0,583000,7
3818,SUV,Manual,1,Jeep Compass,2018,2.0 Longitude Option BSIV,Hyderabad,Third Party insurance,Diesel,40000.0,5,29.0,1500000,6
3819,Hatchback,Automatic,1,Hyundai i20 N Line,2022,N8 DCT Dual Tone BSVI,Hyderabad,Third Party insurance,Petrol,10000.0,5,29.0,1150000,2
3820,SUV,Automatic,1,Ford Ecosport,2015,1.5 Ti VCT AT Titanium,Hyderabad,Third Party insurance,Petrol,60000.0,5,29.0,630000,9
3821,Sedan,Manual,1,Maruti Swift Dzire,2017,VDI Optional,Hyderabad,Third Party insurance,Diesel,110000.0,5,29.0,650000,7
3822,SUV,Manual,1,Honda WR-V,2017,i-DTEC VX,Hyderabad,Third Party insurance,Diesel,30000.0,5,29.0,720000,7
3823,Hatchback,Manual,1,Maruti Alto K10,2018,VXI,Hyderabad,Comprehensive,Petrol,44478.0,5,29.0,350000,6
3824,Hatchback,Manual,2,Hyundai Grand i10 Nios,2020,Sportz,Hyderabad,Third Party insurance,Petrol,29765.0,5,29.0,646000,4
3825,Hatchback,Manual,1,Maruti Baleno,2017,1.2 Delta,Hyderabad,Comprehensive,Petrol,83688.0,5,29.0,570000,7
3826,Hatchback,Automatic,2,Hyundai Grand i10,2018,1.2 Kappa Sportz Option AT,Hyderabad,Comprehensive,Petrol,52704.0,5,29.0,586000,6
3827,SUV,Manual,2,Jeep Compass,2017,2.0 Sport,Hyderabad,Third Party insurance,Diesel,40000.0,5,29.0,1250000,7
3828,Hatchback,Manual,2,Maruti Ignis,2019,1.2 Delta BSIV,Hyderabad,Third Party insurance,Petrol,51278.0,5,29.0,504000,5
3829,SUV,Manual,1,Ford Ecosport,2013,1.5 DV5 MT Titanium,Hyderabad,Third Party insurance,Diesel,110000.0,5,29.0,450000,11
3830,Hatchback,Manual,1,Maruti Wagon R,2015,VXI BS IV,Hyderabad,Third Party,Petrol,89218.0,5,29.0,336000,9
3831,Sedan,Automatic,1,Maruti Swift Dzire,2018,AMT ZDI Plus,Hyderabad,Third Party insurance,Diesel,88900.0,5,29.0,798000,6
3832,Hatchback,Manual,1,Chevrolet Spark,2009,1.0 LT Option Pack w/ Airbag,Hyderabad,Third Party insurance,Petrol,70000.0,5,29.0,100000,15
3833,Hatchback,Manual,1,Renault KWID,2018,1.0 RXT Optional,Hyderabad,Third Party insurance,Petrol,96639.0,5,29.0,362000,6
3834,Sedan,Manual,1,Honda Amaze,2019,VX Petrol BSIV,Hyderabad,Comprehensive,Petrol,19100.0,5,29.0,750000,5
3835,Hatchback,Manual,2,Tata Tiago,2021,XT BSVI,Hyderabad,Third Party insurance,Petrol,10000.0,5,29.0,700000,3
3836,Sedan,Manual,1,Skoda Rapid,2019,1.6 MPI Style BSIV,Hyderabad,Third Party insurance,Petrol,50000.0,5,29.0,830000,5
3837,Hatchback,Manual,1,Hyundai i20,2011,1.2 Magna,Hyderabad,Third Party insurance,Petrol,114000.0,5,29.0,280000,13
3838,Hatchback,Manual,1,Hyundai Santro,2019,Asta BSIV,Hyderabad,Comprehensive,Petrol,57435.0,5,29.0,485000,5
3839,Hatchback,Manual,2,Hyundai Santro,2019,Asta BSIV,Hyderabad,Third Party insurance,Petrol,24978.0,5,29.0,495000,5
3840,Sedan,Automatic,1,Hyundai Xcent,2016,1.2 Kappa S AT,Hyderabad,Not Available,Petrol,73322.0,5,29.0,450000,8
3841,Hatchback,Manual,2,Honda Brio,2014,S MT,Hyderabad,Third Party insurance,Petrol,47784.0,5,29.0,397000,10
3842,Hatchback,Automatic,1,Toyota Glanza,2020,G CVT,Hyderabad,Third Party insurance,Petrol,80643.0,5,29.0,716000,4
3843,Sedan,Manual,1,Skoda Rapid,2019,1.6 MPI Style BSIV,Hyderabad,Not Available,Petrol,48683.0,5,29.0,830000,5
3844,Hatchback,Manual,1,Maruti Wagon R Stingray,2016,VXI,Hyderabad,Third Party insurance,Petrol,87908.0,5,29.0,380000,8
3845,Sedan,Manual,1,Chevrolet Sail,2013,1.2 LS ABS,Hyderabad,Third Party insurance,Petrol,120000.0,5,29.0,200000,11
3846,Hatchback,Automatic,1,Maruti Celerio,2016,ZXI AT Optional,Hyderabad,Comprehensive,Petrol,61822.0,5,29.0,460000,8
3847,Hatchback,Manual,1,Maruti Alto 800,2021,VXI BSVI,Hyderabad,Third Party,Petrol,23748.0,5,29.0,410000,3
3848,Hatchback,Manual,2,Volkswagen Polo,2010,Petrol Comfortline 1.2L,Hyderabad,Third Party insurance,Petrol,120000.0,5,29.0,250000,14
3849,Hatchback,Automatic,1,Maruti Wagon R,2016,AMT VXI Option,Hyderabad,Third Party insurance,Petrol,84484.0,5,29.0,408000,8
3850,Hatchback,Automatic,1,Renault KWID,2018,1.0 AMT RXT,Hyderabad,Third Party insurance,Petrol,10000.0,5,29.0,400000,6
3851,Hatchback,Automatic,1,Renault KWID,2018,1.0 AMT RXT,Hyderabad,Third Party insurance,Petrol,10000.0,5,29.0,400000,6
3852,Hatchback,Automatic,1,Mercedes-Benz B Class,2014,B180 Sports,Hyderabad,Third Party insurance,Petrol,60000.0,5,29.0,1100000,10
3853,Hatchback,Automatic,2,Maruti Swift,2018,AMT ZXI Plus,Hyderabad,Third Party insurance,Petrol,50000.0,5,29.0,650000,6
3854,Hatchback,Manual,1,Tata Bolt,2015,Quadrajet XE,Hyderabad,Third Party insurance,Diesel,100000.0,5,29.0,350000,9
3855,Hatchback,Manual,1,Maruti Alto 800,2014,LXI,Hyderabad,Comprehensive,Petrol,70145.0,5,29.0,255000,10
3856,SUV,Manual,1,Honda WR-V,2021,SV,Hyderabad,Comprehensive,Petrol,70226.0,5,29.0,836000,3
3857,SUV,Automatic,1,Tata Nexon,2021,XZA Plus DT Roof (O) AMT,Hyderabad,Third Party insurance,Petrol,30000.0,5,29.0,1175000,3
3858,Hatchback,Manual,2,Maruti Wagon R,2015,VXI BS IV,Hyderabad,Third Party insurance,Petrol,67993.0,5,29.0,363000,9
3859,Hatchback,Automatic,2,Maruti Baleno,2018,1.2 CVT Alpha,Hyderabad,Comprehensive,Petrol,73224.0,5,29.0,729000,6
3860,Sedan,Manual,2,Honda City,2017,i VTEC VX,Hyderabad,Comprehensive,Petrol,75199.0,5,29.0,773000,7
3861,SUV,Manual,1,Jeep Compass,2018,2.0 Longitude Option BSIV,Hyderabad,Third Party insurance,Diesel,40000.0,5,29.0,1450000,6
3862,Hatchback,Manual,1,Maruti Swift,2016,ZXI,Hyderabad,Third Party insurance,Petrol,58671.0,5,29.0,590000,8
3863,Hatchback,Manual,1,Maruti Swift,2019,VXI,Hyderabad,Zero Dep,Petrol,54187.0,5,29.0,582000,5
3864,Hatchback,Manual,2,Hyundai i20,2014,Asta 1.2,Hyderabad,Comprehensive,Petrol,63457.0,5,29.0,552000,10
3865,Sedan,Manual,1,Honda City,2014,i DTEC VX,Hyderabad,Not Available,Diesel,117189.0,5,29.0,500000,10
3866,SUV,Manual,1,Toyota Urban cruiser,2021,Mid,Hyderabad,Third Party insurance,Petrol,20000.0,5,29.0,950000,3
3867,SUV,Manual,1,Ford Ecosport,2020,1.5 Petrol Titanium,Hyderabad,Not Available,Petrol,12727.0,5,29.0,819999,4
3868,Hatchback,Manual,1,Hyundai Santro Xing,2009,GLS,Hyderabad,Third Party insurance,Petrol,50000.0,5,29.0,180000,15
3869,SUV,Manual,1,Kia Sonet,2022,HTX Plus Turbo iMT BSVI,Hyderabad,Third Party insurance,Petrol,20000.0,5,29.0,1300000,2
3870,Hatchback,Manual,2,Datsun RediGO,2019,S,Hyderabad,Comprehensive,Petrol,58547.0,5,29.0,341000,5
3871,Hatchback,Manual,1,Hyundai i20 Active,2018,1.2 SX Dual Tone,Hyderabad,Third Party,Petrol,70784.0,5,29.0,708000,6
3872,Hatchback,Manual,2,Maruti Ritz,2014,ZXi,Hyderabad,Comprehensive,Petrol,94681.0,5,29.0,367000,10
3873,Sedan,Manual,1,Skoda Rapid,2016,1.5 TDI Style BSIV,Hyderabad,Third Party,Diesel,100456.0,5,29.0,765000,8
3874,Sedan,Manual,2,Honda Civic,2008,1.8 V MT,Hyderabad,Third Party insurance,Petrol,80000.0,5,29.0,250000,16
3875,Hatchback,Manual,2,Maruti Swift,2013,VXI,Hyderabad,Comprehensive,Petrol,95036.0,5,29.0,425000,11
3876,Hatchback,Manual,2,Hyundai EON,2015,D Lite Plus,Hyderabad,Comprehensive,Petrol,96632.0,5,29.0,260000,9
3877,Sedan,Manual,2,Honda Civic,2008,1.8 V MT,Hyderabad,Third Party insurance,Petrol,80000.0,5,29.0,250000,16
3878,Hatchback,Manual,1,Maruti Alto 800,2015,LXI,Hyderabad,Third Party insurance,Petrol,60976.0,5,29.0,257000,9
3879,SUV,Automatic,1,Audi Q5,2010,2.0 TFSI Quattro,Hyderabad,Third Party insurance,Petrol,92000.0,5,29.0,1150000,14
3880,Sedan,Manual,1,Chevrolet Sail,2013,1.3 LS,Hyderabad,Third Party insurance,Diesel,93000.0,5,29.0,315000,11
3881,SUV,Automatic,1,Tata Punch,2022,Creative AMT DT BSVI,Hyderabad,Third Party insurance,Petrol,10000.0,5,29.0,980000,2
3882,SUV,Manual,2,Maruti Vitara Brezza,2017,ZDi,Hyderabad,Third Party insurance,Diesel,70451.0,5,29.0,821000,7
3883,Hatchback,Automatic,2,Maruti Swift,2018,VXI AMT,Hyderabad,Third Party insurance,Petrol,73838.0,5,29.0,568000,6
3884,Hatchback,Manual,1,Renault KWID,2020,RXT,Hyderabad,Third Party,Petrol,22726.0,5,29.0,446000,4
3885,Hatchback,Automatic,2,Maruti Ignis,2017,1.3 AMT Zeta,Hyderabad,Third Party insurance,Diesel,98700.0,5,29.0,555000,7
3886,Hatchback,Manual,2,Maruti Baleno,2018,1.3 Sigma,Hyderabad,Comprehensive,Diesel,97909.0,5,29.0,559000,6
3887,SUV,Manual,1,Ford Ecosport,2020,1.5 Diesel Titanium,Hyderabad,Third Party insurance,Diesel,30000.0,5,29.0,1050000,4
3888,Hatchback,Manual,2,Hyundai Grand i10,2013,Sportz,Hyderabad,Comprehensive,Petrol,77945.0,5,29.0,412000,11
3889,Sedan,Manual,1,Maruti Swift Dzire,2017,VXI 1.2,Hyderabad,Comprehensive,Petrol,86017.0,5,29.0,615000,7
3890,Hatchback,Manual,1,Maruti Wagon R,2017,VXI BS IV,Hyderabad,Comprehensive,Petrol,83596.0,5,29.0,390000,7
3891,Sedan,Manual,1,Maruti Swift Dzire,2022,VXI BSVI,Hyderabad,Third Party insurance,Petrol,50000.0,5,29.0,750000,2
3892,SUV,Manual,1,Mahindra XUV300,2022,W8 BSVI,Hyderabad,Third Party insurance,Petrol,10000.0,5,29.0,1320000,2
3893,Hatchback,Manual,1,Ford Figo,2015,1.5D Base MT,Hyderabad,Third Party insurance,Diesel,100000.0,5,29.0,220000,9
3894,SUV,Manual,1,Maruti SX4 S Cross,2018,Zeta DDiS 200 SH,Hyderabad,Not Available,Diesel,79464.0,5,29.0,850000,6
3895,Sedan,Manual,1,Maruti Swift Dzire,2016,VXI,Hyderabad,Third Party insurance,Petrol,87113.0,5,29.0,523000,8
3896,Sedan,Manual,1,Maruti Swift Dzire,2015,ZXI,Hyderabad,Comprehensive,Petrol,52315.0,5,29.0,583000,9
3897,Hatchback,Manual,2,Hyundai Grand i10,2015,Asta,Hyderabad,Comprehensive,Petrol,60817.0,5,29.0,451000,9
3898,Sedan,Manual,2,Hyundai Xcent,2018,1.2 CRDi SX Option,Hyderabad,Comprehensive,Diesel,55797.0,5,29.0,668000,6
3899,SUV,Manual,1,Maruti Vitara Brezza,2017,ZDi,Hyderabad,Third Party,Diesel,64285.0,5,29.0,824000,7
3900,Sedan,Automatic,1,Maruti Swift Dzire,2016,AMT ZDI,Hyderabad,Third Party insurance,Diesel,85948.0,5,29.0,622000,8
3901,Sedan,Manual,3,Honda City,2013,S,Hyderabad,Comprehensive,Petrol,105746.0,5,29.0,425000,11
3902,Sedan,Manual,1,Volkswagen Vento,2020,1.0 TSI Highline Plus,Hyderabad,Third Party,Petrol,45949.0,5,29.0,1020000,4
3903,Sedan,Automatic,1,Audi A6,2012,2.0 TDI Premium Plus,Hyderabad,Third Party insurance,Diesel,83000.0,5,29.0,1499000,12
3904,Hatchback,Manual,1,Hyundai i10,2008,Sportz 1.2,Hyderabad,Third Party insurance,Petrol,60000.0,5,29.0,249000,16
3905,Hatchback,Manual,1,Hyundai i20 Active,2018,S Diesel,Hyderabad,Third Party insurance,Diesel,75000.0,5,29.0,799000,6
3906,Hatchback,Manual,1,Maruti Swift,2013,VDI,Hyderabad,Third Party insurance,Diesel,71000.0,5,29.0,390000,11
3907,Sedan,Manual,1,Hyundai Verna,2015,1.6 SX VTVT,Hyderabad,Third Party insurance,Petrol,84000.0,5,29.0,580000,9
3908,Hatchback,Manual,1,Maruti Celerio,2018,ZXI Optional MT BSIV,Hyderabad,Third Party insurance,Petrol,110000.0,5,29.0,380000,6
3909,Hatchback,Manual,1,Hyundai i10,2011,Magna,Hyderabad,Third Party insurance,Petrol,48659.0,5,29.0,264000,13
3910,Hatchback,Automatic,1,Hyundai Santro,2019,Sportz AMT BSIV,Hyderabad,Third Party insurance,Petrol,26970.0,5,29.0,531000,5
3911,Sedan,Manual,1,Mercedes-Benz C-Class,2007,C 200 Kompressor Elegance MT,Hyderabad,Third Party insurance,Petrol,92000.0,5,29.0,525000,17
3912,SUV,Manual,1,Tata Nexon,2022,XM Diesel BSVI,Hyderabad,Third Party,Diesel,29766.0,5,29.0,1024000,2
3913,Hatchback,Manual,1,Renault KWID,2022,CLIMBER BSVI,Hyderabad,Comprehensive,Petrol,6580.0,5,29.0,552000,2
3914,SUV,Automatic,2,BMW X1,2011,sDrive20d,Hyderabad,Third Party insurance,Diesel,80000.0,5,29.0,950000,13
3915,Hatchback,Manual,2,Maruti Swift,2012,VXI,Hyderabad,Third Party insurance,Petrol,98910.0,5,29.0,382000,12
3916,SUV,Automatic,2,BMW X1,2011,sDrive20d,Hyderabad,Third Party insurance,Diesel,80000.0,5,29.0,950000,13
3917,Sedan,Automatic,1,Maruti Ciaz,2017,1.4 AT Delta,Hyderabad,Third Party insurance,Petrol,48247.0,5,29.0,715000,7
3918,Hatchback,Manual,2,Honda Brio,2016,S MT,Hyderabad,Third Party insurance,Petrol,54515.0,5,29.0,382000,8
3919,SUV,Manual,2,Maruti Vitara Brezza,2018,VDi,Hyderabad,Third Party insurance,Diesel,10000.0,5,29.0,860000,6
3920,Hatchback,Manual,1,Maruti Baleno,2017,1.2 Alpha,Hyderabad,Comprehensive,Petrol,80546.0,5,29.0,635000,7
3921,Hatchback,Manual,2,Maruti Wagon R,2013,DUO LPG,Hyderabad,Third Party insurance,LPG,10000.0,5,29.0,325000,11
3922,Hatchback,Manual,2,Maruti Alto,2008,LXi,Hyderabad,Third Party insurance,Petrol,20000.0,5,29.0,120000,16
3923,SUV,Manual,1,Tata Punch,2022,Creative BSVI,Hyderabad,Third Party insurance,Petrol,20000.0,5,29.0,850000,2
3924,Sedan,Manual,3,Tata Manza,2012,Aura (ABS) Safire BS IV,Hyderabad,Third Party insurance,Petrol,110000.0,5,29.0,170000,12
3925,Hatchback,Manual,1,Hyundai i10,2014,Sportz 1.1L,Hyderabad,Comprehensive,Petrol,87773.0,5,29.0,327000,10
3926,Sedan,Manual,1,Honda Amaze,2018,S Petrol BSIV,Hyderabad,Comprehensive,Petrol,81854.0,5,29.0,627000,6
3927,Hatchback,Manual,1,Maruti Swift,2012,VDI,Hyderabad,Third Party insurance,Diesel,110000.0,5,29.0,350000,12
3928,SUV,Manual,1,Tata Nexon,2021,XZ Plus BSVI,Hyderabad,Third Party,Petrol,33090.0,5,29.0,993000,3
3929,Sedan,Manual,2,Maruti Ciaz,2016,VXi Plus,Hyderabad,Third Party insurance,Petrol,76071.0,5,29.0,550000,8
3930,Hatchback,Manual,3,Renault KWID,2016,RXT,Hyderabad,Third Party insurance,Petrol,60000.0,5,29.0,250000,8
3931,Sedan,Manual,2,Volkswagen Vento,2011,Diesel Highline,Hyderabad,Third Party insurance,Diesel,110000.0,5,29.0,270000,13
3932,SUV,Manual,3,Ford Ecosport,2017,1.5 TDCi Titanium BSIV,Hyderabad,Comprehensive,Diesel,89576.0,5,29.0,669000,7
3933,Sedan,Manual,1,Honda Amaze,2021,S BSVI,Hyderabad,Third Party insurance,Petrol,16925.0,5,29.0,706000,3
3934,Hatchback,Manual,1,Maruti Alto 800,2013,LXI,Hyderabad,Third Party insurance,Petrol,12000.0,5,29.0,245000,11
3935,SUV,Automatic,2,Tata Nexon,2019,1.5 Revotorq XMA,Hyderabad,Third Party insurance,Diesel,50000.0,5,29.0,850000,5
3936,Hatchback,Manual,2,Hyundai i20,2015,Asta 1.4 CRDi,Bangalore,Third Party insurance,Diesel,120000.0,5,29.0,510000,9
3937,Hatchback,Manual,1,Maruti Swift,2012,VXI,Bangalore,Third Party,Petrol,66951.0,5,29.0,381000,12
3938,Hatchback,Automatic,2,Maruti Celerio,2016,VXI AT,Bangalore,Third Party insurance,Petrol,80000.0,5,29.0,320000,8
3939,Hatchback,Manual,1,Hyundai Grand i10,2017,1.2 Kappa Magna BSIV,Bangalore,Third Party insurance,Petrol,44392.0,5,29.0,420000,7
3940,Hatchback,Automatic,1,Maruti Wagon R,2016,AMT VXI,Bangalore,Third Party insurance,Petrol,40000.0,5,29.0,350000,8
3941,Sedan,Manual,2,Hyundai Verna,2007,CRDi,Bangalore,Third Party insurance,Diesel,150000.0,5,29.0,150000,17
3942,Sedan,Manual,2,Hyundai Xcent,2016,1.2 Kappa S Celebration Edition,Bangalore,Comprehensive,Petrol,91771.0,5,29.0,489000,8
3943,Sedan,Automatic,1,Skoda Superb,2011,Elegance 2.0 TDI CR AT,Bangalore,Third Party insurance,Diesel,90000.0,5,29.0,425000,13
3944,SUV,Automatic,1,BMW X1,2014,sDrive20d,Bangalore,Comprehensive,Diesel,58621.0,5,29.0,1375000,10
3945,Sedan,Automatic,1,Skoda Superb,2011,Elegance 2.0 TDI CR AT,Bangalore,Third Party insurance,Diesel,90000.0,5,29.0,450000,13
3946,Hatchback,Manual,3,Hyundai i20,2013,Sportz 1.4 CRDi,Bangalore,Third Party insurance,Diesel,120000.0,5,29.0,350000,11
3947,Sedan,Manual,1,Tata Zest,2017,Quadrajet 1.3 75PS XMS,Bangalore,Third Party insurance,Diesel,120000.0,5,29.0,449000,7
3948,Hatchback,Automatic,1,Hyundai i10,2011,Sportz AT,Bangalore,Comprehensive,Petrol,53165.0,5,29.0,295000,13
3949,Sedan,Automatic,1,BMW 7 Series,2020,730Ld DPE Signature,Bangalore,Comprehensive,Diesel,44210.0,5,29.0,0,4
3950,Sedan,Manual,1,Maruti Swift Dzire,2015,LDI Optional,Bangalore,Third Party insurance,Diesel,79215.0,5,29.0,475000,9
3951,SUV,Automatic,1,Tata Nexon,2021,XMA AMT S BSVI,Bangalore,Third Party insurance,Petrol,40000.0,5,29.0,950000,3
3952,SUV,Manual,1,Hyundai Creta,2016,1.6 CRDi SX,Bangalore,Third Party insurance,Diesel,90000.0,5,29.0,1000000,8
3953,Hatchback,Manual,1,Volkswagen Polo,2012,Petrol Trendline 1.2L,Bangalore,Third Party insurance,Petrol,34644.0,5,29.0,252000,12
3954,Hatchback,Manual,2,Maruti Baleno,2021,Delta,Bangalore,Comprehensive,Petrol,23000.0,5,29.0,685000,3
3955,Sedan,Manual,1,Honda City,2015,i VTEC SV,Bangalore,Third Party insurance,Petrol,100000.0,5,29.0,550000,9
3956,Sedan,Automatic,2,Honda Amaze,2018,V CVT Diesel BSIV,Bangalore,Comprehensive,Diesel,95000.0,5,29.0,699000,6
3957,Sedan,Manual,1,Maruti Swift Dzire,2018,ZDI,Bangalore,Comprehensive,Diesel,69000.0,5,29.0,750000,6
3958,Hatchback,Manual,1,Maruti Alto 800,2018,LXI,Bangalore,Comprehensive,Petrol,22000.0,5,29.0,325000,6
3959,Sedan,Automatic,2,BMW 5 Series,2012,520d Sedan,Bangalore,Third Party insurance,Diesel,85000.0,5,29.0,1300000,12
3960,Hatchback,Manual,2,Hyundai i20,2013,Sportz 1.2,Bangalore,Comprehensive,Petrol,63000.0,5,29.0,375000,11
3961,Hatchback,Manual,1,Maruti Baleno,2016,1.3 Delta,Bangalore,Comprehensive,Diesel,77177.0,5,29.0,560000,8
3962,Sedan,Manual,1,Volkswagen Vento,2011,Diesel Trendline,Bangalore,Comprehensive,Diesel,28368.0,5,29.0,590000,13
3963,SUV,Manual,1,Renault Kiger,2022,RXE,Bangalore,Third Party insurance,Petrol,40000.0,5,29.0,555000,2
3964,Hatchback,Manual,1,Maruti Swift,2019,VXI,Bangalore,Third Party insurance,Petrol,40000.0,5,29.0,600000,5
3965,Hatchback,Manual,2,Hyundai EON,2011,Magna Optional,Bangalore,Third Party insurance,Petrol,80000.0,5,29.0,170000,13
3966,Hatchback,Manual,1,Volkswagen Polo,2014,Diesel Comfortline 1.2L,Bangalore,Comprehensive,Diesel,62761.0,5,29.0,343000,10
3967,Hatchback,Manual,1,Maruti Wagon R,2019,VXI 1.2,Bangalore,Zero Dep,Petrol,45075.0,5,29.0,544000,5
3968,SUV,Manual,1,Mahindra XUV300,2021,W8 BSVI,Bangalore,Comprehensive,Petrol,36882.0,5,29.0,990000,3
3969,Hatchback,Manual,1,Hyundai Grand i10,2015,Asta,Bangalore,Comprehensive,Petrol,82030.0,5,29.0,469000,9
3970,Hatchback,Automatic,1,Maruti Baleno,2017,1.2 CVT Zeta,Bangalore,Third Party insurance,Petrol,31469.0,5,29.0,716000,7
3971,SUV,Manual,1,Maruti SX4 S Cross,2022,Zeta,Bangalore,Third Party insurance,Petrol,20000.0,5,29.0,1000000,2
3972,Hatchback,Manual,1,Hyundai i20,2014,Sportz 1.4 CRDi,Bangalore,Third Party insurance,Diesel,120000.0,5,29.0,305000,10
3973,Sedan,Manual,2,Maruti Swift Dzire,2017,VDI Optional,Bangalore,Third Party insurance,Diesel,120000.0,5,29.0,550000,7
3974,SUV,Automatic,3,Audi Q3,2014,2.0 TDI,Bangalore,Third Party insurance,Diesel,90000.0,5,29.0,1300000,10
3975,Sedan,Manual,2,Hyundai Verna,2013,1.6 SX,Bangalore,Third Party insurance,Diesel,90000.0,5,29.0,550000,11
3976,Sedan,Manual,2,Hyundai Accent,2011,Executive LPG,Bangalore,Third Party insurance,LPG,100000.0,5,29.0,210000,13
3977,Hatchback,Manual,1,Maruti Wagon R,2010,LXI Minor,Bangalore,Third Party insurance,Petrol,80000.0,5,29.0,225000,14
3978,Hatchback,Manual,1,Hyundai i20,2018,Petrol Asta Option,Bangalore,Comprehensive,Petrol,43336.0,5,29.0,725000,6
3979,Sedan,Automatic,2,Honda City,2020,VX CVT,Bangalore,Third Party insurance,Petrol,40000.0,5,29.0,1200000,4
3980,Hatchback,Manual,1,Honda Jazz,2021,ZX,Bangalore,Third Party insurance,Petrol,21659.0,5,29.0,775000,3
3981,SUV,Manual,1,Maruti Vitara Brezza,2017,VDi,Bangalore,Third Party insurance,Diesel,80000.0,5,29.0,740000,7
3982,Hatchback,Automatic,1,Maruti Baleno,2018,1.2 CVT Alpha,Bangalore,Third Party insurance,Petrol,63662.0,5,29.0,732000,6
3983,SUV,Manual,1,Maruti SX4 S Cross,2019,Delta DDiS 200 SH,Bangalore,Comprehensive,Diesel,67847.0,5,29.0,850000,5
3984,Sedan,Manual,2,Maruti Swift Dzire,2011,VDi,Bangalore,Third Party insurance,Diesel,110000.0,5,29.0,250000,13
3985,Sedan,Manual,1,Skoda Slavia,2022,1.0 TSI Style BSVI,Bangalore,Third Party insurance,Petrol,20000.0,5,29.0,1473000,2
3986,Sedan,Manual,2,Maruti SX4,2009,VXI,Bangalore,Third Party insurance,Petrol,80000.0,5,29.0,175000,15
3987,SUV,Manual,1,Ford Ecosport,2018,1.5 Diesel Titanium Plus,Bangalore,Third Party insurance,Diesel,76800.0,5,29.0,750000,6
3988,Hatchback,Automatic,1,Maruti Baleno,2017,1.2 CVT Alpha,Bangalore,Comprehensive,Petrol,71711.0,5,29.0,690000,7
3989,Hatchback,Manual,1,Maruti Baleno,2019,1.2 Alpha,Bangalore,Zero Dep,Petrol,28406.0,5,29.0,714000,5
3990,Hatchback,Manual,1,Maruti Celerio,2019,ZXI,Bangalore,Third Party insurance,Petrol,53615.0,5,29.0,492000,5
3991,Hatchback,Manual,2,Hyundai Grand i10,2015,Asta,Bangalore,Third Party,Petrol,33959.0,5,29.0,401000,9
3992,Hatchback,Manual,2,Honda Jazz,2016,1.2 V i VTEC,Bangalore,Comprehensive,Petrol,65300.0,5,29.0,475000,8
3993,Sedan,Manual,2,Maruti Swift Dzire,2014,VDi,Bangalore,Comprehensive,Diesel,81000.0,5,29.0,525000,10
3994,Hatchback,Manual,3,Hyundai EON,2014,1.0 Kappa Magna Plus,Bangalore,Third Party insurance,Petrol,70000.0,5,29.0,175000,10
3995,Hatchback,Manual,3,Hyundai Santro Xing,2010,GLS CNG,Bangalore,Third Party insurance,CNG,150000.0,5,29.0,130000,14
3996,SUV,Manual,1,Kia Sonet,2021,HTX Plus Diesel BSVI,Bangalore,Comprehensive,Diesel,62000.0,5,29.0,1150000,3
3997,SUV,Manual,1,Maruti Vitara Brezza,2020,ZDi,Bangalore,Third Party insurance,Diesel,40000.0,5,29.0,934000,4
3998,Sedan,Manual,1,Volkswagen Vento,2013,Diesel Highline,Bangalore,Third Party insurance,Diesel,110000.0,5,29.0,360000,11
3999,Hatchback,Manual,2,Maruti Alto 800,2007,LXI,Bangalore,Third Party insurance,Petrol,90000.0,5,29.0,150000,17
4000,Sedan,Manual,1,Chevrolet Cruze,2017,LTZ,Bangalore,Third Party insurance,Diesel,120000.0,5,29.0,650000,7
4001,Hatchback,Manual,1,Toyota Glanza,2019,V,Bangalore,Comprehensive,Petrol,76000.0,5,29.0,625000,5
4002,Hatchback,Manual,2,Hyundai Grand i10,2018,1.2 Kappa Asta,Bangalore,Comprehensive,Petrol,100977.0,5,29.0,496000,6
4003,Sedan,Manual,1,Honda City,2015,i DTEC VX,Bangalore,Comprehensive,Diesel,81000.0,5,29.0,675000,9
4004,SUV,Manual,1,Tata Nexon,2019,XZ Plus Diesel BSVI,Bangalore,Comprehensive,Diesel,35000.0,5,29.0,830000,5
4005,SUV,Automatic,2,Hyundai Creta,2016,1.6 CRDi AT S Plus,Bangalore,Comprehensive,Diesel,125000.0,5,29.0,950000,8
4006,Hatchback,Manual,2,Hyundai Grand i10,2019,Sportz,Bangalore,Comprehensive,Petrol,83000.0,5,29.0,470000,5
4007,SUV,Manual,1,Hyundai Creta,2017,1.4 CRDi S,Bangalore,Third Party insurance,Diesel,84000.0,5,29.0,850000,7
4008,Hatchback,Manual,1,Tata Tiago,2023,XT BSVI,Bangalore,Third Party insurance,Petrol,10000.0,5,29.0,665000,1
4009,Sedan,Manual,1,Volkswagen Vento,2013,Diesel Highline,Bangalore,Third Party insurance,Diesel,110000.0,5,29.0,360000,11
4010,Hatchback,Automatic,2,Honda Jazz,2019,VX CVT,Bangalore,Third Party insurance,Petrol,56000.0,5,29.0,600000,5
4011,SUV,Manual,2,Ford Ecosport,2013,1.5 DV5 MT Titanium,Bangalore,Third Party insurance,Diesel,120000.0,5,29.0,360000,11
4012,Hatchback,Manual,1,Hyundai i20,2015,Sportz Option 1.4 CRDi,Bangalore,Comprehensive,Diesel,75000.0,5,29.0,625000,9
4013,SUV,Manual,1,Honda WR-V,2019,i-VTEC S,Bangalore,Comprehensive,Petrol,26633.0,5,29.0,740000,5
4014,Hatchback,Manual,2,Maruti Alto,2009,LXi,Bangalore,Third Party insurance,Petrol,100000.0,5,29.0,142000,15
4015,Sedan,Automatic,2,Honda City,2020,VX CVT,Bangalore,Third Party insurance,Petrol,40000.0,5,29.0,1200000,4
4016,Hatchback,Manual,1,Hyundai Santro,2022,Sportz,Bangalore,Third Party,Petrol,4527.0,5,29.0,575000,2
4017,SUV,Manual,1,Honda WR-V,2019,i-VTEC VX,Bangalore,Comprehensive,Petrol,50923.0,5,29.0,680000,5
4018,SUV,Manual,1,Maruti Vitara Brezza,2017,ZDi Plus,Bangalore,Comprehensive,Diesel,56123.0,5,29.0,825000,7
4019,Hatchback,Manual,1,Maruti Wagon R,2015,VXI BS IV,Bangalore,Comprehensive,Petrol,64984.0,5,29.0,396000,9
4020,Hatchback,Automatic,2,Maruti Baleno,2019,1.2 CVT Alpha,Bangalore,Zero Dep,Petrol,77561.0,5,29.0,742000,5
4021,SUV,Manual,1,Maruti SX4 S Cross,2018,Zeta DDiS 200 SH,Bangalore,Third Party insurance,Diesel,90000.0,5,29.0,851000,6
4022,SUV,Manual,1,Maruti Vitara Brezza,2018,ZDi Plus,Bangalore,Comprehensive,Diesel,85123.0,5,29.0,840000,6
4023,Sedan,Manual,1,Honda City,2019,i-DTEC SV,Bangalore,Comprehensive,Diesel,90456.0,5,29.0,851000,5
4024,SUV,Manual,1,Jeep Compass,2017,2.0 Longitude BSIV,Bangalore,Comprehensive,Diesel,94215.0,5,29.0,1300000,7
4025,SUV,Manual,1,Honda WR-V,2019,i-VTEC VX,Bangalore,Comprehensive,Petrol,59000.0,5,29.0,775000,5
4026,Sedan,Manual,1,Maruti Ciaz,2017,1.3 Delta,Bangalore,Comprehensive,Diesel,112000.0,5,29.0,700000,7
4027,SUV,Manual,1,Maruti Brezza,2023,Vxi,Bangalore,Third Party insurance,Petrol,20000.0,5,29.0,1100000,1
4028,Hatchback,Manual,1,Maruti Baleno,2020,Sigma,Bangalore,Comprehensive,Petrol,51374.0,5,29.0,600000,4
4029,SUV,Manual,1,Maruti Vitara Brezza,2019,ZDi,Bangalore,Third Party insurance,Diesel,40000.0,5,29.0,900000,5
4030,Hatchback,Manual,2,Maruti Celerio,2019,ZXI MT BSIV,Bangalore,Third Party insurance,Petrol,110000.0,5,29.0,400000,5
4031,SUV,Manual,3,Honda WR-V,2018,i-VTEC VX,Bangalore,Zero Dep,Petrol,48089.0,5,29.0,640000,6
4032,Sedan,Manual,2,Honda City,2018,i-VTEC VX,Bangalore,Third Party insurance,Petrol,51046.0,5,29.0,798000,6
4033,Hatchback,Manual,1,Hyundai Grand i10,2015,Sportz,Bangalore,Third Party,Petrol,62134.0,5,29.0,385000,9
4034,Hatchback,Manual,1,Honda Jazz,2016,1.2 VX i VTEC,Bangalore,Comprehensive,Petrol,54256.0,5,29.0,485000,8
4035,Sedan,Manual,2,Maruti Ciaz,2017,1.4 Zeta,Bangalore,Third Party,Petrol,118046.0,5,29.0,528000,7
4036,SUV,Manual,1,Skoda Kushaq,2021,1.0 TSI Active BSVI,Bangalore,Comprehensive,Petrol,44461.0,5,29.0,1000000,3
4037,Hatchback,Manual,1,Hyundai Grand i10,2020,Sportz,Bangalore,Third Party insurance,Petrol,80000.0,5,29.0,545000,4
4038,Sedan,Manual,1,Maruti Ciaz,2017,1.4 Delta,Bangalore,Comprehensive,Petrol,70123.0,5,29.0,621000,7
4039,SUV,Manual,1,Hyundai Creta,2016,1.4 CRDi S Plus,Bangalore,Third Party insurance,Diesel,80000.0,5,29.0,850000,8
4040,Sedan,Manual,1,Honda City,2019,i-VTEC V,Bangalore,Third Party insurance,Petrol,80000.0,5,29.0,980000,5
4041,Hatchback,Manual,1,Maruti Celerio,2016,ZXI,Bangalore,Comprehensive,Petrol,60000.0,5,29.0,360000,8
4042,SUV,Manual,1,Kia Seltos,2019,GTX Plus,Bangalore,Comprehensive,Petrol,16858.0,5,29.0,1395000,5
4043,Hatchback,Manual,1,Renault KWID,2022,RXL,Bangalore,Third Party,Petrol,7414.0,5,29.0,453000,2
4044,Hatchback,Manual,1,Ford Figo,2020,Trend,Bangalore,Third Party,Petrol,18206.0,5,29.0,534000,4
4045,Sedan,Manual,2,Honda City,2016,i VTEC V,Bangalore,Comprehensive,Petrol,77000.0,5,29.0,610000,8
4046,Sedan,Manual,1,Skoda Slavia,2021,1.0 TSI Active BSVI,Bangalore,Comprehensive,Petrol,44461.0,5,29.0,1000000,3
4047,Hatchback,Manual,2,Maruti Alto 800,2019,LXI,Bangalore,Third Party insurance,Petrol,40000.0,5,29.0,320000,5
4048,Sedan,Manual,1,Maruti Swift Dzire,2022,ZXI BSVI,Bangalore,Third Party insurance,Petrol,20000.0,5,29.0,890000,2
4049,Sedan,Manual,1,Honda Amaze,2020,VX Petrol,Bangalore,Third Party insurance,Petrol,30000.0,5,29.0,725000,4
4050,SUV,Manual,1,Jeep Compass,2017,2.0 Longitude Option BSIV,Bangalore,Third Party insurance,Diesel,120000.0,5,29.0,1150000,7
4051,SUV,Automatic,2,Hyundai Creta,2017,1.6 CRDi AT SX Plus,Bangalore,Third Party insurance,Diesel,90000.0,5,29.0,1010000,7
4052,SUV,Manual,1,Hyundai Creta,2015,1.6 CRDi SX,Bangalore,Third Party insurance,Diesel,80000.0,5,29.0,888000,9
4053,Sedan,Automatic,2,Hyundai Verna,2016,1.6 CRDi AT S,Bangalore,Comprehensive,Diesel,72602.0,5,29.0,695000,8
4054,Hatchback,Manual,1,Hyundai Grand i10,2016,Sportz,Bangalore,Third Party insurance,Petrol,86000.0,5,29.0,425000,8
4055,Hatchback,Manual,1,Renault KWID,2020,1.0 RXL BSVI,Bangalore,Comprehensive,Petrol,32355.0,5,29.0,425000,4
4056,Sedan,Manual,1,Honda City,2020,V MT,Bangalore,Third Party insurance,Petrol,30000.0,5,29.0,1060000,4
4057,Hatchback,Manual,1,Maruti Wagon R,2016,VXI BS IV,Bangalore,Third Party insurance,Petrol,100000.0,5,29.0,400000,8
4058,Hatchback,Manual,2,Maruti Baleno,2022,Zeta BSVI,Bangalore,Zero Dep,Petrol,9909.0,5,29.0,790000,2
4059,Sedan,Manual,2,Honda City,2018,i-VTEC VX,Bangalore,Third Party,Petrol,37811.0,5,29.0,795000,6
4060,Sedan,Manual,3,Tata Manza,2014,Club Class Quadrajet90 LX,Bangalore,Third Party insurance,Diesel,60000.0,5,29.0,252000,10
4061,Sedan,Manual,2,Volkswagen Vento,2015,1.5 TDI Highline,Bangalore,Third Party insurance,Diesel,120000.0,5,29.0,610000,9
4062,Hatchback,Manual,2,Maruti Swift,2018,ZXI Plus,Bangalore,Comprehensive,Petrol,70000.0,5,29.0,650000,6
4063,SUV,Automatic,1,MG Astor,2022,Smart CVT BSVI,Bangalore,Third Party insurance,Petrol,8401.0,5,29.0,1425000,2
4064,SUV,Manual,1,Kia Seltos,2021,HTX G,Bangalore,Comprehensive,Petrol,22289.0,5,29.0,1450000,3
4065,Hatchback,Manual,1,Renault KWID,2018,1.0 RXL 02 Anniversary Edition,Bangalore,Third Party,Petrol,70123.0,5,29.0,285000,6
4066,Hatchback,Automatic,1,Maruti Celerio,2018,ZXI AMT Optional,Bangalore,Comprehensive,Petrol,70123.0,5,29.0,435000,6
4067,Hatchback,Manual,3,Hyundai EON,2016,Era Plus,Bangalore,Third Party insurance,Petrol,100000.0,5,29.0,230000,8
4068,Sedan,Manual,1,Volkswagen Ameo,2017,1.5 TDI Highline Plus,Bangalore,Third Party,Diesel,99643.0,5,29.0,574000,7
4069,SUV,Manual,1,Honda WR-V,2017,i-VTEC VX,Bangalore,Zero Dep,Petrol,103116.0,5,29.0,589000,7
4070,Sedan,Manual,1,Chevrolet Sail,2017,1.3 Base,Bangalore,Third Party insurance,Diesel,120000.0,5,29.0,350000,7
4071,Hatchback,Automatic,1,Maruti Alto K10,2017,VXI AGS Optional,Bangalore,Comprehensive,Petrol,43202.0,5,29.0,377000,7
4072,Hatchback,Manual,3,Hyundai EON,2014,1.0 Era Plus,Bangalore,Comprehensive,Petrol,70000.0,5,29.0,225000,10
4073,Sedan,Manual,2,Maruti Ciaz,2017,1.4 Alpha,Bangalore,Third Party insurance,Petrol,60000.0,5,29.0,600000,7
4074,SUV,Manual,1,Maruti Vitara Brezza,2021,VXI,Bangalore,Third Party insurance,Petrol,60000.0,5,29.0,869999,3
4075,Sedan,Manual,3,Maruti Swift Dzire,2015,VDI,Bangalore,Third Party insurance,Diesel,110000.0,5,29.0,500000,9
4076,Sedan,Manual,1,Maruti Ciaz,2020,Delta BSVI,Bangalore,Third Party insurance,Petrol,60000.0,5,29.0,800000,4
4077,SUV,Manual,1,Jeep Compass,2018,2.0 Limited Plus,Bangalore,Comprehensive,Diesel,62000.0,5,29.0,1500000,6
4078,SUV,Automatic,2,BMW X3,2012,xDrive20d,Bangalore,Third Party insurance,Diesel,120000.0,5,29.0,850000,12
4079,Sedan,Manual,2,Renault Scala,2014,Diesel RxZ,Bangalore,Third Party insurance,Diesel,90000.0,5,29.0,270000,10
4080,Sedan,Manual,3,Hyundai Verna,2013,1.6 CRDI,Bangalore,Third Party insurance,Diesel,120000.0,5,29.0,410000,11
4081,Sedan,Manual,1,Maruti Ciaz,2019,Delta BSIV,Bangalore,Third Party insurance,Petrol,40000.0,5,29.0,725000,5
4082,SUV,Manual,2,Maruti Vitara Brezza,2020,ZXI,Bangalore,Third Party insurance,Petrol,60000.0,5,29.0,900000,4
4083,Hatchback,Manual,1,Maruti Baleno,2018,1.2 Zeta,Bangalore,Third Party insurance,Petrol,50000.0,5,29.0,625000,6
4084,Hatchback,Manual,1,Maruti Baleno,2019,1.2 Zeta,Bangalore,Comprehensive,Petrol,42811.0,5,29.0,665000,5
4085,Hatchback,Manual,1,Maruti Celerio X,2018,ZXI Option BSIV,Bangalore,Zero Dep,Petrol,82558.0,5,29.0,453000,6
4086,Sedan,Manual,1,Maruti Ciaz,2019,Delta BSIV,Bangalore,Third Party insurance,Petrol,40000.0,5,29.0,750000,5
4087,Hatchback,Manual,1,Maruti Baleno,2018,1.2 Delta,Bangalore,Comprehensive,Petrol,95745.0,5,29.0,525000,6
4088,Sedan,Automatic,3,BMW 3 Series,2013,320d Luxury Line,Bangalore,Third Party insurance,Diesel,90000.0,5,29.0,1100000,11
4089,Hatchback,Manual,2,Maruti Baleno,2020,Zeta,Bangalore,Third Party insurance,Petrol,70000.0,5,29.0,680000,4
4090,Hatchback,Manual,2,Maruti Baleno,2020,Zeta,Bangalore,Third Party insurance,Petrol,70000.0,5,29.0,680000,4
4091,SUV,Automatic,2,Honda CR-V,2013,2.4L 4WD AT,Bangalore,Third Party insurance,Petrol,80000.0,5,29.0,1025000,11
4092,Sedan,Manual,3,Hyundai Verna,2016,1.6 CRDi S,Bangalore,Third Party insurance,Diesel,90000.0,5,29.0,650000,8
4093,Hatchback,Manual,2,Maruti Alto 800,2016,VXI,Bangalore,Third Party insurance,Petrol,42000.0,5,29.0,265000,8
4094,SUV,Manual,1,Renault Kiger,2022,RXT DT,Bangalore,Third Party,Petrol,37724.0,5,29.0,675000,2
4095,Sedan,Manual,1,Hyundai Xcent,2017,1.2 VTVT E Plus,Bangalore,Comprehensive,Petrol,94112.0,5,29.0,458000,7
4096,SUV,Manual,1,Toyota Urban cruiser,2021,High,Bangalore,Third Party,Petrol,23848.0,5,29.0,940000,3
4097,Hatchback,Manual,3,Maruti Wagon R,2015,VXI BS IV,Bangalore,Third Party insurance,Petrol,43349.0,5,29.0,327000,9
4098,SUV,Manual,1,Kia Seltos,2021,HTK Plus iMT,Bangalore,Comprehensive,Petrol,17353.0,5,29.0,1390000,3
4099,Hatchback,Manual,2,Maruti Wagon R,2009,LXI Minor,Bangalore,Third Party insurance,Petrol,30000.0,5,29.0,160000,15
4100,Hatchback,Manual,1,Maruti Ignis,2016,1.3 Sigma,Bangalore,Third Party insurance,Diesel,70000.0,5,29.0,295000,8
4101,Hatchback,Manual,1,Renault KWID,2021,RXT,Bangalore,Third Party insurance,Petrol,10000.0,5,29.0,445000,3
4102,SUV,Manual,1,Kia Seltos,2020,HTX Plus Diesel,Bangalore,Comprehensive,Diesel,49017.0,5,29.0,1525000,4
4103,SUV,Manual,1,Hyundai Creta,2015,1.4 CRDi S,Bangalore,Third Party insurance,Diesel,120000.0,5,29.0,700000,9
4104,SUV,Manual,1,Kia Seltos,2019,GTX,Bangalore,Third Party insurance,Petrol,80000.0,5,29.0,1300000,5
4105,Hatchback,Manual,1,Maruti Wagon R,2018,VXI BS IV,Bangalore,Third Party insurance,Petrol,50000.0,5,29.0,390000,6
4106,Hatchback,Automatic,1,Maruti Wagon R,2016,AMT VXI,Bangalore,Third Party insurance,Petrol,40000.0,5,29.0,350000,8
4107,Hatchback,Manual,1,Renault KWID,2021,RXT,Bangalore,Third Party insurance,Petrol,60000.0,5,29.0,450000,3
4108,Hatchback,Manual,2,Maruti Swift,2014,LDI Optional,Bangalore,Third Party insurance,Diesel,70000.0,5,29.0,450000,10
4109,SUV,Manual,1,Hyundai Venue,2019,SX Diesel,Bangalore,Comprehensive,Diesel,87000.0,5,29.0,950000,5
4110,Hatchback,Manual,2,Maruti Swift,2015,VDI BSIV,Bangalore,Third Party,Diesel,81040.0,5,29.0,446000,9
4111,Hatchback,Automatic,1,Volkswagen Polo,2018,GT TSI,Bangalore,Third Party,Petrol,112625.0,5,29.0,672000,6
4112,Hatchback,Manual,1,Hyundai Grand i10,2018,1.2 Kappa Sportz Dual Tone,Bangalore,Comprehensive,Petrol,58374.0,5,29.0,500000,6
4113,Hatchback,Manual,2,Hyundai Grand i10,2014,Asta,Bangalore,Third Party,Petrol,31733.0,5,29.0,409000,10
4114,Hatchback,Manual,1,Maruti Baleno,2019,1.3 Zeta,Bangalore,Zero Dep,Diesel,49616.0,5,29.0,759000,5
4115,Sedan,Manual,1,Honda City,2018,i-VTEC V,Bangalore,Third Party insurance,Petrol,70000.0,5,29.0,825000,6
4116,Sedan,Manual,1,Maruti Ciaz,2016,ZDi Plus,Bangalore,Comprehensive,Diesel,68000.0,5,29.0,670000,8
4117,Sedan,Manual,1,Tata Indigo,2011,CR4,Bangalore,Third Party insurance,Diesel,120000.0,5,29.0,200000,13
4118,SUV,Manual,2,Ford Ecosport,2015,1.5 Ti VCT MT Ambiente BSIV,Bangalore,Third Party insurance,Petrol,50000.0,5,29.0,600000,9
4119,Sedan,Manual,2,Hyundai Elantra,2014,CRDi SX,Bangalore,Third Party insurance,Diesel,120000.0,5,29.0,600000,10
4120,Hatchback,Manual,1,Tata Tiago,2022,XT BSVI,Bangalore,Third Party insurance,Petrol,4437.0,5,29.0,590000,2
4121,Hatchback,Manual,1,Maruti Wagon R,2018,VXI Optional,Bangalore,Third Party insurance,Petrol,24590.0,5,29.0,410000,6
4122,Hatchback,Manual,1,Maruti Baleno,2022,Delta,Bangalore,Third Party insurance,Petrol,20000.0,5,29.0,700000,2
4123,Hatchback,Manual,1,Hyundai i20,2013,Sportz 1.2,Bangalore,Comprehensive,Petrol,70456.0,5,29.0,325000,11
4124,Sedan,Manual,1,Skoda Slavia,2022,1.0 TSI Style BSVI,Bangalore,Third Party insurance,Petrol,20000.0,5,29.0,1490000,2
4125,Hatchback,Manual,1,Hyundai i20,2013,Sportz 1.2,Bangalore,Third Party insurance,Petrol,120000.0,5,29.0,311000,11
4126,Sedan,Manual,2,Hyundai Verna,2016,1.6 CRDi SX,Bangalore,Third Party insurance,Diesel,50889.0,5,29.0,701000,8
4127,Hatchback,Manual,1,Maruti Swift,2012,VXI,Bangalore,Comprehensive,Petrol,76043.0,5,29.0,371000,12
4128,Hatchback,Manual,1,Hyundai Grand i10,2014,Asta,Bangalore,Comprehensive,Petrol,55890.0,5,29.0,349000,10
4129,Hatchback,Manual,2,Honda Jazz,2016,1.2 VX i VTEC,Bangalore,Third Party,Petrol,81984.0,5,29.0,475000,8
4130,Hatchback,Manual,2,Honda Brio,2014,S MT,Bangalore,Comprehensive,Petrol,70123.0,5,29.0,290000,10
4131,Hatchback,Manual,1,Renault KWID,2021,RXT,Bangalore,Third Party insurance,Petrol,60000.0,5,29.0,445000,3
4132,Hatchback,Manual,3,Maruti Alto,2010,LXi,Bangalore,Third Party insurance,Petrol,110000.0,5,29.0,150000,14
4133,Sedan,Manual,1,Maruti Ciaz,2019,Delta BSIV,Bangalore,Third Party insurance,Petrol,40000.0,5,29.0,690000,5
4134,Hatchback,Manual,1,Renault KWID,2017,1.0 RXT Optional,Bangalore,Third Party insurance,Petrol,50000.0,5,29.0,360000,7
4135,Sedan,Automatic,1,Maruti Swift Dzire,2020,AMT ZXI,Bangalore,Third Party insurance,Petrol,50000.0,5,29.0,750000,4
4136,Sedan,Manual,1,Maruti Swift Dzire,2013,LDI,Bangalore,Comprehensive,Diesel,56805.0,5,29.0,475000,11
4137,Hatchback,Manual,2,Volkswagen Polo,2016,1.5 TDI Highline Plus,Bangalore,Third Party insurance,Diesel,120000.0,5,29.0,425000,8
4138,Sedan,Manual,2,Volkswagen Vento,2014,Diesel Highline,Bangalore,Third Party insurance,Diesel,100000.0,5,29.0,435000,10
4139,Sedan,Manual,1,Maruti Swift Dzire,2014,VDi,Bangalore,Comprehensive,Diesel,75000.0,5,29.0,525000,10
4140,Hatchback,Manual,1,Datsun RediGO,2020,1.0 T Option,Bangalore,Third Party,Petrol,17587.0,5,29.0,362000,4
4141,Hatchback,Manual,2,Hyundai Santro,2019,Asta BSIV,Bangalore,Comprehensive,Petrol,27153.0,5,29.0,455000,5
4142,Sedan,Manual,1,Maruti Swift Dzire,2012,VDi,Bangalore,Comprehensive,Diesel,104243.0,5,29.0,380000,12
4143,Sedan,Automatic,2,Jaguar XF,2013,2.2 Litre Luxury,Bangalore,Third Party insurance,Diesel,70000.0,5,29.0,1400000,11
4144,SUV,Manual,1,Hyundai Venue,2021,S BSIV,Bangalore,Third Party insurance,Petrol,60000.0,5,29.0,690000,3
4145,SUV,Manual,1,Maruti Vitara Brezza,2021,VXI,Bangalore,Comprehensive,Petrol,17580.0,5,29.0,890000,3
4146,SUV,Manual,1,Maruti Vitara Brezza,2020,VXI,Bangalore,Third Party insurance,Petrol,39109.0,5,29.0,811000,4
4147,SUV,Manual,1,Maruti Vitara Brezza,2022,VXI,Bangalore,Third Party insurance,Petrol,20000.0,5,29.0,894999,2
4148,SUV,Manual,1,Honda WR-V,2018,i-DTEC VX,Bangalore,Third Party insurance,Diesel,80000.0,5,29.0,650000,6
4149,Hatchback,Manual,1,Maruti Celerio,2022,VXI BSVI,Bangalore,Third Party insurance,Petrol,20000.0,5,29.0,590000,2
4150,Hatchback,Manual,3,Maruti Alto,2010,LXi,Bangalore,Third Party insurance,Petrol,110000.0,5,29.0,150000,14
4151,Hatchback,Manual,1,Volkswagen Polo,2011,Petrol Comfortline 1.2L,Bangalore,Third Party insurance,Petrol,70000.0,5,29.0,300000,13
4152,Sedan,Manual,1,Honda Amaze,2019,VX Petrol BSIV,Bangalore,Third Party insurance,Petrol,90239.0,5,29.0,579000,5
4153,Hatchback,Manual,2,Hyundai EON,2014,1.0 Kappa Magna Plus,Bangalore,Comprehensive,Petrol,31608.0,5,29.0,298000,10
4154,Sedan,Manual,1,Honda Amaze,2019,S Petrol BSIV,Bangalore,Third Party insurance,Petrol,58740.0,5,29.0,595000,5
4155,Hatchback,Manual,2,Hyundai i20,2018,1.2 Spotz,Bangalore,Third Party,Petrol,73398.0,5,29.0,544000,6
4156,Sedan,Automatic,1,Maruti Ciaz,2019,Alpha Automatic BSIV,Bangalore,Third Party,Petrol,29393.0,5,29.0,894999,5
4157,Hatchback,Manual,2,Volkswagen Polo,2016,1.5 TDI Highline Plus,Bangalore,Third Party insurance,Diesel,100000.0,5,29.0,425000,8
4158,Sedan,Manual,2,Honda New Accord,2008,2.4 MT,Bangalore,Third Party insurance,Petrol,150000.0,5,29.0,244000,16
4159,Sedan,Automatic,2,Audi A6,2013,2.0 TDI Premium Plus,Bangalore,Third Party insurance,Diesel,40000.0,5,29.0,1450000,11
4160,Hatchback,Automatic,2,Renault KWID,2019,1.0 RXT Optional AT 2016-2019,Bangalore,Third Party insurance,Petrol,30000.0,5,29.0,370000,5
4161,Hatchback,Manual,2,Renault KWID,2016,1.0 RXT Optional,Bangalore,Comprehensive,Petrol,65000.0,5,29.0,290000,8
4162,Hatchback,Manual,1,Maruti Swift,2016,VDI,Bangalore,Comprehensive,Diesel,79700.0,5,29.0,525000,8
4163,Hatchback,Manual,1,Maruti Baleno,2019,1.2 Alpha,Bangalore,Third Party insurance,Petrol,30000.0,5,29.0,650000,5
4164,SUV,Automatic,1,Kia Sonet,2021,1.5 GTX Plus Diesel AT DT,Bangalore,Comprehensive,Diesel,45204.0,5,29.0,1325000,3
4165,Hatchback,Manual,1,Hyundai i20,2017,Magna 1.4 CRDi,Bangalore,Comprehensive,Diesel,81000.0,5,29.0,575000,7
4166,Sedan,Manual,1,Honda City,2008,GXi,Bangalore,Third Party insurance,Petrol,120000.0,5,29.0,170000,16
4167,Hatchback,Manual,2,Hyundai Grand i10 Nios,2020,Sportz,Bangalore,Third Party insurance,Petrol,40000.0,5,29.0,590000,4
4168,Hatchback,Automatic,2,Hyundai i20,2019,Asta Option CVT BSIV,Bangalore,Zero Dep,Petrol,33236.0,5,29.0,753000,5
4169,Hatchback,Automatic,2,Hyundai Grand i10,2014,AT Sportz,Bangalore,Third Party insurance,Petrol,50000.0,5,29.0,425000,10
4170,Hatchback,Manual,1,Maruti Baleno,2019,1.2 Delta,Bangalore,Comprehensive,Petrol,47214.0,5,29.0,587000,5
4171,Hatchback,Manual,2,Hyundai Grand i10 Nios,2019,Asta,Bangalore,Third Party insurance,Petrol,54670.0,5,29.0,580000,5
4172,Sedan,Manual,2,Honda Amaze,2018,E i-VTEC,Bangalore,Third Party insurance,Petrol,30000.0,5,29.0,530000,6
4173,Sedan,Manual,2,Tata Zest,2016,Revotron 1.2 XT,Bangalore,Third Party insurance,Petrol,120000.0,5,29.0,300000,8
4174,Sedan,Manual,1,Ford Aspire,2017,1.5 TDCi Trend,Bangalore,Third Party insurance,Diesel,100000.0,5,29.0,380000,7
4175,Hatchback,Manual,2,Hyundai i20,2017,1.2 Asta Option,Bangalore,Comprehensive,Petrol,57000.0,5,29.0,625000,7
4176,Hatchback,Manual,1,Volkswagen Polo,2017,1.5 TDI Highline,Bangalore,Third Party insurance,Diesel,120000.0,5,29.0,525000,7
4177,Hatchback,Manual,1,Maruti Baleno,2022,Zeta BSVI,Bangalore,Third Party insurance,Petrol,30000.0,5,29.0,850000,2
4178,SUV,Manual,2,Ford Endeavour,2008,3.0 4x4 Thunder Plus,Bangalore,Third Party insurance,Diesel,120000.0,5,29.0,390000,16
4179,SUV,Manual,1,Kia Seltos,2021,HTX G,Bangalore,Third Party insurance,Petrol,3844.0,5,29.0,1490000,3
4180,Hatchback,Manual,1,Renault KWID,2020,1.0 RXT,Bangalore,Comprehensive,Petrol,50000.0,5,29.0,375000,4
4181,SUV,Manual,3,Honda CR-V,2008,RVi MT,Bangalore,Third Party insurance,Petrol,120000.0,5,29.0,180000,16
4182,Sedan,Manual,1,Maruti Swift Dzire,2012,VXI,Bangalore,Comprehensive,Petrol,94554.0,5,29.0,383000,12
4183,Hatchback,Manual,1,Maruti Baleno,2021,Zeta,Bangalore,Zero Dep,Petrol,15991.0,5,29.0,713000,3
4184,Sedan,Automatic,1,Maruti Swift Dzire,2017,AMT ZDI Plus,Bangalore,Third Party insurance,Diesel,72918.0,5,29.0,655000,7
4185,Hatchback,Automatic,1,Datsun RediGO,2018,AMT 1.0 T Option,Bangalore,Comprehensive,Petrol,22982.0,5,29.0,313000,6
4186,Hatchback,Manual,1,Hyundai i20,2015,Sportz 1.4 CRDi,Bangalore,Comprehensive,Diesel,76000.0,5,29.0,575000,9
4187,Sedan,Manual,1,Skoda Rapid,2017,1.5 TDI Ambition BSIV,Bangalore,Third Party insurance,Diesel,115000.0,5,29.0,675000,7
4188,SUV,Manual,1,Maruti Vitara Brezza,2018,VDi,Bangalore,Comprehensive,Diesel,73000.0,5,29.0,825000,6
4189,Hatchback,Manual,1,Hyundai Santro,2019,Sportz BSIV,Bangalore,Third Party insurance,Petrol,30000.0,5,29.0,445000,5
4190,SUV,Manual,1,Skoda Kushaq,2022,1.0 TSI Ambition BSVI,Bangalore,Third Party insurance,Petrol,10000.0,5,29.0,1300000,2
4191,Hatchback,Automatic,1,Hyundai Grand i10 Nios,2022,AMT Sportz,Bangalore,Third Party insurance,Petrol,10000.0,5,29.0,750000,2
4192,Hatchback,Automatic,1,Hyundai Grand i10 Nios,2022,AMT Sportz,Bangalore,Third Party insurance,Petrol,10000.0,5,29.0,750000,2
4193,SUV,Manual,1,Maruti Vitara Brezza,2022,VXI,Bangalore,Third Party insurance,Petrol,20000.0,5,29.0,894999,2
4194,Hatchback,Manual,1,Chevrolet Aveo U-VA,2007,1.2 LS,Bangalore,Third Party insurance,Petrol,60000.0,5,29.0,0,17
4195,SUV,Manual,2,Renault Duster,2012,110PS Diesel RxZ,Bangalore,Third Party,Diesel,121243.0,5,29.0,347000,12
4196,Hatchback,Manual,1,Honda Brio,2015,S MT,Bangalore,Comprehensive,Petrol,67194.0,5,29.0,309000,9
4197,Sedan,Manual,2,Honda City,2016,i VTEC V,Bangalore,Comprehensive,Petrol,69236.0,5,29.0,586000,8
4198,SUV,Manual,1,Honda WR-V,2019,i-DTEC VX,Bangalore,Third Party insurance,Diesel,80000.0,5,29.0,900000,5
4199,Hatchback,Manual,2,Hyundai i10,2015,Magna 1.2 iTech SE,Bangalore,Third Party insurance,Petrol,60000.0,5,29.0,255000,9
4200,SUV,Manual,1,Renault Duster,2015,85PS Diesel RxE,Bangalore,Third Party insurance,Diesel,80000.0,5,29.0,355000,9
4201,SUV,Manual,2,Renault Duster,2018,85PS Diesel RxS,Bangalore,Third Party insurance,Diesel,60000.0,5,29.0,650000,6
4202,Sedan,Manual,2,Ford Fiesta Classic,2011,1.4 Duratorq LXI,Bangalore,Third Party insurance,Diesel,120000.0,5,29.0,150000,13
4203,SUV,Automatic,2,Hyundai Creta,2017,1.6 CRDi AT SX Plus,Bangalore,Third Party insurance,Diesel,110000.0,5,29.0,900000,7
4204,Sedan,Automatic,2,BMW 3 Series,2013,320d Prestige,Bangalore,Third Party insurance,Diesel,70000.0,5,29.0,975000,11
4205,Hatchback,Manual,1,Maruti Swift,2014,VDI,Bangalore,Comprehensive,Diesel,76000.0,5,29.0,475000,10
4206,Hatchback,Automatic,2,Maruti Swift,2021,ZXI Plus DT AMT BSVI,Bangalore,Zero Dep,Petrol,7183.0,5,29.0,801000,3
4207,Sedan,Manual,2,Skoda Rapid,2012,1.6 TDI Elegance,Bangalore,Comprehensive,Diesel,85000.0,5,29.0,350000,12
4208,Hatchback,Manual,1,Tata Tiago,2022,XT CNG BSVI,Bangalore,Third Party,CNG,4437.0,5,29.0,590000,2
4209,Hatchback,Manual,1,Hyundai i20,2016,Sportz 1.2,Bangalore,Comprehensive,Petrol,34217.0,5,29.0,532000,8
4210,Hatchback,Manual,1,Volkswagen Polo,2017,1.2 MPI Highline,Bangalore,Comprehensive,Petrol,80101.0,5,29.0,525000,7
4211,Sedan,Manual,3,Honda Civic,2007,1.8 S MT,Bangalore,Third Party insurance,Petrol,150000.0,5,29.0,170000,17
4212,Hatchback,Manual,1,Maruti Wagon R,2011,LXI,Bangalore,Comprehensive,Petrol,72580.0,5,29.0,250000,13
4213,Hatchback,Manual,1,Hyundai Santro,2019,Sportz BSIV,Bangalore,Third Party insurance,Petrol,30000.0,5,29.0,420000,5
4214,Hatchback,Manual,1,Volkswagen Polo,2012,Diesel Comfortline 1.2L,Bangalore,Third Party insurance,Diesel,100000.0,5,29.0,300000,12
4215,Hatchback,Manual,1,Hyundai i20,2018,Diesel Sportz,Bangalore,Comprehensive,Diesel,69000.0,5,29.0,675000,6
4216,Hatchback,Manual,1,Maruti Swift,2017,VDI Optional,Bangalore,Comprehensive,Diesel,50040.0,5,29.0,625000,7
4217,Hatchback,Manual,2,Chevrolet Beat,2011,LS,Bangalore,Third Party insurance,Petrol,40000.0,5,29.0,110000,13
4218,Hatchback,Automatic,1,Renault KWID,2018,1.0 RXT Optional AT 2016-2019,Bangalore,Zero Dep,Petrol,64715.0,5,29.0,356000,6
4219,Hatchback,Manual,2,Maruti Wagon R,2017,VXI BS IV,Bangalore,Third Party insurance,Petrol,99348.0,5,29.0,341000,7
4220,Hatchback,Manual,1,Hyundai Grand i10,2017,1.2 Kappa Sportz BSIV,Bangalore,Zero Dep,Petrol,39176.0,5,29.0,443000,7
4221,Hatchback,Manual,2,Nissan Micra Active,2017,XV Petrol,Bangalore,Third Party insurance,Petrol,80000.0,5,29.0,300000,7
4222,SUV,Manual,1,Maruti Vitara Brezza,2020,LXI,Bangalore,Third Party insurance,Petrol,50000.0,5,29.0,750000,4
4223,Sedan,Manual,3,Maruti Swift Dzire,2016,VDI,Bangalore,Third Party insurance,Diesel,120000.0,5,29.0,490000,8
4224,Hatchback,Manual,1,Hyundai Grand i10,2016,Sportz,Bangalore,Third Party insurance,Petrol,40000.0,5,29.0,425000,8
4225,SUV,Automatic,3,Ford Ecosport,2017,1.5 Ti VCT AT Titanium BSIV,Bangalore,Third Party insurance,Petrol,100000.0,5,29.0,490000,7
4226,Sedan,Manual,1,Maruti Swift Dzire,2015,VDI,Bangalore,Third Party insurance,Diesel,70000.0,5,29.0,490000,9
4227,SUV,Manual,2,Tata Harrier,2019,XZ BSVI,Bangalore,Comprehensive,Diesel,70000.0,5,29.0,1450000,5
4228,Sedan,Manual,1,Honda Amaze,2018,VX i DTEC,Bangalore,Third Party insurance,Diesel,80000.0,5,29.0,625000,6
4229,SUV,Manual,1,Mahindra XUV300,2020,W8 BSVI,Bangalore,Third Party insurance,Petrol,40000.0,5,29.0,850000,4
4230,Sedan,Manual,2,Skoda Rapid,2021,1.0 TSI Ambition,Bangalore,Third Party insurance,Petrol,88069.0,5,29.0,859000,3
4231,Hatchback,Manual,3,Hyundai i10,2014,Magna 1.1L,Bangalore,Third Party insurance,Petrol,50789.0,5,29.0,278000,10
4232,Sedan,Manual,2,Hyundai Verna,2014,1.6 SX,Bangalore,Comprehensive,Diesel,76000.0,5,29.0,550000,10
4233,Hatchback,Manual,1,Maruti Alto 800,2019,LXI,Bangalore,Comprehensive,Petrol,42212.0,5,29.0,304000,5
4234,SUV,Automatic,2,Hyundai Creta,2019,1.6 SX Automatic Diesel,Bangalore,Comprehensive,Diesel,92700.0,5,29.0,1250000,5
4235,Sedan,Manual,2,Chevrolet Cruze,2011,LTZ,Bangalore,Third Party insurance,Diesel,120000.0,5,29.0,339000,13
4236,Hatchback,Manual,1,Hyundai Grand i10 Nios,2022,Magna CRDi Corp Edition,Bangalore,Third Party insurance,Diesel,10000.0,5,29.0,685000,2
4237,Pickup Trucks,Manual,1,Isuzu D-Max,2016,4X4,Bangalore,Comprehensive,Diesel,75210.0,5,29.0,1490000,8
4238,Hatchback,Automatic,1,Maruti Wagon R,2017,AMT VXI,Bangalore,Third Party insurance,Petrol,69159.0,5,29.0,379000,7
4239,Hatchback,Automatic,1,Maruti A-Star,2011,AT Vxi Aktiv,Bangalore,Third Party insurance,Petrol,56992.0,5,29.0,253000,13
4240,Sedan,Manual,2,Maruti Swift Dzire,2015,LDI Optional,Bangalore,Third Party insurance,Diesel,120000.0,5,29.0,295000,9
4241,Hatchback,Manual,1,Hyundai Grand i10,2017,Magna,Bangalore,Comprehensive,Petrol,28500.0,5,29.0,495000,7
4242,Hatchback,Manual,2,Skoda Fabia,2010,1.2 MPI Ambiente Petrol,Bangalore,Third Party insurance,Petrol,100000.0,5,29.0,200000,14
4243,Hatchback,Automatic,1,Maruti Alto K10,2016,VXI AMT,Bangalore,Third Party insurance,Petrol,75196.0,5,29.0,338000,8
4244,Hatchback,Manual,1,Maruti Alto 800,2017,LXI,Bangalore,Third Party,Petrol,51759.0,5,29.0,273000,7
4245,Hatchback,Manual,2,Tata Tiago,2019,XZ Plus Dual Tone,Bangalore,Third Party insurance,Petrol,105021.0,5,29.0,473000,5
4246,Sedan,Manual,1,Hyundai Verna,2010,Transform VTVT,Bangalore,Third Party insurance,Petrol,120000.0,5,29.0,150000,14
4247,SUV,Manual,1,Kia Sonet,2022,HTK Plus Turbo iMT BSVI,Bangalore,Third Party insurance,Petrol,10000.0,5,29.0,925000,2
4248,SUV,Manual,1,Volkswagen Taigun,2022,1.0 TSI Topline BSVI,Bangalore,Third Party insurance,Petrol,20000.0,5,29.0,1350000,2
4249,Hatchback,Manual,3,Hyundai Getz,2007,GLE,Bangalore,Third Party insurance,Petrol,110000.0,5,29.0,0,17
4250,Sedan,Manual,2,Maruti Swift Dzire,2020,ZXI BSVI,Bangalore,Third Party insurance,Petrol,40000.0,5,29.0,650000,4
4251,Sedan,Manual,1,Honda City,2012,S,Bangalore,Third Party insurance,Petrol,100000.0,5,29.0,350000,12
4252,SUV,Manual,1,Mahindra XUV300,2022,W8 Diesel Sunroof BSVI,Bangalore,Third Party insurance,Diesel,10000.0,5,29.0,1370000,2
4253,Hatchback,Manual,1,Toyota Etios Liva,2013,G,Bangalore,Third Party insurance,Petrol,60000.0,5,29.0,295000,11
4254,Hatchback,Manual,3,Volkswagen Polo,2013,Diesel Comfortline 1.2L,Bangalore,Third Party insurance,Diesel,70000.0,5,29.0,240000,11
4255,Sedan,Automatic,1,Skoda Octavia,2019,1.8 TSI AT L K,Bangalore,Third Party insurance,Petrol,67896.0,5,29.0,1500000,5
4256,SUV,Manual,2,Renault Kiger,2021,RXZ Turbo,Bangalore,Third Party,Petrol,9862.0,5,29.0,745000,3
4257,Hatchback,Manual,1,Renault KWID,2017,1.0 RXT 02 Anniversary Edition,Bangalore,Third Party insurance,Petrol,40000.0,5,29.0,225000,7
4258,Hatchback,Manual,1,Renault KWID,2019,RXL,Bangalore,Third Party insurance,Petrol,37478.0,5,29.0,332000,5
4259,Minivans,Manual,1,Maruti Eeco,2022,CNG 5 Seater AC,Bangalore,Third Party insurance,CNG,30000.0,5,29.0,655000,2
4260,Hatchback,Automatic,1,Maruti Swift,2022,VXI AMT BSVI,Bangalore,Comprehensive,Petrol,3120.0,5,29.0,775000,2
4261,Sedan,Manual,1,Volkswagen Vento,2022,1.0 TSI Highline,Bangalore,Comprehensive,Petrol,20972.0,5,29.0,1050000,2
4262,Hatchback,Manual,1,Volkswagen Polo,2018,1.0 MPI Trendline,Bangalore,Third Party insurance,Petrol,60000.0,5,29.0,475000,6
4263,Sedan,Manual,1,Hyundai Verna,2012,1.4 CRDi,Bangalore,Third Party insurance,Diesel,120000.0,5,29.0,325000,12
4264,Hatchback,Manual,2,Hyundai EON,2013,D Lite Plus,Bangalore,Third Party insurance,Petrol,70000.0,5,29.0,145000,11
4265,Sedan,Manual,3,Maruti Swift Dzire,2012,LXI,Bangalore,Third Party insurance,Petrol,80000.0,5,29.0,250000,12
4266,SUV,Automatic,1,Tata Nexon,2021,XZA Plus DualTone Roof AMT,Bangalore,Comprehensive,Petrol,38323.0,5,29.0,1025000,3
4267,Sedan,Manual,1,Maruti Swift Dzire,2020,VXI BSVI,Bangalore,Third Party insurance,Petrol,120000.0,5,29.0,500000,4
4268,Hatchback,Manual,1,Renault KWID,2019,RXT Optional,Bangalore,Third Party insurance,Petrol,40000.0,5,29.0,300000,5
4269,Hatchback,Automatic,1,Hyundai Grand i10,2016,AT Asta,Bangalore,Zero Dep,Petrol,72842.0,5,29.0,460000,8
4270,Hatchback,Manual,2,Maruti Wagon R,2018,VXI BS IV,Bangalore,Third Party insurance,Petrol,16338.0,5,29.0,430000,6
4271,SUV,Manual,1,Kia Seltos,2020,HTX Plus Diesel,Bangalore,Comprehensive,Diesel,49017.0,5,29.0,1525000,4
4272,Hatchback,Manual,2,Maruti Wagon R,2010,LXI DUO BSIII,Bangalore,Third Party insurance,LPG,80000.0,5,29.0,140000,14
4273,Hatchback,Manual,2,Volkswagen Polo,2016,1.2 MPI Comfortline,Bangalore,Third Party insurance,Petrol,59000.0,5,29.0,450000,8
4274,Hatchback,Manual,2,Maruti Ritz,2010,VDi,Bangalore,Third Party insurance,Diesel,90000.0,5,29.0,200000,14
4275,Hatchback,Manual,2,Maruti Alto K10,2012,2010-2014 VXI,Bangalore,Third Party insurance,Petrol,40000.0,5,29.0,245000,12
4276,Hatchback,Manual,2,Renault KWID,2015,RXT Optional,Bangalore,Comprehensive,Petrol,45979.0,5,29.0,243000,9
4277,Sedan,Manual,1,Honda Amaze,2019,E Petrol BSIV,Bangalore,Third Party insurance,Petrol,10000.0,5,29.0,610000,5
4278,Hatchback,Manual,1,Hyundai i20,2013,Sportz 1.2,Bangalore,Comprehensive,Petrol,68551.0,5,29.0,349000,11
4279,Hatchback,Manual,1,Tata Tiago,2019,XZ Plus,Bangalore,Zero Dep,Petrol,68766.0,5,29.0,514000,5
4280,Sedan,Manual,2,Maruti Swift Dzire,2020,VXI BSVI,Bangalore,Third Party insurance,Petrol,20000.0,5,29.0,725000,4
4281,Sedan,Manual,2,Hyundai Verna,2016,1.6 CRDi S Option,Bangalore,Third Party insurance,Diesel,120000.0,5,29.0,460000,8
4282,Sedan,Manual,2,Hyundai Verna,2015,1.6 SX CRDi (O),Bangalore,Third Party insurance,Diesel,120000.0,5,29.0,450000,9
4283,SUV,Manual,1,Ford Ecosport,2019,1.5 Diesel Titanium,Bangalore,Comprehensive,Diesel,71000.0,5,29.0,850000,5
4284,Sedan,Manual,1,Volkswagen Vento,2014,Diesel Highline,Bangalore,Comprehensive,Diesel,53000.0,5,29.0,500000,10
4285,Hatchback,Manual,2,Volkswagen Polo,2017,1.5 TDI Highline,Bangalore,Comprehensive,Diesel,75000.0,5,29.0,550000,7
4286,Hatchback,Manual,1,Maruti Wagon R,2020,VXI,Bangalore,Comprehensive,Petrol,23573.0,5,29.0,560000,4
4287,SUV,Manual,1,Ford Ecosport,2018,1.5 Diesel Titanium,Bangalore,Comprehensive,Diesel,76200.0,5,29.0,800000,6
4288,Hatchback,Automatic,1,Hyundai Santro Xing,2007,GLS AT,Bangalore,Comprehensive,Petrol,85000.0,5,29.0,180000,17
4289,Hatchback,Manual,1,Maruti Alto K10,2014,VXI,Bangalore,Comprehensive,Petrol,62000.0,5,29.0,270000,10
4290,Sedan,Automatic,1,Hyundai Aura,2020,S AMT,Bangalore,Comprehensive,Petrol,16603.0,5,29.0,735000,4
4291,Hatchback,Manual,1,Hyundai EON,2018,Era Plus,Bangalore,Third Party,Petrol,43571.0,5,29.0,308000,6
4292,Hatchback,Manual,1,Maruti Alto 800,2020,VXI BSVI,Bangalore,Zero Dep,Petrol,28328.0,5,29.0,380000,4
4293,Hatchback,Manual,1,Maruti Swift,2014,VDI,Bangalore,Comprehensive,Diesel,115000.0,5,29.0,460000,10
4294,SUV,Manual,1,Honda WR-V,2017,i-VTEC VX,Bangalore,Comprehensive,Petrol,40282.0,5,29.0,657000,7
4295,Hatchback,Manual,1,Maruti Alto 800,2016,LXI,Bangalore,Comprehensive,Petrol,57826.0,5,29.0,255000,8
4296,Hatchback,Manual,1,Volkswagen Polo,2016,1.0 MPI Trendline,Bangalore,Comprehensive,Petrol,85400.0,5,29.0,450000,8
4297,Hatchback,Manual,2,Hyundai i20,2014,Asta 1.2,Bangalore,Comprehensive,Petrol,74000.0,5,29.0,480000,10
4298,SUV,Automatic,1,Maruti Vitara Brezza,2018,ZDi Plus AMT,Bangalore,Comprehensive,Diesel,65580.0,5,29.0,894999,6
4299,Hatchback,Manual,2,Volkswagen Polo,2014,1.5 TDI Highline,Bangalore,Comprehensive,Diesel,91200.0,5,29.0,450000,10
4300,SUV,Manual,2,Ford Ecosport,2015,1.5 Diesel Titanium,Bangalore,Comprehensive,Diesel,65000.0,5,29.0,590000,9
4301,Hatchback,Manual,2,Hyundai i20,2017,1.4 Asta,Bangalore,Comprehensive,Diesel,84250.0,5,29.0,670000,7
4302,Hatchback,Manual,3,Maruti Swift,2007,Vdi BSIII,Bangalore,Comprehensive,Diesel,93155.0,5,29.0,230000,17
4303,Sedan,Automatic,2,BMW 3 Series,2014,320d GT Sport Line,Bangalore,Comprehensive,Diesel,79412.0,5,29.0,1425000,10
4304,Sedan,Manual,1,Skoda Rapid,2019,1.5 TDI Style BSIV,Bangalore,Not Available,Diesel,68140.0,5,29.0,810000,5
4305,Hatchback,Manual,2,Maruti Ritz,2014,LDi,Bangalore,Not Available,Diesel,79883.0,5,29.0,189000,10
4306,Sedan,Manual,1,Honda Amaze,2014,S i-Dtech,Bangalore,Not Available,Diesel,110712.0,5,29.0,270000,10
4307,Hatchback,Automatic,1,Tata Tiago,2017,1.2 Revotron XTA,Bangalore,Comprehensive,Petrol,67653.0,5,29.0,410000,7
4308,Hatchback,Manual,1,Hyundai i10,2015,Magna 1.1L,Bangalore,Third Party insurance,Petrol,58066.0,5,29.0,296000,9
4309,Sedan,Manual,1,Honda Amaze,2019,S Petrol BSIV,Bangalore,Comprehensive,Petrol,71053.0,5,29.0,576000,5
4310,Hatchback,Manual,2,Volkswagen Polo,2018,1.5 TDI Highline Plus,Bangalore,Comprehensive,Diesel,76977.0,5,29.0,623000,6
4311,Sedan,Manual,1,Honda New Accord,2007,VTi-L MT,Bangalore,Not Available,Petrol,144103.0,5,29.0,0,17
4312,Sedan,Manual,1,Honda Amaze,2022,S BSVI,Bangalore,Not Available,Petrol,19726.0,5,29.0,750000,2
4313,Sedan,Manual,1,Hyundai Elantra,2013,CRDi Base,Bangalore,Not Available,Diesel,120931.0,5,29.0,900000,11
4314,SUV,Manual,1,Tata Nexon,2022,XZ Plus Dark Edition BSVI,Bangalore,Not Available,Petrol,12111.0,5,29.0,950000,2
4315,Sedan,Manual,1,Chevrolet Cruze,2016,LTZ,Bangalore,Not Available,Diesel,121671.0,5,29.0,450000,8
4316,SUV,Automatic,1,Maruti Vitara Brezza,2019,ZDi Plus AMT,Bangalore,Third Party insurance,Diesel,65573.0,5,29.0,894999,5
4317,Hatchback,Manual,1,Hyundai i10,2009,Sportz 1.2,Bangalore,Not Available,Petrol,52887.0,5,29.0,250000,15
4318,Hatchback,Manual,1,Nissan Micra Active,2013,XL Petrol,Bangalore,Not Available,Petrol,51088.0,5,29.0,325000,11
4319,Hatchback,Manual,1,Maruti Wagon R,2015,VXI BS IV,Bangalore,Not Available,Petrol,51088.0,5,29.0,350000,9
4320,SUV,Manual,1,Kia Seltos,2021,HTX G,Bangalore,Comprehensive,Petrol,22000.0,5,29.0,1390000,3
4321,SUV,Automatic,1,Kia Seltos,2019,GTX Plus DCT,Bangalore,Comprehensive,Petrol,16858.0,5,29.0,1395000,5
4322,Hatchback,Manual,1,Renault KWID,2019,RXL,Bangalore,Third Party,Petrol,31850.0,5,29.0,342000,5
4323,Sedan,Manual,1,Honda Amaze,2013,VX i-DTEC,Bangalore,Not Available,Diesel,135213.0,5,29.0,270000,11
4324,Sedan,Manual,1,Honda Amaze,2014,S i-Dtech,Bangalore,Not Available,Diesel,88378.0,5,29.0,358000,10
4325,Sedan,Manual,1,Maruti Swift Dzire,2012,VDI,Bangalore,Not Available,Diesel,65808.0,5,29.0,410000,12
4326,SUV,Manual,1,Nissan Magnite,2021,XV BSVI,Bangalore,Not Available,Petrol,20135.0,5,29.0,650000,3
4327,SUV,Automatic,1,MG Hector,2020,Sharp DCT,Bangalore,Not Available,Petrol,33831.0,5,29.0,1500000,4
4328,Hatchback,Manual,1,Maruti Wagon R,2018,VXI BS IV,Bangalore,Not Available,Petrol,61334.0,5,29.0,380000,6
4329,Hatchback,Manual,1,Hyundai i20,2017,1.2 Magna Executive,Bangalore,Not Available,Petrol,51531.0,5,29.0,500000,7
4330,SUV,Manual,1,Kia Seltos,2019,HTK Plus D,Bangalore,Not Available,Diesel,88098.0,5,29.0,945000,5
4331,SUV,Manual,1,Hyundai Venue,2019,SX Diesel BSIV,Bangalore,Comprehensive,Diesel,77901.0,5,29.0,975000,5
4332,Sedan,Manual,1,Skoda Laura,2008,Ambiente,Bangalore,Not Available,Diesel,133946.0,5,29.0,564000,16
4333,Hatchback,Manual,1,Hyundai i10,2016,Sportz 1.1L,Bangalore,Third Party insurance,Petrol,70593.0,5,29.0,326000,8
4334,Hatchback,Manual,1,Hyundai i20,2015,Magna 1.2,Bangalore,Zero Dep,Petrol,82556.0,5,29.0,465000,9
4335,Hatchback,Manual,1,Maruti Wagon R,2009,LXI Minor,Bangalore,Not Available,Petrol,42160.0,5,29.0,180000,15
4336,Sedan,Manual,1,Maruti Swift Dzire,2018,ZDI Plus,Bangalore,Third Party,Diesel,99367.0,5,29.0,710000,6
4337,Sedan,Manual,1,Maruti Swift Dzire,2015,VXI,Bangalore,Comprehensive,Petrol,72000.0,5,29.0,465000,9
4338,Sedan,Manual,1,Renault Scala,2013,Diesel RxL,Bangalore,Comprehensive,Diesel,88329.0,5,29.0,390000,11
4339,Hatchback,Manual,2,Maruti Ritz,2009,VXI,Bangalore,Comprehensive,Petrol,114866.0,5,29.0,0,15
4340,Hatchback,Manual,1,Maruti Baleno,2021,Zeta,Bangalore,Not Available,Petrol,27723.0,5,29.0,600000,3
4341,Sedan,Automatic,1,Toyota Corolla Altis,2009,1.8 VL AT,Bangalore,Comprehensive,Petrol,57847.0,5,29.0,395000,15
4342,Sedan,Manual,1,Hyundai Verna,2021,SX,Bangalore,Not Available,Petrol,46557.0,5,29.0,980000,3
4343,Hatchback,Manual,1,Maruti Wagon R,2016,VXI BS IV,Bangalore,Not Available,Petrol,37983.0,5,29.0,360000,8
4344,Sedan,Automatic,1,Mercedes-Benz C-Class,2012,220 CDI AT,Bangalore,Third Party insurance,Diesel,69856.0,5,29.0,1250000,12
4345,Hatchback,Manual,1,Maruti Swift,2017,LXI Optional-O,Bangalore,Not Available,Petrol,50501.0,5,29.0,450000,7
4346,Sedan,Automatic,1,Hyundai Aura,2020,S AMT,Bangalore,Comprehensive,Petrol,16603.0,5,29.0,735000,4
4347,Hatchback,Manual,1,Maruti Celerio,2020,VXI CNG,Bangalore,Zero Dep,CNG,40960.0,5,29.0,500000,4
4348,Hatchback,Manual,1,Hyundai Grand i10,2018,1.2 Kappa Magna BSIV,Bangalore,Comprehensive,Petrol,65000.0,5,29.0,485000,6
4349,Hatchback,Manual,1,Maruti Swift,2014,ZDi,Bangalore,Third Party,Diesel,74232.0,5,29.0,429000,10
4350,Hatchback,Manual,1,Maruti Wagon R,2015,VXI BS IV,Bangalore,Third Party insurance,Petrol,38892.0,5,29.0,347000,9
4351,Sedan,Automatic,2,Hyundai Verna,2016,1.6 CRDi AT S,Bangalore,Comprehensive,Diesel,72602.0,5,29.0,695000,8
4352,Sedan,Manual,1,Maruti Swift Dzire,2013,VXI,Bangalore,Not Available,Petrol,63959.0,5,29.0,400000,11
4353,Hatchback,Manual,1,Tata Altroz,2022,XT BSVI,Bangalore,Not Available,Petrol,10801.0,5,29.0,900000,2
4354,Sedan,Automatic,2,Skoda Rapid,2015,1.6 MPI AT Elegance,Bangalore,Not Available,Petrol,30751.0,5,29.0,330000,9
4355,Hatchback,Manual,1,Maruti Wagon R,2014,VXI BS IV,Bangalore,Not Available,Petrol,151231.0,5,29.0,250000,10
4356,SUV,Automatic,1,Kia Seltos,2019,GTX Plus DCT,Bangalore,Comprehensive,Petrol,49000.0,5,29.0,1475000,5
4357,Sedan,Automatic,1,Audi A4,2013,New  2.0 TDI Multitronic,Bangalore,Comprehensive,Diesel,55000.0,5,29.0,1370000,11
4358,SUV,Manual,1,Honda WR-V,2022,VX,Bangalore,Not Available,Petrol,17284.0,5,29.0,900000,2
4359,Sedan,Manual,3,Hyundai Xcent,2014,1.1 CRDi S Option,Bangalore,Not Available,Diesel,100076.0,5,29.0,300000,10
4360,Hatchback,Manual,1,Maruti Alto 800,2018,LXI,Bangalore,Third Party,Petrol,85648.0,5,29.0,272000,6
4361,Hatchback,Manual,1,Maruti Swift,2018,VXI,Bangalore,Third Party,Petrol,97229.0,5,29.0,509000,6
4362,Hatchback,Manual,1,Maruti Baleno,2016,1.3 Delta,Bangalore,Not Available,Diesel,74850.0,5,29.0,470000,8
4363,Hatchback,Manual,1,Maruti Swift,2018,VXI,Bangalore,Third Party,Petrol,52509.0,5,29.0,544000,6
4364,Hatchback,Manual,2,Hyundai i10,2016,Sportz Option,Bangalore,Comprehensive,Petrol,57000.0,5,29.0,345000,8
4365,Sedan,Manual,1,Skoda Rapid,2018,1.5 TDI Ambition BSIV,Bangalore,Third Party insurance,Diesel,91547.0,5,29.0,965000,6
4366,Sedan,Manual,1,Maruti Swift Dzire,2011,1.2 Vxi BSIV,Bangalore,Not Available,Petrol,42601.0,5,29.0,280000,13
4367,SUV,Automatic,1,Kia Seltos,2019,HTX Plus AT D,Bangalore,Not Available,Diesel,31262.0,5,29.0,1130000,5
4368,Hatchback,Manual,1,Hyundai i20,2017,Asta Option BSIV,Bangalore,Comprehensive,Petrol,70000.0,5,29.0,600000,7
4369,Hatchback,Manual,1,Maruti Swift,2022,VXI BSVI,Bangalore,Not Available,Petrol,18240.0,5,29.0,630000,2
4370,Sedan,Manual,1,Skoda Slavia,2022,1.0 TSI Active BSVI,Bangalore,Third Party insurance,Petrol,16000.0,5,29.0,1110000,2
4371,Hatchback,Manual,1,Hyundai EON,2018,Era Plus,Bangalore,Not Available,Petrol,48409.0,5,29.0,280000,6
4372,Hatchback,Manual,1,Maruti Swift,2012,VXI,Bangalore,Comprehensive,Petrol,102912.0,5,29.0,364000,12
4373,Hatchback,Manual,1,Renault KWID,2019,RXL,Bangalore,Third Party insurance,Petrol,37025.0,5,29.0,352000,5
4374,Sedan,Manual,2,Volkswagen Vento,2012,Diesel Highline,Bangalore,Not Available,Diesel,68243.0,5,29.0,300000,12
4375,Hatchback,Manual,1,Hyundai i10,2012,Sportz,Bangalore,Not Available,Petrol,110728.0,5,29.0,231000,12
4376,Hatchback,Manual,1,Maruti Swift,2013,LDI,Bangalore,Not Available,Diesel,72480.0,5,29.0,400000,11
4377,Hatchback,Manual,1,Hyundai i20,2016,Sportz 1.2,Bangalore,Not Available,Petrol,120094.0,5,29.0,500000,8
4378,Hatchback,Manual,3,Maruti Swift,2013,VDI,Bangalore,Not Available,Diesel,118149.0,5,29.0,350000,11
4379,SUV,Automatic,1,Kia Seltos,2020,HTX IVT,Bangalore,Comprehensive,Petrol,29000.0,5,29.0,1420000,4
4380,Hatchback,Automatic,3,Honda Brio,2015,VX AT,Bangalore,Third Party,Petrol,68000.0,5,29.0,385000,9
4381,SUV,Automatic,1,Tata Nexon EV,2021,XZ Plus,Bangalore,Zero Dep,Electric,55463.0,5,29.0,1200000,3
4382,SUV,Automatic,1,Tata Nexon EV,2022,XZ Plus Lux,Bangalore,Not Available,Electric,26455.0,5,29.0,1400000,2
4383,Hatchback,Manual,1,Maruti Alto 800,2012,LXI,Bangalore,Not Available,Petrol,62626.0,5,29.0,0,12
4384,Minivans,Manual,1,Maruti Eeco,2022,CNG 5 Seater AC,Bangalore,Not Available,CNG,32317.0,5,29.0,570000,2
4385,Hatchback,Manual,2,Hyundai i20,2010,1.2 Magna,Bangalore,Not Available,Petrol,65733.0,5,29.0,117000,14
4386,Hatchback,Manual,1,Tata Altroz,2020,XE BSVI,Bangalore,Third Party,Petrol,21388.0,5,29.0,537000,4
4387,Sedan,Automatic,3,Maruti Swift Dzire,2019,AMT VDI,Bangalore,Third Party insurance,Diesel,71448.0,5,29.0,678000,5
4388,Sedan,Manual,1,Honda Amaze,2018,S Petrol BSIV,Bangalore,Third Party insurance,Petrol,63385.0,5,29.0,541000,6
4389,Hatchback,Manual,1,Hyundai i20,2019,Magna Plus BSIV,Bangalore,Third Party insurance,Petrol,60048.0,5,29.0,578000,5
4390,Sedan,Automatic,1,Tata Tigor EV,2022,XZ Plus LUX,Bangalore,Third Party,Electric,44351.0,5,29.0,1490000,2
4391,Hatchback,Manual,1,Hyundai EON,2015,Era Plus,Bangalore,Not Available,Petrol,45926.0,5,29.0,200000,9
4392,SUV,Manual,1,Maruti Vitara Brezza,2021,LXI,Bangalore,Not Available,Petrol,19876.0,5,29.0,750000,3
4393,Hatchback,Manual,1,Hyundai i20,2017,Diesel Asta,Bangalore,Comprehensive,Diesel,69000.0,5,29.0,675000,7
4394,SUV,Manual,1,Maruti Vitara Brezza,2021,ZXI Plus Dual Tone,Bangalore,Comprehensive,Petrol,65000.0,5,29.0,894999,3
4395,Hatchback,Manual,1,Hyundai Grand i10,2015,Asta,Bangalore,Not Available,Petrol,37386.0,5,29.0,420000,9
4396,Hatchback,Manual,1,Maruti Baleno,2020,Zeta,Bangalore,Not Available,Petrol,104590.0,5,29.0,550000,4
4397,Sedan,Manual,1,Maruti Swift Dzire,2021,ZXI BSVI,Bangalore,Not Available,Petrol,57794.0,5,29.0,725000,3
4398,SUV,Manual,1,Ford Ecosport,2015,1.5 DV5 MT Titanium,Bangalore,Not Available,Diesel,105072.0,5,29.0,420000,9
4399,Sedan,Manual,1,Hyundai Verna,2016,1.6 CRDi SX,Bangalore,Comprehensive,Diesel,52000.0,5,29.0,785000,8
4400,Hatchback,Manual,1,Tata Altroz,2020,XE BSVI,Bangalore,Not Available,Petrol,26124.0,5,29.0,460000,4
4401,Sedan,Manual,1,Maruti Ciaz,2018,1.4 Delta,Bangalore,Not Available,Petrol,35925.0,5,29.0,750000,6
4402,Hatchback,Manual,1,Maruti Celerio,2019,ZXI,Bangalore,Third Party insurance,Petrol,38439.0,5,29.0,419000,5
4403,SUV,Manual,1,Ford Ecosport,2017,1.5 Ti VCT MT Titanium BSIV,Bangalore,Comprehensive,Petrol,45531.0,5,29.0,549000,7
4404,Sedan,Manual,1,Maruti Swift Dzire,2021,VXI BSVI,Bangalore,Comprehensive,Petrol,33000.0,5,29.0,710000,3
4405,Hatchback,Manual,2,Maruti Swift,2015,VXI,Bangalore,Comprehensive,Petrol,71098.0,5,29.0,426000,9
4406,Sedan,Manual,2,Volkswagen Vento,2013,Diesel Highline,Bangalore,Not Available,Diesel,96496.0,5,29.0,400000,11
4407,SUV,Manual,1,Nissan Terrano,2014,XV 110 PS,Bangalore,Not Available,Diesel,75744.0,5,29.0,550000,10
4408,Hatchback,Automatic,1,Maruti Ignis,2017,1.3 AMT Zeta,Bangalore,Comprehensive,Diesel,70000.0,5,29.0,545000,7
4409,Hatchback,Manual,1,Hyundai i20 Active,2015,SX Diesel,Bangalore,Comprehensive,Diesel,85000.0,5,29.0,565000,9
4410,Hatchback,Manual,1,Maruti Alto 800,2022,VXI BSVI,Bangalore,Not Available,Petrol,15092.0,5,29.0,410000,2
4411,Hatchback,Automatic,2,Maruti Wagon R Stingray,2016,AMT VXI,Bangalore,Not Available,Petrol,32802.0,5,29.0,400000,8
4412,Hatchback,Manual,1,Maruti Baleno,2016,1.2 Alpha,Bangalore,Not Available,Petrol,39201.0,5,29.0,650000,8
4413,SUV,Automatic,1,Kia Seltos,2019,HTX Plus AT D,Bangalore,Not Available,Diesel,101884.0,5,29.0,1260000,5
4414,Hatchback,Manual,1,Hyundai EON,2014,Magna Plus,Bangalore,Third Party,Petrol,74729.0,5,29.0,210000,10
4415,SUV,Manual,1,Tata Nexon,2022,XZ Plus Dark Edition BSVI,Bangalore,Not Available,Petrol,9009.0,5,29.0,990000,2
4416,SUV,Manual,1,Maruti SX4 S Cross,2020,Alpha,Bangalore,Zero Dep,Petrol,10785.0,5,29.0,1059000,4
4417,Hatchback,Manual,1,Hyundai Grand i10,2017,1.2 Kappa Sportz Option,Bangalore,Third Party insurance,Petrol,85374.0,5,29.0,426000,7
4418,Hatchback,Manual,1,Hyundai i10,2011,Magna,Bangalore,Not Available,Petrol,36495.0,5,29.0,175000,13
4419,Hatchback,Manual,2,Volkswagen Polo,2012,Diesel Comfortline 1.2L,Bangalore,Not Available,Diesel,57095.0,5,29.0,220000,12
4420,Hatchback,Manual,1,Renault KWID,2022,1.0 RXT BSVI,Bangalore,Not Available,Petrol,1782.0,5,29.0,530000,2
4421,Hatchback,Manual,1,Renault KWID,2019,RXL,Bangalore,Not Available,Petrol,20685.0,5,29.0,299000,5
4422,Hatchback,Manual,1,Hyundai EON,2015,Magna Plus,Bangalore,Not Available,Petrol,51284.0,5,29.0,250000,9
4423,Hatchback,Manual,1,Maruti Alto 800,2019,VXI,Bangalore,Not Available,Petrol,36661.0,5,29.0,322000,5
4424,Hatchback,Automatic,1,Maruti Alto K10,2018,VXI AGS Optional,Bangalore,Not Available,Petrol,69475.0,5,29.0,310000,6
4425,SUV,Manual,1,Hyundai Creta,2017,1.6 E Plus,Bangalore,Comprehensive,Petrol,48000.0,5,29.0,825000,7
4426,SUV,Manual,1,Maruti Vitara Brezza,2018,VDi,Bangalore,Third Party insurance,Diesel,34970.0,5,29.0,810000,6
4427,Sedan,Manual,1,Hyundai Aura,2020,S,Bangalore,Third Party,Petrol,49931.0,5,29.0,649000,4
4428,Hatchback,Manual,1,Maruti Baleno,2018,1.2 Alpha,Bangalore,Comprehensive,Petrol,49500.0,5,29.0,670000,6
4429,Hatchback,Manual,1,Maruti Swift,2018,VDI,Bangalore,Comprehensive,Diesel,49225.0,5,29.0,655000,6
4430,Hatchback,Manual,1,Tata Tiago,2020,XT BSVI,Bangalore,Comprehensive,Petrol,68843.0,5,29.0,493000,4
4431,Hatchback,Manual,1,Maruti Wagon R,2009,VXI,Bangalore,Comprehensive,Petrol,60318.0,5,29.0,325000,15
4432,Hatchback,Automatic,1,Maruti Swift,2018,AMT VDI,Bangalore,Zero Dep,Diesel,101014.0,5,29.0,550000,6
4433,Hatchback,Manual,1,Volkswagen Polo,2017,1.2 MPI Highline Plus,Bangalore,Not Available,Petrol,49422.0,5,29.0,337000,7
4434,SUV,Automatic,1,Tata Nexon,2021,XZA Plus AMT S,Bangalore,Not Available,Petrol,44934.0,5,29.0,1045000,3
4435,Hatchback,Manual,1,Maruti Wagon R,2009,LXI Minor Duo LPG,Bangalore,Not Available,LPG,75426.0,5,29.0,0,15
4436,SUV,Automatic,1,Hyundai Venue,2020,SX Plus Turbo DCT,Bangalore,Not Available,Petrol,36107.0,5,29.0,861000,4
4437,SUV,Manual,1,Honda WR-V,2019,i-VTEC VX,Bangalore,Third Party,Petrol,50854.0,5,29.0,590000,5
4438,Hatchback,Manual,1,Hyundai Grand i10 Nios,2020,Magna,Bangalore,Not Available,Petrol,7985.0,5,29.0,553000,4
4439,Hatchback,Manual,1,Maruti Baleno,2017,1.2 Sigma,Bangalore,Not Available,Petrol,138907.0,5,29.0,500000,7
4440,Sedan,Manual,2,Honda Amaze,2017,S Petrol BSIV,Bangalore,Third Party insurance,Petrol,65396.0,5,29.0,422000,7
4441,Hatchback,Manual,1,Hyundai i10,2011,Magna,Bangalore,Third Party insurance,Petrol,45746.0,5,29.0,206000,13
4442,Sedan,Manual,1,Maruti Ciaz,2017,1.4 Alpha,Bangalore,Not Available,Petrol,90560.0,5,29.0,630000,7
4443,Sedan,Manual,1,Honda Amaze,2017,E Option i-DTEC,Bangalore,Comprehensive,Diesel,66000.0,5,29.0,525000,7
4444,Hatchback,Manual,1,Maruti Alto 800,2022,VXI BSVI,Bangalore,Not Available,Petrol,1989.0,5,29.0,364000,2
4445,Hatchback,Manual,1,Hyundai EON,2014,Era,Bangalore,Not Available,Petrol,110818.0,5,29.0,200000,10
4446,SUV,Automatic,2,Hyundai Creta,2017,1.6 SX Automatic Diesel,Bangalore,Comprehensive,Diesel,89000.0,5,29.0,975000,7
4447,Hatchback,Manual,1,Hyundai i10,2009,Era,Bangalore,Not Available,Petrol,86719.0,5,29.0,150000,15
4448,Hatchback,Manual,1,Honda Brio,2018,1.2 S Option MT,Bangalore,Not Available,Petrol,66328.0,5,29.0,350000,6
4449,Hatchback,Manual,1,Hyundai i10,2011,Magna,Bangalore,Comprehensive,Petrol,46848.0,5,29.0,190000,13
4450,SUV,Manual,1,Renault Kiger,2021,RXT Turbo,Bangalore,Not Available,Petrol,16424.0,5,29.0,547000,3
4451,Sedan,Manual,2,Maruti Ciaz,2015,VXi Plus,Bangalore,Not Available,Petrol,89525.0,5,29.0,510000,9
4452,SUV,Manual,1,Skoda Kushaq,2021,1.0 TSI Active BSVI,Bangalore,Comprehensive,Petrol,44516.0,5,29.0,1000000,3
4453,Sedan,Manual,1,Maruti Swift Dzire,2016,VDI,Bangalore,Not Available,Diesel,129267.0,5,29.0,580000,8
4454,Hatchback,Manual,1,Hyundai EON,2017,Magna Plus Option,Bangalore,Not Available,Petrol,77497.0,5,29.0,250000,7
4455,Hatchback,Manual,2,Maruti Alto,2008,LXi BSIII,Bangalore,Not Available,Petrol,75415.0,5,29.0,0,16
4456,SUV,Manual,1,Kia Sonet,2022,HTK Plus BSVI,Bangalore,Third Party,Petrol,49972.0,5,29.0,900000,2
4457,Hatchback,Manual,3,Maruti Alto,2011,LXi,Bangalore,Not Available,Petrol,72434.0,5,29.0,110000,13
4458,Sedan,Manual,3,Ford Aspire,2015,1.2 Ti-VCT Trend,Bangalore,Not Available,Petrol,34185.0,5,29.0,300000,9
4459,SUV,Manual,2,Nissan Magnite,2021,XE BSVI,Bangalore,Not Available,Petrol,29336.0,5,29.0,417000,3
4460,Hatchback,Manual,1,Hyundai Grand i10,2015,Magna,Bangalore,Not Available,Petrol,71501.0,5,29.0,325000,9
4461,SUV,Manual,1,Kia Seltos,2019,GTX Plus,Bangalore,Not Available,Petrol,68279.0,5,29.0,1200000,5
4462,Sedan,Manual,2,Maruti Swift Dzire,2012,LDI,Bangalore,Not Available,Diesel,99761.0,5,29.0,211000,12
4463,SUV,Automatic,1,Kia Seltos,2021,GTX Plus DCT,Bangalore,Not Available,Petrol,46865.0,5,29.0,1450000,3
4464,Hatchback,Manual,1,Hyundai i20,2014,Sportz 1.4 CRDi,Bangalore,Not Available,Diesel,94905.0,5,29.0,300000,10
4465,Hatchback,Automatic,2,Maruti Swift,2020,AMT VXI,Bangalore,Not Available,Petrol,33055.0,5,29.0,508000,4
4466,Sedan,Manual,1,Chevrolet Optra,2007,1.6 LS BS3,Bangalore,Not Available,Petrol,72117.0,5,29.0,0,17
4467,SUV,Manual,1,Maruti Vitara Brezza,2018,ZDi Plus,Bangalore,Not Available,Diesel,68280.0,5,29.0,755000,6
4468,Hatchback,Manual,1,Maruti Alto K10,2018,VXI,Bangalore,Not Available,Petrol,47008.0,5,29.0,340000,6
4469,SUV,Manual,1,Hyundai Creta,2019,1.4 S,Bangalore,Not Available,Diesel,90150.0,5,29.0,950000,5
4470,Sedan,Manual,2,Maruti Ciaz,2016,VDi Plus SHVS,Bangalore,Not Available,Diesel,77074.0,5,29.0,500000,8
4471,Sedan,Automatic,1,Honda Amaze,2021,VX CVT BSVI,Bangalore,Not Available,Petrol,32293.0,5,29.0,731000,3
4472,SUV,Manual,1,Jeep Compass,2018,2.0 Sport,Bangalore,Not Available,Diesel,131511.0,5,29.0,1000000,6
4473,Hatchback,Manual,2,Maruti Swift,2012,VDI,Bangalore,Not Available,Diesel,145716.0,5,29.0,300000,12
4474,Sedan,Manual,1,Maruti Ciaz,2017,1.4 Alpha,Bangalore,Not Available,Petrol,38943.0,5,29.0,607000,7
4475,Sedan,Automatic,1,BMW 5 Series,2012,525d,Bangalore,Comprehensive,Diesel,107000.0,5,29.0,1275000,12
4476,SUV,Manual,1,Kia Sonet,2020,HTK Plus Diesel iMT BSVI,Bangalore,Third Party,Diesel,49503.0,5,29.0,995000,4
4477,Hatchback,Manual,1,Maruti Baleno,2018,Delta Diesel,Bangalore,Comprehensive,Diesel,83083.0,5,29.0,675000,6
4478,Hatchback,Manual,1,Maruti Alto K10,2023,STD,Bangalore,Third Party insurance,Petrol,40000.0,5,29.0,276000,1
4479,Hatchback,Manual,1,Maruti Wagon R,2016,VXI BS IV,Bangalore,Third Party insurance,Petrol,50000.0,5,29.0,182000,8
4480,Hatchback,Manual,1,Hyundai EON,2011,Era,Bangalore,Third Party insurance,Petrol,100000.0,5,29.0,130000,13
4481,Hatchback,Manual,1,Hyundai EON,2012,Era,Bangalore,Third Party insurance,Petrol,120000.0,5,29.0,130000,12
4482,Hatchback,Manual,2,Ford Figo,2011,Petrol LXI,Bangalore,Third Party insurance,Petrol,70000.0,5,29.0,110000,13
4483,Hatchback,Manual,2,Maruti Zen Estilo,2008,VXI BSIII,Bangalore,Third Party insurance,Petrol,50000.0,5,29.0,0,16
4484,Hatchback,Manual,1,Hyundai EON,2011,Era,Bangalore,Third Party insurance,Petrol,120000.0,5,29.0,130000,13
4485,SUV,Manual,1,Nissan Magnite,2022,XE BSVI,Bangalore,Third Party insurance,Petrol,20000.0,5,29.0,650000,2
4486,Hatchback,Manual,1,Renault KWID,2016,RXT,Bangalore,Third Party insurance,Petrol,40000.0,5,29.0,250000,8
4487,Hatchback,Manual,1,Maruti Alto,2012,Green Std BSIV,Bangalore,Third Party insurance,CNG,60000.0,5,29.0,130000,12
4488,Hatchback,Manual,1,Maruti Alto 800,2021,LXI,Bangalore,Third Party insurance,Petrol,20000.0,5,29.0,330000,3
4489,Sedan,Manual,1,Maruti Swift Dzire,2020,VXI 1.2,Bangalore,Third Party insurance,Petrol,30000.0,5,29.0,600000,4
4490,Hatchback,Manual,2,Maruti Wagon R,2009,LX BSIII,Bangalore,Third Party insurance,Petrol,50000.0,5,29.0,100000,15
4491,Hatchback,Manual,1,Maruti Swift,2013,VXI,Bangalore,Third Party insurance,Petrol,70000.0,5,29.0,335000,11
4492,SUV,Automatic,3,Ford Ecosport,2014,1.5 Ti VCT AT Titanium,Bangalore,Third Party insurance,Petrol,50000.0,5,29.0,400000,10
4493,Hatchback,Manual,1,Hyundai Santro Xing,2011,GLS,Bangalore,Third Party insurance,Petrol,20000.0,5,29.0,180000,13
4494,SUV,Manual,1,MG Hector,2019,Hybrid Sharp MT BSIV,Bangalore,Third Party insurance,Petrol,50000.0,5,29.0,900000,5
4495,Hatchback,Automatic,1,Maruti Celerio,2018,ZXI Optional AMT BSIV,Bangalore,Third Party insurance,Petrol,100000.0,5,29.0,400000,6
4496,Hatchback,Manual,1,Citroen C3,2022,Puretech 110 Feel,Bangalore,Third Party insurance,Petrol,10000.0,5,29.0,700000,2
4497,SUV,Manual,1,Maruti Vitara Brezza,2021,LXI,Bangalore,Third Party insurance,Petrol,40000.0,5,29.0,745000,3
4498,SUV,Manual,1,Kia Seltos,2020,HTK Plus D,Bangalore,Third Party insurance,Diesel,70000.0,5,29.0,1166000,4
4499,Hatchback,Manual,1,Maruti Wagon R,2021,VXI,Bangalore,Third Party insurance,Petrol,10000.0,5,29.0,500000,3
4500,Hatchback,Automatic,2,Maruti Alto K10,2018,VXI AGS Optional,Bangalore,Third Party insurance,Petrol,50000.0,5,29.0,350000,6
4501,SUV,Manual,2,Tata Nexon,2018,1.5 Revotorq XM,Bangalore,Third Party insurance,Diesel,50000.0,5,29.0,600000,6
4502,Hatchback,Manual,1,Datsun GO,2016,T BSIV,Bangalore,Third Party insurance,Petrol,50000.0,5,29.0,225000,8
4503,Sedan,Manual,2,Maruti Swift Dzire,2010,LDi,Bangalore,Third Party insurance,Diesel,150000.0,5,29.0,190000,14
4504,Hatchback,Manual,1,Maruti Alto,2010,LXi,Bangalore,Third Party insurance,Petrol,50000.0,5,29.0,185000,14
4505,Hatchback,Manual,2,Chevrolet Beat,2014,Diesel LS,Bangalore,Third Party insurance,Diesel,120000.0,5,29.0,150000,10
4506,Sedan,Manual,1,Honda Amaze,2021,S Petrol,Bangalore,Third Party insurance,Petrol,20000.0,5,29.0,800000,3
4507,Sedan,Manual,2,Honda Amaze,2016,SX i DTEC,Bangalore,Third Party insurance,Diesel,60000.0,5,29.0,430000,8
4508,Sedan,Manual,2,Maruti Swift Dzire,2011,VXi,Bangalore,Third Party insurance,Petrol,70000.0,5,29.0,225000,13
4509,Hatchback,Manual,3,Maruti Alto,2008,LX,Bangalore,Third Party insurance,Petrol,150000.0,5,29.0,0,16
4510,Hatchback,Manual,2,Hyundai i10,2010,Asta 1.2,Bangalore,Third Party insurance,Petrol,30000.0,5,29.0,175000,14
4511,Sedan,Manual,1,Hyundai Accent,2008,GLE,Bangalore,Third Party insurance,Petrol,60000.0,5,29.0,100000,16
4512,Sedan,Manual,1,Maruti Swift Dzire,2011,VXi,Bangalore,Third Party insurance,Petrol,100000.0,5,29.0,200000,13
4513,Hatchback,Manual,1,Hyundai Santro Xing,2007,XE,Bangalore,Third Party insurance,Petrol,70000.0,5,29.0,100000,17
4514,SUV,Manual,1,Mahindra XUV300,2022,W8 Option BSVI,Bangalore,Third Party insurance,Petrol,10000.0,5,29.0,1200000,2
4515,SUV,Manual,1,Mahindra XUV300,2020,W8 Option BSVI,Bangalore,Third Party insurance,Petrol,50000.0,5,29.0,1070000,4
4516,Hatchback,Manual,1,Hyundai EON,2015,Era Plus,Bangalore,Third Party insurance,Petrol,80000.0,5,29.0,248000,9
4517,Hatchback,Manual,1,Maruti Alto 800,2020,VXI BSVI,Bangalore,Third Party insurance,Petrol,40000.0,5,29.0,400000,4
4518,Hatchback,Manual,2,Maruti Alto,2007,Std BSII,Bangalore,Third Party insurance,Petrol,70000.0,5,29.0,125000,17
4519,Hatchback,Manual,1,Honda Jazz,2016,1.5 VX i DTEC,Bangalore,Third Party insurance,Diesel,150000.0,5,29.0,400000,8
4520,Hatchback,Manual,1,Maruti Alto 800,2020,LXI,Bangalore,Third Party insurance,Petrol,30000.0,5,29.0,310000,4
4521,Sedan,Manual,1,Maruti Swift Dzire,2014,LXI,Bangalore,Third Party insurance,Petrol,80000.0,5,29.0,350000,10
4522,SUV,Manual,1,Jeep Compass,2017,2.0 Limited,Bangalore,Third Party insurance,Diesel,80000.0,5,29.0,1300000,7
4523,SUV,Manual,1,Honda WR-V,2021,VX,Bangalore,Third Party insurance,Petrol,20000.0,5,29.0,850000,3
4524,SUV,Manual,1,Honda WR-V,2022,VX,Bangalore,Third Party insurance,Petrol,20000.0,5,29.0,950000,2
4525,SUV,Manual,1,Jeep Compass,2018,2.0 Limited,Bangalore,Third Party insurance,Diesel,150000.0,5,29.0,1214000,6
4526,Sedan,Manual,1,Hyundai Aura,2021,S,Bangalore,Third Party insurance,Petrol,20000.0,5,29.0,670000,3
4527,SUV,Manual,1,Maruti Vitara Brezza,2017,VDi,Bangalore,Third Party insurance,Diesel,90000.0,5,29.0,850000,7
4528,Hatchback,Manual,1,Renault KWID,2017,RXL,Bangalore,Third Party insurance,Petrol,30000.0,5,29.0,300000,7
4529,Hatchback,Manual,1,Maruti Alto 800,2020,LXI,Bangalore,Third Party insurance,Petrol,30000.0,5,29.0,330000,4
4530,SUV,Manual,3,Maruti Vitara Brezza,2018,VDi,Bangalore,Third Party insurance,Diesel,40000.0,5,29.0,750000,6
4531,Hatchback,Manual,2,Maruti Wagon R,2009,LXI Minor,Bangalore,Third Party insurance,Petrol,60000.0,5,29.0,125000,15
4532,Sedan,Manual,2,Maruti Swift Dzire,2009,ZDi,Bangalore,Third Party insurance,Diesel,150000.0,5,29.0,250000,15
4533,Hatchback,Manual,1,Maruti Alto 800,2019,VXI BSIV,Bangalore,Third Party insurance,Petrol,60000.0,5,29.0,370000,5
4534,SUV,Manual,1,Renault Duster,2013,110PS Diesel RxL,Bangalore,Third Party insurance,Diesel,150000.0,5,29.0,325000,11
4535,Hatchback,Manual,3,Chevrolet Beat,2012,Diesel LS,Bangalore,Third Party insurance,Diesel,50000.0,5,29.0,122000,12
4536,Hatchback,Manual,2,Hyundai i10,2008,Magna,Bangalore,Third Party insurance,Petrol,60000.0,5,29.0,150000,16
4537,Hatchback,Manual,1,Maruti Alto 800,2020,VXI BSVI,Bangalore,Third Party insurance,Petrol,30000.0,5,29.0,325000,4
4538,Sedan,Manual,2,Hyundai Accent,2009,Executive LPG,Bangalore,Third Party insurance,LPG,150000.0,5,29.0,100000,15
4539,Hatchback,Manual,2,Maruti Wagon R,2009,LXI Minor,Bangalore,Third Party insurance,Petrol,150000.0,5,29.0,125000,15
4540,SUV,Automatic,1,Tata Nexon,2021,XMA AMT S BSVI,Bangalore,Third Party insurance,Petrol,50000.0,5,29.0,950000,3
4541,Hatchback,Manual,2,Maruti Swift,2014,LDI BSIV,Bangalore,Third Party insurance,Diesel,150000.0,5,29.0,380000,10
4542,Hatchback,Manual,2,Maruti Zen Estilo,2007,LXI BSIII,Bangalore,Third Party insurance,Petrol,150000.0,5,29.0,0,17
4543,Hatchback,Manual,1,Maruti Alto 800,2022,LXI,Bangalore,Third Party insurance,Petrol,10000.0,5,29.0,425000,2
4544,SUV,Manual,1,Kia Seltos,2021,HTX G,Bangalore,Third Party insurance,Petrol,30000.0,5,29.0,1450000,3
4545,Hatchback,Manual,2,Maruti Baleno,2018,1.2 Zeta,Bangalore,Third Party insurance,Petrol,60000.0,5,29.0,590000,6
4546,Hatchback,Manual,2,Maruti Baleno,2018,1.2 Zeta,Bangalore,Third Party insurance,Petrol,60000.0,5,29.0,590000,6
4547,Hatchback,Manual,1,Maruti Alto 800,2018,LXI,Bangalore,Third Party insurance,Petrol,50000.0,5,29.0,280000,6
4548,Hatchback,Manual,2,Maruti Celerio,2014,VXI,Bangalore,Third Party insurance,Petrol,120000.0,5,29.0,250000,10
4549,SUV,Manual,1,Maruti SX4 S Cross,2017,Alpha DDiS 200 SH,Bangalore,Third Party insurance,Diesel,150000.0,5,29.0,500000,7
4550,Hatchback,Manual,1,Maruti Swift,2021,ZXI BSVI,Bangalore,Third Party insurance,Petrol,40000.0,5,29.0,650000,3
4551,Sedan,Manual,2,Tata Tigor,2019,1.2 Revotron XZ,Bangalore,Third Party insurance,Petrol,60000.0,5,29.0,500000,5
4552,Sedan,Manual,2,Tata Indigo,2011,CR4,Bangalore,Third Party insurance,Diesel,90000.0,5,29.0,161000,13
4553,SUV,Manual,2,Honda WR-V,2023,VX,Bangalore,Third Party insurance,Petrol,10000.0,5,29.0,1000000,1
4554,Hatchback,Manual,1,Tata Tiago,2020,XZ,Bangalore,Third Party insurance,Petrol,50000.0,5,29.0,520000,4
4555,Hatchback,Manual,1,Maruti Alto K10,2013,2010-2014 VXI,Bangalore,Third Party insurance,Petrol,40000.0,5,29.0,250000,11
4556,SUV,Manual,1,Renault Duster,2013,110PS Diesel RxZ,Bangalore,Third Party insurance,Diesel,150000.0,5,29.0,350000,11
4557,Hatchback,Manual,1,Hyundai i10,2017,Sportz 1.1L LPG,Bangalore,Third Party insurance,LPG,120000.0,5,29.0,400000,7
4558,Hatchback,Manual,3,Maruti Alto,2012,LXi,Bangalore,Third Party insurance,Petrol,100000.0,5,29.0,150000,12
4559,Sedan,Manual,1,Maruti Swift Dzire,2016,VDI,Bangalore,Third Party insurance,Diesel,90000.0,5,29.0,460000,8
4560,Sedan,Manual,1,Chevrolet Sail,2017,1.3 Base,Bangalore,Third Party insurance,Diesel,150000.0,5,29.0,425000,7
4561,Hatchback,Manual,1,Maruti Baleno RS,2019,1.0 Petrol,Bangalore,Third Party insurance,Petrol,60000.0,5,29.0,650000,5
4562,Hatchback,Manual,1,Maruti Alto 800,2022,VXI BSVI,Bangalore,Third Party insurance,Petrol,10000.0,5,29.0,456000,2
4563,SUV,Manual,1,Renault Duster,2013,110PS Diesel RxL,Bangalore,Third Party insurance,Diesel,120000.0,5,29.0,350000,11
4564,Sedan,Manual,1,Maruti Swift Dzire,2015,VDI,Bangalore,Third Party insurance,Diesel,150000.0,5,29.0,375000,9
4565,Sedan,Manual,2,Hyundai Verna,2012,1.6 SX CRDi (O),Bangalore,Third Party insurance,Diesel,150000.0,5,29.0,400000,12
4566,Sedan,Manual,1,Honda Amaze,2016,E i-Dtech,Bangalore,Third Party insurance,Diesel,150000.0,5,29.0,400000,8
4567,Hatchback,Manual,2,Hyundai EON,2017,Era Plus,Bangalore,Third Party insurance,Petrol,120000.0,5,29.0,230000,7
4568,Hatchback,Manual,2,Tata Altroz,2021,XZ Plus BSVI,Bangalore,Third Party insurance,Petrol,20000.0,5,29.0,725000,3
4569,Sedan,Manual,1,Volkswagen Vento,2014,Petrol Highline,Bangalore,Third Party insurance,Petrol,30000.0,5,29.0,450000,10
4570,Hatchback,Manual,2,Nissan Micra,2016,Diesel XE,Bangalore,Third Party insurance,Diesel,120000.0,5,29.0,300000,8
4571,Hatchback,Manual,3,Chevrolet Beat,2011,LT,Bangalore,Third Party insurance,Petrol,90000.0,5,29.0,160000,13
4572,Hatchback,Manual,1,Maruti Swift,2023,ZXI BSVI,Bangalore,Third Party insurance,Petrol,10000.0,5,29.0,640000,1
4573,Sedan,Manual,1,Hyundai Aura,2021,S,Bangalore,Third Party insurance,Petrol,30000.0,5,29.0,675000,3
4574,SUV,Manual,1,Renault Duster,2012,85PS Diesel RxL Optional with Nav,Bangalore,Third Party insurance,Diesel,150000.0,5,29.0,300000,12
4575,Hatchback,Manual,2,Maruti Alto 800,2015,LXI,Bangalore,Third Party insurance,Petrol,40000.0,5,29.0,250000,9
4576,Sedan,Manual,3,Tata Zest,2017,Quadrajet 1.3 75PS XE,Bangalore,Third Party insurance,Diesel,120000.0,5,29.0,450000,7
4577,Hatchback,Manual,1,Hyundai EON,2017,Era Plus,Bangalore,Third Party insurance,Petrol,60000.0,5,29.0,260000,7
4578,SUV,Manual,1,Ford Ecosport,2014,1.5 DV5 MT Titanium,Bangalore,Third Party insurance,Diesel,150000.0,5,29.0,450000,10
4579,Sedan,Manual,2,Chevrolet Cruze,2013,LTZ,Bangalore,Third Party insurance,Diesel,70000.0,5,29.0,380000,11
4580,Hatchback,Manual,1,Renault KWID,2017,RXT,Bangalore,Third Party insurance,Petrol,60000.0,5,29.0,300000,7
4581,Hatchback,Manual,3,Maruti Alto,2009,LXi,Bangalore,Third Party insurance,Petrol,70000.0,5,29.0,150000,15
4582,Hatchback,Manual,2,Hyundai i10,2012,Magna,Bangalore,Third Party insurance,Petrol,90000.0,5,29.0,200000,12
4583,Hatchback,Manual,1,Maruti Wagon R,2017,VXI BS IV,Bangalore,Third Party insurance,Petrol,40000.0,5,29.0,400000,7
4584,Hatchback,Automatic,1,Maruti Wagon R,2015,AMT VXI,Bangalore,Third Party insurance,Petrol,70000.0,5,29.0,350000,9
4585,Hatchback,Manual,1,Hyundai EON,2015,Era Plus,Bangalore,Third Party insurance,Petrol,60000.0,5,29.0,250000,9
4586,Sedan,Manual,1,Toyota Etios,2011,G,Bangalore,Third Party insurance,Petrol,80000.0,5,29.0,350000,13
4587,Hatchback,Manual,1,Maruti Wagon R,2012,LXI BS IV,Bangalore,Third Party insurance,Petrol,50000.0,5,29.0,300000,12
4588,Hatchback,Manual,3,Maruti Ritz,2009,LDi,Bangalore,Third Party insurance,Diesel,150000.0,5,29.0,300000,15
4589,Hatchback,Manual,2,Maruti Ritz,2013,VDi,Bangalore,Third Party insurance,Diesel,120000.0,5,29.0,300000,11
4590,Hatchback,Manual,2,Maruti Alto 800,2015,LXI,Bangalore,Third Party insurance,Petrol,40000.0,5,29.0,250000,9
4591,Hatchback,Manual,2,Datsun RediGO,2020,A,Bangalore,Third Party insurance,Petrol,40000.0,5,29.0,300000,4
4592,SUV,Manual,1,Hyundai Venue,2021,SX Turbo BSIV,Bangalore,Third Party insurance,Petrol,40000.0,5,29.0,1000000,3
4593,Hatchback,Manual,2,Nissan Micra Active,2013,XV Petrol,Bangalore,Third Party insurance,Petrol,70000.0,5,29.0,200000,11
4594,Sedan,Automatic,2,Honda City,2013,1.5 S AT,Bangalore,Third Party insurance,Petrol,120000.0,5,29.0,350000,11
4595,Sedan,Automatic,1,Maruti Swift Dzire,2017,AGS ZDI Plus,Bangalore,Third Party insurance,Diesel,80000.0,5,29.0,700000,7
4596,Sedan,Automatic,1,Honda Amaze,2021,V CVT Petrol,Bangalore,Third Party insurance,Petrol,40000.0,5,29.0,800000,3
4597,Sedan,Manual,1,Tata Tigor,2022,XZ CNG BSVI,Bangalore,Third Party insurance,CNG,30000.0,5,29.0,819999,2
4598,Hatchback,Manual,1,Tata Altroz,2020,XZ Option,Bangalore,Third Party insurance,Petrol,90000.0,5,29.0,675000,4
4599,Hatchback,Manual,1,Maruti Alto 800,2018,LXI,Bangalore,Third Party insurance,Petrol,40000.0,5,29.0,320000,6
4600,Sedan,Manual,1,Honda Amaze,2014,S i-Dtech,Bangalore,Third Party insurance,Diesel,150000.0,5,29.0,325000,10
4601,SUV,Manual,1,Maruti Vitara Brezza,2020,ZXI,Bangalore,Third Party insurance,Petrol,30000.0,5,29.0,950000,4
4602,SUV,Manual,1,Maruti Vitara Brezza,2020,ZXI,Bangalore,Third Party insurance,Petrol,30000.0,5,29.0,950000,4
4603,Hatchback,Manual,1,Datsun RediGO,2017,T Option,Bangalore,Third Party insurance,Petrol,120000.0,5,29.0,300000,7
4604,Hatchback,Manual,2,Hyundai i10,2014,Sportz,Bangalore,Third Party insurance,Petrol,60000.0,5,29.0,350000,10
4605,Sedan,Automatic,1,Skoda Superb,2012,Elegance 1.8 TSI AT,Bangalore,Third Party insurance,Petrol,120000.0,5,29.0,500000,12
4606,Sedan,Automatic,1,Skoda Superb,2012,Elegance 1.8 TSI AT,Bangalore,Third Party insurance,Petrol,120000.0,5,29.0,500000,12
4607,Sedan,Automatic,1,Skoda Superb,2012,Elegance 1.8 TSI AT,Bangalore,Third Party insurance,Petrol,120000.0,5,29.0,500000,12
4608,Sedan,Manual,1,Maruti SX4,2010,VXI,Bangalore,Third Party insurance,Petrol,70000.0,5,29.0,250000,14
4609,Sedan,Manual,1,Honda Amaze,2013,S i-Dtech,Bangalore,Third Party insurance,Diesel,90000.0,5,29.0,400000,11
4610,SUV,Manual,1,Nissan Terrano,2014,XL 85 PS,Bangalore,Third Party insurance,Diesel,150000.0,5,29.0,400000,10
4611,Hatchback,Manual,2,Maruti Baleno,2021,Zeta,Bangalore,Third Party insurance,Petrol,30000.0,5,29.0,800000,3
4612,Hatchback,Manual,1,Maruti Wagon R,2019,VXI,Bangalore,Third Party insurance,Petrol,40000.0,5,29.0,500000,5
4613,Hatchback,Manual,1,Maruti Swift,2022,VXI BSVI,Bangalore,Third Party insurance,Petrol,20000.0,5,29.0,725000,2
4614,Sedan,Manual,3,Hyundai Verna,2011,1.6 SX,Bangalore,Third Party insurance,Diesel,120000.0,5,29.0,300000,13
4615,Sedan,Manual,1,Maruti Swift Dzire,2014,VDI,Bangalore,Third Party insurance,Diesel,120000.0,5,29.0,400000,10
4616,Hatchback,Manual,1,Maruti Baleno,2021,Zeta,Bangalore,Third Party insurance,Petrol,30000.0,5,29.0,800000,3
4617,Hatchback,Manual,1,Maruti Swift,2014,ZDi,Bangalore,Third Party insurance,Diesel,120000.0,5,29.0,450000,10
4618,Sedan,Manual,1,Hyundai Elantra,2013,CRDi S,Bangalore,Third Party insurance,Diesel,121000.0,5,29.0,450000,11
4619,Sedan,Manual,1,Maruti Swift Dzire,2013,VDI,Bangalore,Third Party insurance,Diesel,120000.0,5,29.0,500000,11
4620,Hatchback,Manual,3,Maruti Ritz,2011,VXi,Bangalore,Third Party insurance,Petrol,150000.0,5,29.0,165000,13
4621,Sedan,Manual,1,Maruti Ciaz,2018,1.3 Alpha,Bangalore,Third Party insurance,Diesel,60000.0,5,29.0,700000,6
4622,Hatchback,Manual,1,Renault KWID,2022,1.0 RXL BSVI,Bangalore,Third Party insurance,Petrol,20000.0,5,29.0,550000,2
4623,Sedan,Automatic,1,Honda City,2021,ZX CVT,Bangalore,Third Party insurance,Petrol,30000.0,5,29.0,1525000,3
4624,Hatchback,Manual,2,Maruti Zen Estilo,2007,LXI BSIII,Bangalore,Third Party insurance,Petrol,150000.0,5,29.0,100000,17
4625,Hatchback,Manual,2,Maruti Alto 800,2015,LXI,Bangalore,Third Party insurance,Petrol,120000.0,5,29.0,220000,9
4626,Sedan,Manual,1,Maruti Swift Dzire,2018,VDI,Bangalore,Third Party insurance,Diesel,120000.0,5,29.0,630000,6
4627,Hatchback,Manual,2,Hyundai i10,2013,Magna,Bangalore,Third Party insurance,Petrol,90000.0,5,29.0,350000,11
4628,Hatchback,Manual,3,Maruti Swift,2012,ZDi,Bangalore,Third Party insurance,Diesel,150000.0,5,29.0,350000,12
4629,Sedan,Manual,2,Maruti Swift Dzire,2014,LDI,Bangalore,Third Party insurance,Diesel,90000.0,5,29.0,450000,10
4630,Sedan,Manual,2,Maruti Swift Dzire,2014,LDI,Bangalore,Third Party insurance,Diesel,90000.0,5,29.0,450000,10
4631,Hatchback,Manual,1,Hyundai i10,2011,Magna,Bangalore,Third Party insurance,Petrol,150000.0,5,29.0,200000,13
4632,Hatchback,Manual,2,Maruti Alto 800,2015,LXI,Bangalore,Third Party insurance,Petrol,120000.0,5,29.0,225000,9
4633,Sedan,Manual,1,Maruti Swift Dzire,2013,VDI,Bangalore,Third Party insurance,Diesel,100000.0,5,29.0,370000,11
4634,Hatchback,Manual,2,Citroen C3,2023,Feel Dual Tone Turbo,Bangalore,Third Party insurance,Petrol,90000.0,5,29.0,730000,1
4635,Sedan,Manual,2,Maruti Ciaz,2017,1.4 Alpha,Bangalore,Third Party insurance,Petrol,60000.0,5,29.0,610000,7
4636,SUV,Manual,1,Maruti SX4 S Cross,2019,Zeta DDiS 200 SH,Bangalore,Third Party insurance,Diesel,150000.0,5,29.0,800000,5
4637,SUV,Manual,2,Renault Duster,2013,110PS Diesel RxZ Plus,Bangalore,Third Party insurance,Diesel,120000.0,5,29.0,400000,11
4638,Hatchback,Manual,3,Maruti Alto,2009,LXi,Bangalore,Third Party insurance,Petrol,120000.0,5,29.0,150000,15
4639,Hatchback,Manual,1,Hyundai i10,2016,Sportz 1.1L,Bangalore,Third Party insurance,Petrol,120000.0,5,29.0,300000,8
4640,Sedan,Manual,1,Maruti Swift Dzire,2020,VXI BSVI,Bangalore,Third Party insurance,Petrol,70000.0,5,29.0,700000,4
4641,Sedan,Manual,1,Hyundai Aura,2020,SX,Bangalore,Third Party insurance,Petrol,30000.0,5,29.0,650000,4
4642,Hatchback,Manual,2,Maruti Wagon R,2012,LXI BS IV,Bangalore,Third Party insurance,Petrol,100000.0,5,29.0,200000,12
4643,Hatchback,Manual,1,Tata Altroz,2020,XT BSVI,Bangalore,Third Party insurance,Petrol,40000.0,5,29.0,700000,4
4644,Hatchback,Manual,2,Hyundai Grand i10,2016,Magna,Bangalore,Third Party insurance,Petrol,100000.0,5,29.0,340000,8
4645,Sedan,Manual,2,Maruti Swift Dzire Tour,2018,1.3 S Diesel,Bangalore,Third Party insurance,Diesel,120000.0,5,29.0,420000,6
4646,SUV,Manual,1,Maruti Vitara Brezza,2018,ZDi Plus,Bangalore,Third Party insurance,Diesel,150000.0,5,29.0,900000,6
4647,Sedan,Automatic,1,Maruti Ciaz,2019,Delta Automatic BSIV,Bangalore,Third Party insurance,Petrol,150000.0,5,29.0,730000,5
4648,Sedan,Automatic,1,Maruti Ciaz,2019,Delta Automatic BSIV,Bangalore,Third Party insurance,Petrol,150000.0,5,29.0,730000,5
4649,Hatchback,Manual,1,Maruti Swift,2022,ZXI BSVI,Bangalore,Third Party insurance,Petrol,20000.0,5,29.0,810000,2
4650,Sedan,Manual,1,Maruti Swift Dzire,2016,VXI,Bangalore,Third Party insurance,Petrol,150000.0,5,29.0,500000,8
4651,Hatchback,Manual,2,Maruti Alto K10,2014,2010-2014 VXI,Bangalore,Third Party insurance,Petrol,90000.0,5,29.0,250000,10
4652,Hatchback,Manual,1,Renault Pulse,2012,RxL,Bangalore,Third Party insurance,Diesel,120000.0,5,29.0,200000,12
4653,Sedan,Manual,1,Tata Zest,2014,Revotron 1.2T XMS,Bangalore,Third Party insurance,Petrol,120000.0,5,29.0,400000,10
4654,Hatchback,Manual,2,Maruti Alto,2011,LXi,Bangalore,Third Party insurance,Petrol,90000.0,5,29.0,200000,13
4655,Hatchback,Manual,1,Fiat Avventura,2015,Power Up 1.3 Active,Bangalore,Third Party insurance,Diesel,120000.0,5,29.0,350000,9
4656,Sedan,Manual,1,Honda City,2015,i DTEC VX,Bangalore,Third Party insurance,Diesel,120000.0,5,29.0,600000,9
4657,Sedan,Manual,1,Hyundai Xcent,2014,1.2 Kappa SX,Bangalore,Third Party insurance,Petrol,60000.0,5,29.0,400000,10
4658,Hatchback,Manual,3,Maruti Alto K10,2016,VXI,Bangalore,Third Party insurance,Petrol,60000.0,5,29.0,302000,8
4659,Sedan,Manual,1,Hyundai Aura,2022,SX,Bangalore,Third Party insurance,Petrol,20000.0,5,29.0,830000,2
4660,Sedan,Manual,1,Maruti Swift Dzire,2014,VDI,Bangalore,Third Party insurance,Diesel,150000.0,5,29.0,500000,10
4661,Hatchback,Manual,2,Maruti Ritz,2010,LDi,Bangalore,Third Party insurance,Diesel,120000.0,5,29.0,180000,14
4662,Sedan,Manual,1,Hyundai Accent,2011,Executive,Bangalore,Third Party insurance,Petrol,70000.0,5,29.0,300000,13
4663,Hatchback,Manual,3,Maruti Alto K10,2016,VXI,Bangalore,Third Party insurance,Petrol,50000.0,5,29.0,320000,8
4664,Sedan,Manual,1,Hyundai Verna,2013,1.6 CRDI,Bangalore,Third Party insurance,Diesel,120000.0,5,29.0,450000,11
4665,Hatchback,Manual,1,Maruti Alto K10,2020,VXI,Bangalore,Third Party insurance,Petrol,70000.0,5,29.0,450000,4
4666,Hatchback,Manual,3,Maruti Alto K10,2016,VXI,Bangalore,Third Party insurance,Petrol,60000.0,5,29.0,320000,8
4667,Hatchback,Manual,3,Ford Figo,2011,Petrol Titanium,Bangalore,Third Party insurance,Petrol,120000.0,5,29.0,200000,13
4668,Sedan,Manual,1,Volkswagen Passat,2013,Diesel Trendline,Bangalore,Third Party insurance,Diesel,150000.0,5,29.0,680000,11
4669,Hatchback,Manual,2,Volkswagen CrossPolo,2014,1.2 TDI,Bangalore,Third Party insurance,Diesel,150000.0,5,29.0,350000,10
4670,Hatchback,Manual,1,Maruti Swift,2011,VDI,Bangalore,Third Party insurance,Diesel,150000.0,5,29.0,350000,13
4671,Hatchback,Manual,2,Maruti Alto,2008,LX,Bangalore,Third Party insurance,Petrol,150000.0,5,29.0,200000,16
4672,Hatchback,Manual,1,Maruti Swift,2013,VDI,Bangalore,Third Party insurance,Diesel,120000.0,5,29.0,525000,11
4673,Hatchback,Manual,2,Hyundai i20,2011,1.2 Magna,Bangalore,Third Party insurance,Petrol,60000.0,5,29.0,520000,13
4674,Hatchback,Manual,2,Maruti Swift,2013,VDI,Bangalore,Third Party insurance,Diesel,120000.0,5,29.0,450000,11
4675,Hatchback,Manual,1,Fiat Avventura,2015,MULTIJET Dynamic,Bangalore,Third Party insurance,Diesel,80000.0,5,29.0,600000,9
4676,Hatchback,Manual,1,Hyundai i10,2010,Magna,Bangalore,Third Party insurance,Petrol,50000.0,5,29.0,0,14
4677,Sedan,Manual,1,Maruti Swift Dzire,2023,ZXI Plus,Bangalore,Third Party insurance,Petrol,10000.0,5,29.0,500000,1
4678,Hatchback,Manual,2,Maruti Swift,2012,LXI,Bangalore,Third Party insurance,Petrol,80000.0,5,29.0,160000,12
4679,Hatchback,Automatic,2,Renault KWID,2016,1.0 RXT Optional AT 2016-2019,Bangalore,Third Party insurance,Petrol,90000.0,5,29.0,220000,8
4680,SUV,Manual,1,Tata Punch,2022,Adventure Rhythm BSVI,Bangalore,Third Party insurance,Petrol,30000.0,5,29.0,700000,2
4681,Hatchback,Manual,1,Maruti Alto K10,2014,VXI,Bangalore,Third Party insurance,Petrol,70000.0,5,29.0,200000,10
4682,Hatchback,Manual,1,Maruti Alto K10,2014,VXI,Bangalore,Third Party insurance,Petrol,70000.0,5,29.0,200000,10
4683,Sedan,Manual,2,Maruti Swift Dzire,2010,VXi,Bangalore,Third Party insurance,Petrol,100000.0,5,29.0,150000,14
4684,Hatchback,Manual,1,Maruti Alto,2012,Std,Bangalore,Third Party insurance,Petrol,70000.0,5,29.0,130000,12
4685,Hatchback,Manual,1,Maruti Alto,2012,LXi,Bangalore,Third Party insurance,Petrol,60000.0,5,29.0,150000,12
4686,Hatchback,Manual,1,Maruti Wagon R,2008,LX Minor,Bangalore,Third Party insurance,Petrol,150000.0,5,29.0,0,16
4687,Hatchback,Manual,1,Hyundai EON,2014,Era Plus,Bangalore,Third Party insurance,Petrol,150000.0,5,29.0,160000,10
4688,Hatchback,Manual,2,Volkswagen Polo,2012,Diesel Trendline 1.2L,Bangalore,Third Party insurance,Diesel,120000.0,5,29.0,200000,12
4689,SUV,Manual,1,Ford Ecosport,2014,1.5 DV5 MT Ambiente,Bangalore,Third Party insurance,Diesel,100000.0,5,29.0,350000,10
4690,Hatchback,Manual,1,Chevrolet Beat,2011,LT,Bangalore,Third Party insurance,Petrol,120000.0,5,29.0,108000,13
4691,Hatchback,Manual,1,Maruti Alto,2007,STD,Bangalore,Third Party insurance,Petrol,70000.0,5,29.0,105000,17
4692,SUV,Manual,1,Renault Kiger,2022,RXZ,Bangalore,Third Party insurance,Petrol,20000.0,5,29.0,850000,2
4693,Hatchback,Manual,1,Maruti Alto,2009,Std,Bangalore,Third Party insurance,Petrol,40000.0,5,29.0,100000,15
4694,Hatchback,Manual,1,Maruti Baleno,2018,1.2 Delta,Bangalore,Third Party insurance,Petrol,80000.0,5,29.0,500000,6
4695,Sedan,Automatic,3,Toyota Camry,2014,Hybrid,Bangalore,Third Party insurance,Petrol,70000.0,5,29.0,975000,10
4696,Hatchback,Manual,1,Datsun RediGO,2017,T Option,Bangalore,Comprehensive,Petrol,23981.0,5,29.0,266000,7
4697,SUV,Automatic,1,Renault Kiger,2021,RXT AMT,Bangalore,Comprehensive,Petrol,7100.0,5,29.0,595000,3
4698,SUV,Automatic,2,Audi Q3,2014,35 TDI Quattro Premium,Bangalore,Third Party insurance,Diesel,50000.0,5,29.0,1200000,10
4699,Hatchback,Automatic,1,Maruti Wagon R,2018,VXI AMT 1.2,Bangalore,Comprehensive,Petrol,35629.0,5,29.0,425000,6
4700,Hatchback,Automatic,2,Hyundai Santro,2020,Sportz AMT,Bangalore,Comprehensive,Petrol,11476.0,5,29.0,596000,4
4701,Hatchback,Manual,1,Renault KWID,2018,RXT Optional,Bangalore,Third Party insurance,Petrol,31000.0,5,29.0,250000,6
4702,Sedan,Manual,2,Maruti Swift Dzire,2011,VXi,Bangalore,Comprehensive,Petrol,41005.0,5,29.0,221000,13
4703,Hatchback,Manual,1,Maruti Wagon R,2010,LX BS IV,Bangalore,Third Party,Petrol,60055.0,5,29.0,208000,14
4704,Hatchback,Manual,1,Maruti Swift,2013,VXI,Bangalore,Comprehensive,Petrol,65005.0,5,29.0,311000,11
4705,Hatchback,Manual,1,Renault KWID,2022,RXT,Bangalore,Third Party,Petrol,2657.0,5,29.0,464000,2
4706,Hatchback,Manual,1,Hyundai i10,2011,Magna 1.1L,Bangalore,Comprehensive,Petrol,16000.0,5,29.0,205000,13
4707,Hatchback,Automatic,1,Maruti Baleno,2018,1.2 CVT Delta,Bangalore,Comprehensive,Petrol,27046.0,5,29.0,643000,6
4708,Hatchback,Manual,1,Maruti Wagon R,2022,LXI BSVI,Bangalore,Comprehensive,Petrol,9000.0,5,29.0,545000,2
4709,Hatchback,Manual,2,Hyundai i10,2009,Era,Bangalore,Comprehensive,Petrol,35000.0,5,29.0,225000,15
4710,Hatchback,Manual,1,Maruti Alto K10,2017,VXI Optional,Bangalore,Third Party,Petrol,54044.0,5,29.0,315000,7
4711,SUV,Manual,1,Tata Nexon,2021,XM BSVI,Bangalore,Third Party insurance,Petrol,6500.0,5,29.0,799000,3
4712,Sedan,Manual,1,Maruti Ciaz,2017,VXi Option,Bangalore,Zero Dep,Petrol,29159.0,5,29.0,526000,7
4713,Hatchback,Manual,2,Hyundai Grand i10 Nios,2019,Asta,Bangalore,Third Party,Petrol,44150.0,5,29.0,612000,5
4714,SUV,Automatic,1,Hyundai Creta,2018,1.6 SX Automatic,Bangalore,Comprehensive,Petrol,25009.0,5,29.0,990000,6
4715,Hatchback,Manual,1,Maruti Swift,2020,VXI,Bangalore,Zero Dep,Petrol,46469.0,5,29.0,534000,4
4716,Sedan,Manual,1,Hyundai Verna,2020,SX Opt,Bangalore,Third Party,Petrol,31577.0,5,29.0,983000,4
4717,Hatchback,Automatic,1,Maruti Celerio,2014,VXI AT,Bangalore,Comprehensive,Petrol,56005.0,5,29.0,281000,10
4718,Hatchback,Manual,1,Maruti Wagon R,2021,VXI,Bangalore,Comprehensive,Petrol,10005.0,5,29.0,535000,3
4719,Hatchback,Manual,1,Hyundai Grand i10,2017,1.2 Kappa Asta,Bangalore,Comprehensive,Petrol,41163.0,5,29.0,475000,7
4720,Sedan,Manual,1,Toyota Yaris,2019,V,Bangalore,Comprehensive,Petrol,3800.0,5,29.0,695000,5
4721,Hatchback,Manual,1,Maruti Wagon R,2018,VXI,Bangalore,Comprehensive,Petrol,34124.0,5,29.0,395000,6
4722,Hatchback,Manual,2,Hyundai i20,2012,1.4 CRDi Magna,Bangalore,Third Party insurance,Diesel,50000.0,5,29.0,200000,12
4723,Sedan,Manual,1,Honda City,2018,i-VTEC VX,Bangalore,Comprehensive,Petrol,48168.0,5,29.0,750000,6
4724,Sedan,Manual,1,Maruti Swift Dzire,2010,VXi,Bangalore,Third Party insurance,Petrol,60000.0,5,29.0,245000,14
4725,Hatchback,Manual,1,Maruti Baleno,2022,Delta,Bangalore,Comprehensive,Petrol,10585.0,5,29.0,719000,2
4726,Sedan,Automatic,2,Honda Civic,2012,1.8 V AT Elegance,Bangalore,Third Party insurance,Petrol,50000.0,5,29.0,375000,12
4727,Sedan,Manual,1,Maruti Swift Dzire,2010,VXi,Bangalore,Third Party insurance,Petrol,60000.0,5,29.0,245000,14
4728,SUV,Manual,1,Hyundai Creta,2020,S BSVI,Bangalore,Zero Dep,Petrol,17642.0,5,29.0,1214000,4
4729,Hatchback,Manual,1,Tata Tiago,2018,1.05 Revotorq XZ Plus DualTone,Bangalore,Third Party insurance,Diesel,20000.0,5,29.0,439000,6
4730,Hatchback,Manual,1,Hyundai Grand i10 Nios,2021,Asta,Bangalore,Third Party,Petrol,9157.0,5,29.0,753000,3
4731,Sedan,Manual,1,Skoda Rapid,2014,1.6 TDI Active Plus,Bangalore,Third Party insurance,Diesel,65000.0,5,29.0,300000,10
4732,Hatchback,Manual,2,Datsun RediGO,2020,1.0 T Option,Bangalore,Comprehensive,Petrol,7940.0,5,29.0,389000,4
4733,Sedan,Automatic,1,BMW 3 Series,2011,320d Highline,Bangalore,Comprehensive,Diesel,40000.0,5,29.0,865000,13
4734,Sedan,Manual,2,Fiat Linea,2011,Dynamic,Bangalore,Third Party insurance,Petrol,60000.0,5,29.0,185000,13
4735,SUV,Manual,1,Ford Ecosport,2015,1.5 Ti VCT MT Trend BSIV,Bangalore,Third Party insurance,Petrol,60000.0,5,29.0,350000,9
4736,Hatchback,Manual,1,Hyundai Grand i10,2019,1.2 Kappa Asta,Bangalore,Comprehensive,Petrol,32000.0,5,29.0,464000,5
4737,Hatchback,Manual,2,Honda Jazz,2017,1.2 V i VTEC,Bangalore,Comprehensive,Petrol,47739.0,5,29.0,412000,7
4738,Hatchback,Automatic,2,Maruti Alto K10,2019,VXI AGS Optional,Bangalore,Third Party,Petrol,10717.0,5,29.0,375000,5
4739,Sedan,Manual,1,Honda City,2015,i DTEC VX,Bangalore,Comprehensive,Diesel,41000.0,5,29.0,621000,9
4740,Hatchback,Manual,2,Hyundai Santro,2020,Magna Corp Edition,Bangalore,Comprehensive,Petrol,17619.0,5,29.0,443000,4
4741,Hatchback,Manual,1,Renault KWID,2021,1.0 RXT Opt,Bangalore,Comprehensive,Petrol,9221.0,5,29.0,422000,3
4742,SUV,Manual,1,Honda WR-V,2019,i-VTEC S,Bangalore,Third Party,Petrol,70000.0,5,29.0,550000,5
4743,Hatchback,Manual,1,Maruti Swift,2019,VXI,Bangalore,Third Party,Petrol,10519.0,5,29.0,545000,5
4744,Sedan,Manual,2,Hyundai Verna,2014,1.6 SX VTVT (O),Bangalore,Third Party insurance,Petrol,50000.0,5,29.0,450000,10
4745,Hatchback,Manual,1,Maruti Celerio,2022,VXI CNG,Bangalore,Comprehensive,CNG,19907.0,5,29.0,597000,2
4746,Hatchback,Manual,2,Maruti Swift,2015,VXI,Bangalore,Comprehensive,Petrol,84771.0,5,29.0,330000,9
4747,Hatchback,Automatic,2,Honda Brio,2015,VX AT,Bangalore,Comprehensive,Petrol,7000.0,5,29.0,595000,9
4748,Sedan,Manual,1,Honda City,2017,i-VTEC V,Bangalore,Third Party insurance,Petrol,50000.0,5,29.0,500000,7
4749,Sedan,Automatic,1,Audi A6,2013,2.0 TDI Premium Plus,Bangalore,Comprehensive,Diesel,52000.0,5,29.0,1075000,11
4750,SUV,Manual,1,Tata Nexon,2021,XM S BSVI,Bangalore,Comprehensive,Petrol,15407.0,5,29.0,835000,3
4751,Hatchback,Manual,2,Hyundai i10,2009,Magna 1.2,Bangalore,Third Party insurance,Petrol,50000.0,5,29.0,175000,15
4752,Sedan,Manual,1,Honda City,2017,i-VTEC V,Bangalore,Third Party insurance,Petrol,58000.0,5,29.0,550000,7
4753,Sedan,Manual,1,Hyundai Verna,2021,SX,Bangalore,Third Party insurance,Petrol,14000.0,5,29.0,1025000,3
4754,Sedan,Manual,3,Hyundai Elantra,2014,SX,Bangalore,Third Party insurance,Petrol,80000.0,5,29.0,350000,10
4755,Sedan,Manual,1,Hyundai Elantra,2017,2.0 SX Option,Bangalore,Third Party insurance,Petrol,45000.0,5,29.0,775000,7
4756,Sedan,Manual,1,Maruti Swift Dzire,2014,VXI,Bangalore,Third Party insurance,Petrol,119236.0,5,29.0,306000,10
4757,Hatchback,Manual,1,Maruti Baleno,2016,1.2 Delta,Bangalore,Comprehensive,Petrol,98074.0,5,29.0,432000,8
4758,Sedan,Automatic,1,Mercedes-Benz C-Class,2013,C 220 CDI Elegance AT,Bangalore,Comprehensive,Diesel,40330.0,5,29.0,1080000,11
4759,Sedan,Manual,2,Maruti Swift Dzire,2014,VXI,Bangalore,Comprehensive,Petrol,84989.0,5,29.0,314000,10
4760,Hatchback,Manual,2,Maruti Wagon R,2014,VXI BS IV,Bangalore,Comprehensive,Petrol,72017.0,5,29.0,269000,10
4761,Sedan,Manual,1,Maruti Swift Dzire,2015,VXI,Bangalore,Comprehensive,Petrol,85862.0,5,29.0,342000,9
4762,Hatchback,Manual,2,Maruti Alto,2011,LXi,Bangalore,Third Party insurance,Petrol,70000.0,5,29.0,150000,13
4763,Hatchback,Manual,1,Hyundai Santro,2019,Sportz BSIV,Bangalore,Zero Dep,Petrol,8625.0,5,29.0,460000,5
4764,Hatchback,Manual,1,Tata Altroz,2020,XZ BSVI,Bangalore,Third Party insurance,Petrol,10000.0,5,29.0,725000,4
4765,Hatchback,Manual,1,Tata Altroz,2020,XZ BSVI,Bangalore,Third Party insurance,Petrol,10000.0,5,29.0,735000,4
4766,SUV,Manual,1,Hyundai Creta,2018,1.6 CRDi SX Option,Bangalore,Third Party insurance,Diesel,50000.0,5,29.0,1200000,6
4767,Hatchback,Manual,3,Maruti Celerio,2017,ZXI,Bangalore,Third Party insurance,Petrol,60000.0,5,29.0,350000,7
4768,Sedan,Manual,3,Toyota Corolla Altis,2013,1.8 J,Bangalore,Third Party insurance,Petrol,56766.0,5,29.0,399000,11
4769,Hatchback,Manual,1,Maruti Wagon R,2012,LXI BS IV,Bangalore,Comprehensive,Petrol,39369.0,5,29.0,217000,12
4770,Hatchback,Manual,1,Hyundai i20 Active,2016,1.2 SX,Bangalore,Third Party insurance,Petrol,50000.0,5,29.0,550000,8
4771,Hatchback,Manual,1,Renault KWID,2019,RXL,Bangalore,Third Party,Petrol,30345.0,5,29.0,327000,5
4772,SUV,Manual,1,Honda WR-V,2017,i-VTEC S,Bangalore,Third Party,Petrol,54018.0,5,29.0,487000,7
4773,Sedan,Manual,1,Hyundai Verna,2016,1.6 CRDi SX,Bangalore,Zero Dep,Diesel,32007.0,5,29.0,612000,8
4774,Hatchback,Manual,1,Hyundai i10,2015,Sportz 1.1L,Bangalore,Third Party insurance,Petrol,100000.0,5,29.0,310000,9
4775,Hatchback,Manual,2,Hyundai Santro Xing,2014,GL Plus,Bangalore,Third Party insurance,Petrol,30000.0,5,29.0,245000,10
4776,Sedan,Manual,1,Honda City,2018,i-VTEC S,Bangalore,Third Party insurance,Petrol,80000.0,5,29.0,650000,6
4777,Sedan,Manual,1,Hyundai Verna,2015,1.6 VTVT S,Bangalore,Third Party insurance,Petrol,60000.0,5,29.0,750000,9
4778,Hatchback,Manual,1,Hyundai i20 Active,2016,Base Petrol,Bangalore,Third Party insurance,Petrol,120000.0,5,29.0,500000,8
4779,Sedan,Manual,1,Honda City,2014,i VTEC VX,Bangalore,Comprehensive,Petrol,71552.0,5,29.0,403000,10
4780,Hatchback,Manual,2,Hyundai Grand i10,2015,Sportz,Bangalore,Third Party,Petrol,65039.0,5,29.0,301000,9
4781,Hatchback,Manual,2,Hyundai Santro Xing,2007,GLS,Bangalore,Third Party insurance,Petrol,60000.0,5,29.0,0,17
4782,Hatchback,Manual,1,Renault KWID,2019,1.0 RXT Optional,Bangalore,Zero Dep,Petrol,73578.0,5,29.0,359000,5
4783,Hatchback,Automatic,1,Hyundai Santro,2021,Sportz AMT,Bangalore,Third Party,Petrol,27160.0,5,29.0,511000,3
4784,Hatchback,Manual,1,Hyundai i20,2017,1.2 Era,Bangalore,Comprehensive,Petrol,36000.0,5,29.0,425000,7
4785,Hatchback,Manual,1,Hyundai Grand i10,2014,Sportz,Bangalore,Comprehensive,Petrol,84367.0,5,29.0,277000,10
4786,SUV,Manual,1,Renault Duster,2017,Petrol RxL,Bangalore,Third Party,Petrol,47530.0,5,29.0,551000,7
4787,Hatchback,Manual,1,Honda Brio,2014,S MT,Bangalore,Comprehensive,Petrol,35457.0,5,29.0,254000,10
4788,SUV,Automatic,1,Kia Seltos,2020,HTX IVT,Bangalore,Comprehensive,Petrol,28134.0,5,29.0,1275000,4
4789,SUV,Automatic,0,Mahindra XUV300,2022,W8 Option AMT BSVI,Bangalore,Comprehensive,Petrol,5000.0,5,29.0,1320000,2
4790,Hatchback,Automatic,1,Hyundai i10,2011,Sportz AT,Bangalore,Comprehensive,Petrol,28000.0,5,29.0,270000,13
4791,Hatchback,Manual,1,Hyundai i10,2014,Sportz,Bangalore,Comprehensive,Petrol,46005.0,5,29.0,255000,10
4792,Hatchback,Automatic,1,Honda Jazz,2015,V CVT,Bangalore,Comprehensive,Petrol,32000.0,5,29.0,440000,9
4793,Sedan,Manual,1,Maruti Swift Dzire,2009,VXi,Bangalore,Comprehensive,Petrol,45000.0,5,29.0,225000,15
4794,Hatchback,Manual,2,Hyundai EON,2014,D Lite Plus,Bangalore,Third Party insurance,Petrol,60000.0,5,29.0,180000,10
4795,Sedan,Manual,1,Honda City,2017,i VTEC V,Bangalore,Comprehensive,Petrol,32844.0,5,29.0,602000,7
4796,Hatchback,Manual,1,Tata Tiago,2022,XZ Plus CNG BSVI,Bangalore,Comprehensive,CNG,5198.0,5,29.0,743000,2
4797,Hatchback,Manual,1,Hyundai i20,2013,Sportz 1.2,Bangalore,Comprehensive,Petrol,40000.0,5,29.0,335000,11
4798,Sedan,Automatic,1,Skoda Rapid,2019,1.6 MPI AT Ambition BSIV,Bangalore,Comprehensive,Petrol,19355.0,5,29.0,750000,5
4799,Sedan,Manual,1,Maruti Swift Dzire,2010,VXi,Bangalore,Third Party insurance,Petrol,60000.0,5,29.0,240000,14
4800,Hatchback,Manual,1,Maruti Wagon R,2019,VXI,Bangalore,Third Party,Petrol,31197.0,5,29.0,474000,5
4801,Hatchback,Manual,1,Datsun RediGO,2021,1.0 T Option,Bangalore,Third Party,Petrol,6651.0,5,29.0,346000,3
4802,Sedan,Manual,1,Honda City,2013,S,Bangalore,Comprehensive,Petrol,57000.0,5,29.0,335000,11
4803,Sedan,Automatic,1,Toyota Corolla Altis,2016,1.8 G CVT,Bangalore,Comprehensive,Petrol,36000.0,5,29.0,850000,8
4804,Hatchback,Manual,1,Datsun RediGO,2018,T Option,Bangalore,Third Party insurance,Petrol,30000.0,5,29.0,210000,6
4805,Hatchback,Manual,2,Hyundai i10,2014,Sportz,Bangalore,Comprehensive,Petrol,65000.0,5,29.0,230000,10
4806,Hatchback,Manual,1,Maruti Swift,2020,VXI Optional,Bangalore,Comprehensive,Petrol,24000.0,5,29.0,549000,4
4807,Sedan,Manual,1,Maruti Ciaz,2016,ZDi SHVS,Bangalore,Comprehensive,Diesel,82948.0,5,29.0,520000,8
4808,Hatchback,Manual,1,Maruti Ritz,2010,VXi,Bangalore,Comprehensive,Petrol,45000.0,5,29.0,129000,14
4809,SUV,Manual,2,Honda WR-V,2020,i-VTEC S,Bangalore,Comprehensive,Petrol,7281.0,5,29.0,641000,4
4810,Hatchback,Manual,1,Hyundai i20 Active,2016,1.2 S,Bangalore,Third Party insurance,Petrol,29428.0,5,29.0,466000,8
4811,SUV,Manual,1,Hyundai Creta,2018,1.6 SX Option,Bangalore,Comprehensive,Petrol,64000.0,5,29.0,844999,6
4812,Hatchback,Manual,1,Maruti Alto 800,2016,LXI,Bangalore,Comprehensive,Petrol,62202.0,5,29.0,215000,8
4813,Sedan,Manual,1,Honda City,2018,i-VTEC VX,Bangalore,Third Party insurance,Petrol,47000.0,5,29.0,725000,6
4814,Sedan,Manual,1,Tata Tigor,2022,XZ Plus CNG BSVI,Bangalore,Comprehensive,CNG,13145.0,5,29.0,772000,2
4815,Hatchback,Manual,1,Hyundai EON,2017,Sportz,Bangalore,Third Party,Petrol,119490.0,5,29.0,255000,7
4816,Sedan,Manual,1,Honda City,2015,i DTEC VX,Bangalore,Third Party insurance,Diesel,45000.0,5,29.0,525000,9
4817,Hatchback,Manual,1,Maruti Wagon R Stingray,2016,VXI,Bangalore,Comprehensive,Petrol,46422.0,5,29.0,295000,8
4818,Hatchback,Manual,3,Hyundai i10,2014,Sportz,Bangalore,Comprehensive,Petrol,64000.0,5,29.0,235000,10
4819,Sedan,Manual,1,Volkswagen Ameo,2020,1.5 TDI Comfortline,Bangalore,Comprehensive,Diesel,52000.0,5,29.0,495000,4
4820,Sedan,Manual,1,Honda City,2019,V MT,Bangalore,Comprehensive,Petrol,25000.0,5,29.0,685000,5
4821,Hatchback,Manual,2,Hyundai EON,2013,Era Plus,Bangalore,Third Party,Petrol,15000.0,5,29.0,186000,11
4822,SUV,Manual,1,Kia Seltos,2020,GTX Plus,Bangalore,Comprehensive,Petrol,45000.0,5,29.0,1265000,4
4823,SUV,Automatic,1,Hyundai Creta,2018,1.6 SX Automatic,Bangalore,Comprehensive,Petrol,65000.0,5,29.0,894999,6
4824,SUV,Manual,1,Jeep Compass,2018,2.0 Limited,Bangalore,Third Party,Diesel,65000.0,5,29.0,950000,6
4825,Sedan,Manual,1,Honda City,2019,i-VTEC V,Bangalore,Comprehensive,Petrol,21628.0,5,29.0,727000,5
4826,Hatchback,Manual,1,Maruti Swift,2016,VXI,Bangalore,Third Party,Petrol,8347.0,5,29.0,427000,8
4827,Hatchback,Manual,1,Hyundai Grand i10,2017,1.2 Kappa Magna BSIV,Bangalore,Third Party insurance,Petrol,52549.0,5,29.0,349000,7
4828,Hatchback,Manual,2,Maruti Swift,2014,LXI,Bangalore,Comprehensive,Petrol,44000.0,5,29.0,320000,10
4829,Hatchback,Manual,1,Hyundai Grand i10 Nios,2019,Asta CRDi,Bangalore,Third Party insurance,Diesel,53084.0,5,29.0,646000,5
4830,Sedan,Automatic,2,Toyota Corolla Altis,2018,1.8 VL CVT,Bangalore,Comprehensive,Petrol,34339.0,5,29.0,1124000,6
4831,SUV,Manual,1,Kia Seltos,2020,HTK Plus G,Bangalore,Third Party insurance,Petrol,15456.0,5,29.0,1057000,4
4832,Hatchback,Manual,1,Hyundai Santro,2018,Sportz BSIV,Bangalore,Comprehensive,Petrol,68000.0,5,29.0,385000,6
4833,SUV,Manual,1,Maruti SX4 S Cross,2021,Delta,Bangalore,Third Party insurance,Petrol,10000.0,5,29.0,875000,3
4834,Hatchback,Manual,1,Maruti Celerio,2017,ZXI,Bangalore,Third Party insurance,Petrol,50000.0,5,29.0,360000,7
4835,Sedan,Manual,2,Renault Scala,2013,RxL,Bangalore,Third Party insurance,Petrol,60000.0,5,29.0,235000,11
4836,SUV,Manual,2,Hyundai Creta,2017,1.4 E Plus CRDi,Bangalore,Comprehensive,Diesel,48752.0,5,29.0,620000,7
4837,SUV,Manual,1,Mahindra KUV 100,2017,mFALCON G80 K4 Plus 5str,Bangalore,Third Party,Petrol,5151.0,5,29.0,372000,7
4838,Hatchback,Manual,1,Maruti Alto 800,2017,LXI,Bangalore,Zero Dep,Petrol,28807.0,5,29.0,275000,7
4839,Hatchback,Manual,2,Hyundai Santro Xing,2014,GL Plus,Bangalore,Third Party insurance,Petrol,30000.0,5,29.0,220000,10
4840,Sedan,Manual,1,Honda City,2019,i-VTEC V,Bangalore,Third Party,Petrol,20593.0,5,29.0,763000,5
4841,Hatchback,Manual,1,Tata Altroz,2020,XZ BSVI,Bangalore,Third Party insurance,Petrol,10000.0,5,29.0,735000,4
4842,Sedan,Manual,1,Honda City,2022,V MT,Bangalore,Comprehensive,Petrol,13407.0,5,29.0,1015000,2
4843,Hatchback,Manual,1,Maruti Ignis,2019,1.2 Sigma BSIV,Bangalore,Third Party insurance,Petrol,100000.0,5,29.0,410000,5
4844,Hatchback,Manual,1,Hyundai i10,2015,Sportz 1.1L,Bangalore,Third Party insurance,Petrol,100000.0,5,29.0,310000,9
4845,SUV,Manual,1,Honda WR-V,2019,i-VTEC VX,Bangalore,Third Party,Petrol,45000.0,5,29.0,650000,5
4846,Hatchback,Manual,1,Maruti Swift,2019,VXI,Bangalore,Comprehensive,Petrol,77042.0,5,29.0,449000,5
4847,Sedan,Manual,1,Tata Tigor,2021,XZ BSVI,Bangalore,Third Party,Petrol,42325.0,5,29.0,517000,3
4848,Hatchback,Manual,1,Volkswagen Polo,2017,1.2 MPI Comfortline,Bangalore,Third Party insurance,Petrol,50000.0,5,29.0,500000,7
4849,Hatchback,Manual,1,Maruti Swift,2015,ZXI,Bangalore,Comprehensive,Petrol,37196.0,5,29.0,400000,9
4850,Hatchback,Manual,1,Maruti Baleno,2017,1.3 Delta,Bangalore,Third Party insurance,Diesel,61530.0,5,29.0,460000,7
4851,Hatchback,Manual,1,Hyundai i20 Active,2016,1.2 SX Dual Tone,Bangalore,Third Party insurance,Petrol,48000.0,5,29.0,580000,8
4852,SUV,Manual,1,Maruti Vitara Brezza,2017,ZDi Plus Dual Tone,Bangalore,Comprehensive,Diesel,74444.0,5,29.0,643000,7
4853,Hatchback,Manual,1,Skoda Fabia,2011,1.2 MPI Elegance,Bangalore,Third Party insurance,Petrol,120000.0,5,29.0,200000,13
4854,Hatchback,Manual,1,Maruti S-Presso,2020,VXI Plus 2019-2022,Bangalore,Comprehensive,Petrol,11768.0,5,29.0,411000,4
4855,Hatchback,Manual,2,Renault KWID,2020,RXT,Bangalore,Third Party,Petrol,19715.0,5,29.0,384000,4
4856,SUV,Manual,1,Honda WR-V,2018,i-VTEC VX,Bangalore,Third Party insurance,Petrol,54581.0,5,29.0,500000,6
4857,Sedan,Automatic,1,Audi A6,2014,2.0 TDI Premium Plus,Bangalore,Comprehensive,Diesel,34000.0,5,29.0,1475000,10
4858,Hatchback,Manual,2,Hyundai i20,2016,Sportz 1.2,Bangalore,Third Party insurance,Petrol,50000.0,5,29.0,500000,8
4859,Hatchback,Manual,2,Volkswagen Polo,2014,1.2 MPI Highline,Bangalore,Third Party insurance,Petrol,40000.0,5,29.0,360000,10
4860,SUV,Automatic,1,BMW X3,2012,xDrive20d,Bangalore,Comprehensive,Diesel,68000.0,5,29.0,1199000,12
4861,Sedan,Manual,2,Tata Manza,2014,Club Class Quadrajet90 LX,Bangalore,Third Party insurance,Diesel,70000.0,5,29.0,220000,10
4862,Sedan,Manual,1,Tata Tigor,2021,XM BSVI,Bangalore,Third Party,Petrol,70179.0,5,29.0,518000,3
4863,SUV,Manual,1,Renault Captur,2018,1.5 Diesel RXL,Bangalore,Third Party insurance,Diesel,20000.0,5,29.0,800000,6
4864,Hatchback,Manual,1,Maruti Alto 800,2016,LXI,Bangalore,Third Party,Petrol,28651.0,5,29.0,227000,8
4865,Sedan,Manual,2,Honda City,2014,i VTEC V,Bangalore,Third Party,Petrol,64787.0,5,29.0,372000,10
4866,Hatchback,Manual,1,Maruti Wagon R,2019,VXI,Bangalore,Comprehensive,Petrol,24147.0,5,29.0,437000,5
4867,Sedan,Automatic,1,Toyota Corolla Altis,2017,VL AT,Bangalore,Third Party,Petrol,65000.0,5,29.0,950000,7
4868,Sedan,Manual,1,Honda City,2015,i VTEC VX,Bangalore,Comprehensive,Petrol,79513.0,5,29.0,421000,9
4869,Hatchback,Manual,1,Hyundai i20,2010,1.2 Magna,Bangalore,Third Party insurance,Petrol,87845.0,5,29.0,193000,14
4870,Sedan,Manual,1,Volkswagen Jetta,2015,1.4 TSI Comfortline,Bangalore,Third Party insurance,Petrol,55000.0,5,29.0,599000,9
4871,Hatchback,Manual,1,Honda Brio,2014,S MT,Bangalore,Third Party insurance,Petrol,47183.0,5,29.0,335000,10
4872,Sedan,Manual,1,Hyundai Elantra,2017,1.6 SX,Bangalore,Comprehensive,Diesel,54600.0,5,29.0,843000,7
4873,Hatchback,Manual,1,Hyundai Santro Xing,2007,XL,Bangalore,Third Party insurance,Petrol,20000.0,5,29.0,0,17
4874,Sedan,Manual,1,Chevrolet Sail,2015,1.2 LS,Bangalore,Third Party insurance,Petrol,70000.0,5,29.0,180000,9
4875,SUV,Manual,1,Maruti Vitara Brezza,2021,LXI,Bangalore,Zero Dep,Petrol,29882.0,5,29.0,673000,3
4876,Hatchback,Manual,1,Toyota Etios Liva,2011,G,Bangalore,Third Party,Petrol,55314.0,5,29.0,198000,13
4877,Sedan,Manual,1,Hyundai Verna,2013,1.6 CRDI,Bangalore,Third Party insurance,Diesel,69000.0,5,29.0,250000,11
4878,Sedan,Manual,2,Maruti Swift Dzire,2015,VXI,Bangalore,Comprehensive,Petrol,41565.0,5,29.0,338000,9
4879,Hatchback,Manual,2,Hyundai i20,2011,Asta 1.2,Bangalore,Comprehensive,Petrol,46624.0,5,29.0,198000,13
4880,Hatchback,Manual,1,Maruti Alto 800,2019,LXI,Bangalore,Third Party,Petrol,22950.0,5,29.0,283000,5
4881,Hatchback,Manual,2,Hyundai i10,2014,Era,Bangalore,Comprehensive,Petrol,42000.0,5,29.0,214000,10
4882,Hatchback,Manual,1,Hyundai EON,2014,Era Plus,Bangalore,Third Party,Petrol,26135.0,5,29.0,215000,10
4883,Hatchback,Manual,1,Volkswagen Polo,2020,1.0 MPI Highline Plus BSIV,Bangalore,Comprehensive,Petrol,20913.0,5,29.0,749000,4
4884,Hatchback,Manual,2,Hyundai EON,2013,Era Plus,Bangalore,Comprehensive,Petrol,14000.0,5,29.0,185000,11
4885,Hatchback,Manual,1,Maruti S-Presso,2020,VXi Plus,Bangalore,Comprehensive,Petrol,3000.0,5,29.0,421000,4
4886,Hatchback,Manual,1,Maruti Baleno,2018,1.3 Sigma,Bangalore,Comprehensive,Diesel,52002.0,5,29.0,465000,6
4887,Hatchback,Manual,2,Hyundai i20,2010,1.2 Magna,Bangalore,Third Party insurance,Petrol,60000.0,5,29.0,200000,14
4888,SUV,Manual,1,Kia Seltos,2021,HTX Plus Diesel,Bangalore,Third Party insurance,Diesel,50000.0,5,29.0,1321000,3
4889,Sedan,Manual,1,Toyota Corolla Altis,2014,G MT,Bangalore,Third Party insurance,Petrol,59000.0,5,29.0,450000,10
4890,SUV,Manual,1,Kia Sonet,2022,GTX Plus Diesel iMT BSVI,Bangalore,Comprehensive,Diesel,15000.0,5,29.0,1199000,2
4891,Hatchback,Manual,2,Hyundai EON,2014,Era Plus,Bangalore,Comprehensive,Petrol,22393.0,5,29.0,210000,10
4892,Sedan,Manual,1,Honda Amaze,2016,S i-DTEC,Bangalore,Comprehensive,Diesel,53483.0,5,29.0,345000,8
4893,Sedan,Automatic,1,Honda New Accord,2011,2.4 AT,Bangalore,Third Party insurance,Petrol,49000.0,5,29.0,421000,13
4894,Hatchback,Manual,1,Maruti Alto K10,2011,VXI,Bangalore,Comprehensive,Petrol,38420.0,5,29.0,171000,13
4895,Hatchback,Manual,1,Hyundai i10,2010,Sportz 1.2,Bangalore,Comprehensive,Petrol,60585.0,5,29.0,172000,14
4896,Sedan,Automatic,1,Skoda Rapid,2019,1.5 TDI AT Ambition BSIV,Bangalore,Zero Dep,Diesel,37243.0,5,29.0,794000,5
4897,SUV,Manual,1,Toyota Urban cruiser,2022,Premium,Bangalore,Comprehensive,Petrol,25796.0,5,29.0,881000,2
4898,SUV,Automatic,1,Hyundai Venue,2019,SX Plus Turbo DCT BSIV,Bangalore,Comprehensive,Petrol,29717.0,5,29.0,852999,5
4899,Hatchback,Manual,1,Nissan Micra Active,2018,XV Petrol,Bangalore,Comprehensive,Petrol,42000.0,5,29.0,325000,6
4900,Hatchback,Manual,1,Maruti Wagon R Stingray,2014,VXI,Bangalore,Comprehensive,Petrol,24425.0,5,29.0,284000,10
4901,Sedan,Automatic,1,Skoda Rapid,2020,1.0 TSI Ambition AT,Bangalore,Comprehensive,Petrol,14323.0,5,29.0,936000,4
4902,Sedan,Manual,2,Hyundai Verna,2011,1.6 VTVT,Bangalore,Third Party insurance,Petrol,50000.0,5,29.0,250000,13
4903,Hatchback,Manual,2,Hyundai i10,2010,Era,Bangalore,Third Party insurance,Petrol,60000.0,5,29.0,165000,14
4904,Sedan,Manual,1,Maruti Swift Dzire,2022,ZXI Plus BSVI,Bangalore,Comprehensive,Petrol,23684.0,5,29.0,850000,2
4905,Hatchback,Manual,1,Hyundai i10,2009,Era,Bangalore,Third Party insurance,Petrol,40000.0,5,29.0,161000,15
4906,Sedan,Manual,2,Hyundai Verna,2014,1.6 EX VTVT,Bangalore,Comprehensive,Petrol,51000.0,5,29.0,361000,10
4907,Hatchback,Manual,1,Maruti Wagon R,2021,VXI,Bangalore,Comprehensive,Petrol,10143.0,5,29.0,510000,3
4908,Hatchback,Manual,2,Maruti S-Presso,2019,VXI Plus 2019-2022,Bangalore,Third Party insurance,Petrol,53657.0,5,29.0,415000,5
4909,Hatchback,Manual,1,Maruti Celerio,2014,VXI,Bangalore,Comprehensive,Petrol,88532.0,5,29.0,266000,10
4910,Hatchback,Manual,1,Maruti Wagon R,2013,LXI BS IV,Bangalore,Third Party insurance,Petrol,60000.0,5,29.0,150000,11
4911,SUV,Manual,1,Skoda Kushaq,2021,1.0 TSI Style BSVI,Bangalore,Comprehensive,Petrol,12059.0,5,29.0,1375000,3
4912,Hatchback,Manual,1,Tata Tiago,2021,XZ Plus BSVI,Bangalore,Third Party insurance,Petrol,10000.0,5,29.0,520000,3
4913,SUV,Manual,1,Renault Duster,2018,110PS Diesel RxZ,Bangalore,Comprehensive,Diesel,20000.0,5,29.0,650000,6
4914,Sedan,Manual,1,Maruti Swift Dzire,2013,VXI,Bangalore,Comprehensive,Petrol,37000.0,5,29.0,285000,11
4915,Hatchback,Manual,1,Hyundai Grand i10 Nios,2022,Asta,Bangalore,Comprehensive,Petrol,9520.0,5,29.0,728000,2
4916,Sedan,Manual,1,Chevrolet Sail,2016,1.2 LS ABS,Bangalore,Third Party insurance,Petrol,100000.0,5,29.0,210000,8
4917,Hatchback,Manual,1,Hyundai Santro,2022,Sportz Executive CNG,Bangalore,Comprehensive,CNG,22577.0,5,29.0,535000,2
4918,Hatchback,Manual,1,Hyundai Grand i10,2020,1.2 Kappa Magna BSIV,Bangalore,Comprehensive,Petrol,20101.0,5,29.0,526000,4
4919,Hatchback,Manual,1,Skoda Fabia,2011,1.2 MPI Elegance,Bangalore,Third Party insurance,Petrol,120000.0,5,29.0,180000,13
4920,SUV,Manual,1,Tata Nexon,2021,XZ Plus S BSVI,Bangalore,Comprehensive,Petrol,15258.0,5,29.0,970000,3
4921,SUV,Automatic,1,Hyundai Venue,2020,SX Plus Turbo DCT BSIV,Bangalore,Third Party,Petrol,36397.0,5,29.0,951000,4
4922,Hatchback,Manual,1,Skoda Fabia,2011,1.2 MPI Elegance,Bangalore,Third Party insurance,Petrol,120000.0,5,29.0,180000,13
4923,Sedan,Automatic,1,BMW 3 Series,2012,320d Sedan,Bangalore,Comprehensive,Diesel,52000.0,5,29.0,975000,12
4924,SUV,Automatic,2,MG Hector,2020,Sharp DCT,Bangalore,Third Party insurance,Petrol,30000.0,5,29.0,1499000,4
4925,Hatchback,Manual,1,Maruti Swift,2019,ZXI Plus,Bangalore,Comprehensive,Petrol,11326.0,5,29.0,614000,5
4926,Hatchback,Manual,1,Maruti Swift,2020,ZXI Plus,Bangalore,Comprehensive,Petrol,23609.0,5,29.0,630000,4
4927,Hatchback,Manual,2,Maruti Celerio,2016,VXI,Bangalore,Third Party insurance,Petrol,30000.0,5,29.0,320000,8
4928,Hatchback,Manual,1,Hyundai Santro Xing,2014,GLS,Bangalore,Third Party insurance,Petrol,60533.0,5,29.0,241000,10
4929,Sedan,Manual,1,Maruti Ciaz,2016,VXi,Bangalore,Third Party,Petrol,46328.0,5,29.0,513000,8
4930,SUV,Automatic,1,Hyundai Venue,2019,SX Plus Turbo DCT BSIV,Bangalore,Zero Dep,Petrol,31745.0,5,29.0,1006000,5
4931,SUV,Manual,1,Renault Kiger,2021,RXZ,Bangalore,Comprehensive,Petrol,3115.0,5,29.0,718000,3
4932,Hatchback,Manual,1,Hyundai Grand i10,2015,Asta,Bangalore,Third Party insurance,Petrol,10000.0,5,29.0,475000,9
4933,Sedan,Manual,3,Hyundai Xcent,2014,1.2 Kappa S,Bangalore,Third Party insurance,Petrol,40000.0,5,29.0,305000,10
4934,Sedan,Manual,1,Honda City,2018,i VTEC VX,Bangalore,Comprehensive,Petrol,45652.0,5,29.0,755000,6
4935,Sedan,Manual,1,Maruti Ciaz,2019,Alpha BSIV,Bangalore,Third Party insurance,Petrol,30000.0,5,29.0,800000,5
4936,Hatchback,Manual,1,Hyundai Grand i10,2017,Magna,Bangalore,Third Party insurance,Petrol,30000.0,5,29.0,450000,7
4937,Hatchback,Manual,1,Hyundai i20,2011,1.2 Magna,Bangalore,Third Party insurance,Petrol,70000.0,5,29.0,290000,13
4938,Sedan,Manual,1,Honda City,2015,VX MT,Bangalore,Third Party insurance,Petrol,18255.0,5,29.0,600000,9
4939,Sedan,Manual,2,Toyota Corolla Altis,2015,GL MT,Bangalore,Third Party insurance,Petrol,80000.0,5,29.0,595000,9
4940,Hatchback,Manual,1,Maruti Celerio,2022,ZXI BSVI,Bangalore,Comprehensive,Petrol,6398.0,5,29.0,546000,2
4941,Hatchback,Automatic,1,Hyundai Grand i10 Nios,2020,AMT Sportz,Bangalore,Comprehensive,Petrol,45739.0,5,29.0,588000,4
4942,Sedan,Manual,1,Toyota Yaris,2018,V,Bangalore,Comprehensive,Petrol,41334.0,5,29.0,623000,6
4943,Hatchback,Manual,1,Honda Brio,2014,S MT,Bangalore,Third Party insurance,Petrol,51463.0,5,29.0,300000,10
4944,Hatchback,Manual,1,Maruti Alto 800,2019,VXI BSIV,Bangalore,Comprehensive,Petrol,29478.0,5,29.0,338000,5
4945,Hatchback,Manual,1,Maruti S-Presso,2022,VXI Plus 2019-2022,Bangalore,Comprehensive,Petrol,6903.0,5,29.0,443000,2
4946,Hatchback,Manual,2,Hyundai i10,2013,Sportz,Bangalore,Comprehensive,Petrol,57602.0,5,29.0,213000,11
4947,Hatchback,Manual,1,Maruti Alto 800,2015,LXI,Bangalore,Comprehensive,Petrol,10000.0,5,29.0,234000,9
4948,Hatchback,Manual,1,Hyundai i10,2009,Era 1.1,Bangalore,Third Party insurance,Petrol,50000.0,5,29.0,140000,15
4949,Hatchback,Automatic,1,Maruti Baleno,2018,1.2 CVT Delta,Bangalore,Comprehensive,Petrol,18000.0,5,29.0,534000,6
4950,Hatchback,Automatic,1,Maruti Wagon R,2018,AMT VXI Option,Bangalore,Comprehensive,Petrol,32000.0,5,29.0,380000,6
4951,Sedan,Manual,1,Honda City,2014,i VTEC S,Bangalore,Comprehensive,Petrol,45000.0,5,29.0,381000,10
4952,Sedan,Automatic,1,Honda City,2018,VX CVT,Bangalore,Third Party insurance,Petrol,29000.0,5,29.0,749000,6
4953,Hatchback,Automatic,1,Hyundai i20,2021,Asta Opt Turbo DCT BSVI,Bangalore,Comprehensive,Petrol,20378.0,5,29.0,877000,3
4954,SUV,Automatic,1,Skoda Kushaq,2022,1.0 TSI Ambition AT BSVI,Bangalore,Third Party insurance,Petrol,10000.0,5,29.0,1400000,2
4955,Hatchback,Manual,1,Hyundai i10,2015,Era,Bangalore,Comprehensive,Petrol,33683.0,5,29.0,335000,9
4956,Hatchback,Manual,1,Maruti S-Presso,2021,VXI 2019-2022,Bangalore,Comprehensive,Petrol,18518.0,5,29.0,414000,3
4957,Hatchback,Manual,1,Maruti Wagon R,2016,VXI,Bangalore,Comprehensive,Petrol,36000.0,5,29.0,321000,8
4958,Hatchback,Manual,2,Maruti Alto K10,2019,VXI Optional,Bangalore,Comprehensive,Petrol,30791.0,5,29.0,323000,5
4959,Hatchback,Manual,1,Maruti Alto 800,2020,VXI BSVI,Bangalore,Comprehensive,Petrol,14447.0,5,29.0,345000,4
4960,Hatchback,Manual,2,Hyundai Grand i10,2019,1.2 Kappa Sportz BSIV,Bangalore,Comprehensive,Petrol,19991.0,5,29.0,454000,5
4961,Hatchback,Manual,1,Hyundai EON,2016,Magna Plus Option,Bangalore,Comprehensive,Petrol,24000.0,5,29.0,259000,8
4962,SUV,Manual,1,Audi Q3,2015,30 TDI,Bangalore,Comprehensive,Diesel,45000.0,5,29.0,1095000,9
4963,Hatchback,Manual,1,Hyundai Grand i10,2013,Asta Option,Bangalore,Third Party,Petrol,35444.0,5,29.0,325000,11
4964,Hatchback,Manual,1,Hyundai Grand i10,2017,Asta Option,Bangalore,Third Party insurance,Petrol,35000.0,5,29.0,415000,7
4965,Hatchback,Manual,2,Maruti Alto,2007,LX,Bangalore,Third Party insurance,Petrol,40000.0,5,29.0,0,17
4966,Hatchback,Manual,1,Maruti Alto K10,2019,VXI,Bangalore,Comprehensive,Petrol,49546.0,5,29.0,333000,5
4967,Sedan,Manual,1,Maruti Swift Dzire,2014,VXI,Bangalore,Comprehensive,Petrol,38698.0,5,29.0,406000,10
4968,Sedan,Manual,1,Honda City,2018,V MT,Bangalore,Comprehensive,Petrol,32814.0,5,29.0,675000,6
4969,Sedan,Manual,1,Hyundai Xcent,2015,1.2 Kappa S,Bangalore,Third Party,Petrol,14642.0,5,29.0,329000,9
4970,Hatchback,Manual,1,Maruti Alto 800,2017,LXI,Bangalore,Comprehensive,Petrol,33429.0,5,29.0,279000,7
4971,Sedan,Manual,2,Hyundai Sonata,2012,2.4 GDi MT,Bangalore,Comprehensive,Petrol,36448.0,5,29.0,299000,12
4972,Hatchback,Manual,1,Hyundai Grand i10 Nios,2022,Sportz,Bangalore,Comprehensive,Petrol,30739.0,5,29.0,622000,2
4973,Hatchback,Manual,1,Hyundai Grand i10 Nios,2020,Sportz Dual Tone,Bangalore,Comprehensive,Petrol,13463.0,5,29.0,618000,4
4974,Hatchback,Automatic,1,Maruti S-Presso,2019,VXI Plus AT 2019-2022,Bangalore,Third Party insurance,Petrol,15477.0,5,29.0,431000,5
4975,Hatchback,Automatic,1,Maruti Wagon R,2018,AMT VXI Option,Bangalore,Third Party insurance,Petrol,33000.0,5,29.0,415000,6
4976,Hatchback,Manual,2,Hyundai i10,2010,Sportz 1.2,Bangalore,Third Party insurance,Petrol,50000.0,5,29.0,180000,14
4977,Hatchback,Manual,1,Maruti Baleno,2019,1.2 Delta,Bangalore,Third Party insurance,Petrol,10000.0,5,29.0,620000,5
4978,Sedan,Manual,1,Volkswagen Vento,2015,1.5 TDI Comfortline,Bangalore,Third Party insurance,Diesel,50000.0,5,29.0,380000,9
4979,SUV,Manual,1,Hyundai Venue,2020,SX Turbo,Bangalore,Comprehensive,Petrol,19712.0,5,29.0,868000,4
4980,Sedan,Manual,1,Ambassador,2013,Grand 1500 DSZ BSIII,Bangalore,Third Party insurance,Diesel,150000.0,5,29.0,100000,11
4981,SUV,Manual,1,Renault Duster,2021,RXS,Bangalore,Comprehensive,Petrol,25695.0,5,29.0,827000,3
4982,Hatchback,Manual,1,Maruti S-Presso,2021,VXI Plus 2019-2022,Bangalore,Third Party insurance,Petrol,20000.0,5,29.0,420000,3
4983,SUV,Manual,1,Renault Duster,2020,RXZ,Bangalore,Comprehensive,Petrol,42970.0,5,29.0,803999,4
4984,Hatchback,Manual,2,Maruti Alto,2012,LXi,Bangalore,Comprehensive,Petrol,12541.0,5,29.0,179000,12
4985,Hatchback,Manual,1,Hyundai i20,2019,Petrol Spotz,Bangalore,Third Party insurance,Petrol,10000.0,5,29.0,550000,5
4986,Hatchback,Manual,2,Hyundai Grand i10 Nios,2021,Sportz,Bangalore,Third Party insurance,Petrol,10000.0,5,29.0,650000,3
4987,Sedan,Manual,1,Honda City,2015,V MT,Bangalore,Comprehensive,Petrol,49817.0,5,29.0,449000,9
4988,Hatchback,Manual,2,Hyundai Grand i10 Nios,2021,Sportz,Bangalore,Third Party insurance,Petrol,10000.0,5,29.0,650000,3
4989,Hatchback,Manual,2,Renault KWID,2016,1.0 RXT,Bangalore,Third Party insurance,Petrol,30000.0,5,29.0,250000,8
4990,SUV,Manual,2,Tata Nexon,2022,XZ Plus BSVI,Bangalore,Third Party insurance,Petrol,10000.0,5,29.0,821000,2
4991,Sedan,Manual,2,Hyundai Xcent,2014,1.1 CRDi S Option,Bangalore,Third Party insurance,Diesel,70000.0,5,29.0,280000,10
4992,Hatchback,Manual,1,Maruti Swift,2020,ZXI Plus,Bangalore,Comprehensive,Petrol,6347.0,5,29.0,663000,4
4993,Hatchback,Automatic,2,Maruti Ignis,2019,1.2 AMT Delta BSIV,Bangalore,Comprehensive,Petrol,19437.0,5,29.0,559000,5
4994,Hatchback,Manual,1,Maruti Swift,2019,VDI,Bangalore,Third Party insurance,Diesel,61262.0,5,29.0,500000,5
4995,SUV,Manual,1,Tata Nexon,2021,XZ Plus S BSVI,Bangalore,Comprehensive,Petrol,6059.0,5,29.0,934000,3
4996,Hatchback,Manual,1,Tata Altroz,2022,XZ Plus Dark Edition Diesel BSVI,Bangalore,Comprehensive,Diesel,9134.0,5,29.0,914000,2
4997,Hatchback,Manual,1,Maruti Baleno,2022,1.2 Alpha,Bangalore,Comprehensive,Petrol,23092.0,5,29.0,840000,2
4998,Hatchback,Manual,1,Tata Altroz,2020,XZ Diesel BSVI,Bangalore,Comprehensive,Diesel,33937.0,5,29.0,684000,4
4999,Sedan,Manual,1,Maruti Ciaz,2015,VXi,Bangalore,Third Party insurance,Petrol,20000.0,5,29.0,524000,9
5000,Hatchback,Manual,1,Toyota Etios Liva,2017,1.2 V,Bangalore,Comprehensive,Petrol,49134.0,5,29.0,442000,7
5001,Hatchback,Manual,2,Maruti Ritz,2010,VXI,Bangalore,Comprehensive,Petrol,71900.0,5,29.0,192000,14
5002,Hatchback,Manual,1,Maruti Wagon R,2020,VXI Opt,Bangalore,Third Party insurance,Petrol,20000.0,5,29.0,580000,4
5003,Sedan,Automatic,1,Honda Amaze,2021,VX CVT Petrol,Bangalore,Third Party insurance,Petrol,10000.0,5,29.0,828999,3
5004,Hatchback,Manual,2,Hyundai i20,2019,Petrol Spotz,Bangalore,Third Party insurance,Petrol,10000.0,5,29.0,600000,5
5005,Sedan,Manual,1,Honda City,2019,i-VTEC V,Bangalore,Comprehensive,Petrol,48384.0,5,29.0,775000,5
5006,SUV,Automatic,1,MG Hector,2019,Sharp AT BSIV,Bangalore,Third Party insurance,Petrol,32000.0,5,29.0,1365000,5
5007,Sedan,Manual,1,Skoda Rapid,2020,Monte Carlo 1.6 MPI BSIV,Bangalore,Third Party insurance,Petrol,20000.0,5,29.0,850000,4
5008,Sedan,Manual,1,Toyota Etios,2015,1.5 G,Bangalore,Comprehensive,Petrol,56023.0,5,29.0,435000,9
5009,Sedan,Manual,2,Hyundai Elantra,2019,1.6 SX,Bangalore,Comprehensive,Diesel,60840.0,5,29.0,956000,5
5010,Hatchback,Automatic,1,Nissan Micra,2017,XL CVT,Bangalore,Comprehensive,Petrol,18984.0,5,29.0,431000,7
5011,Sedan,Manual,1,Tata Zest,2017,Quadrajet 1.3 75PS XM,Bangalore,Comprehensive,Diesel,115173.0,5,29.0,432000,7
5012,Hatchback,Manual,1,Maruti Alto K10,2014,2010-2014 VXI,Bangalore,Third Party insurance,Petrol,26251.0,5,29.0,255000,10
5013,Hatchback,Automatic,2,Maruti S-Presso,2021,VXI AT 2019-2022,Bangalore,Comprehensive,Petrol,6230.0,5,29.0,479000,3
5014,SUV,Manual,1,Tata Nexon,2020,XM S BSVI,Bangalore,Third Party insurance,Petrol,30000.0,5,29.0,763000,4
5015,Sedan,Automatic,1,Honda Amaze,2022,VX CVT BSVI,Bangalore,Third Party insurance,Petrol,25228.0,5,29.0,846000,2
5016,SUV,Manual,1,Hyundai Creta,2019,1.6 SX,Bangalore,Comprehensive,Petrol,46717.0,5,29.0,999000,5
5017,Hatchback,Manual,1,Hyundai i10,2013,Sportz,Bangalore,Third Party insurance,Petrol,20000.0,5,29.0,280000,11
5018,Sedan,Manual,1,Skoda Rapid,2014,1.6 TDI Active Plus,Bangalore,Third Party,Diesel,65000.0,5,29.0,350000,10
5019,Sedan,Manual,1,Honda Amaze,2018,VX Petrol BSIV,Bangalore,Comprehensive,Petrol,91000.0,5,29.0,445000,6
5020,Hatchback,Manual,1,Hyundai i20 Active,2017,1.2 SX,Bangalore,Third Party,Petrol,45000.0,5,29.0,500000,7
5021,Sedan,Manual,1,Maruti Ciaz,2019,Alpha BSIV,Bangalore,Third Party insurance,Petrol,30000.0,5,29.0,825000,5
5022,Hatchback,Manual,1,Maruti Baleno,2017,1.2 Alpha,Bangalore,Third Party insurance,Petrol,60000.0,5,29.0,510000,7
5023,Sedan,Manual,1,Toyota Etios,2014,G,Bangalore,Third Party,Petrol,56000.0,5,29.0,325000,10
5024,Sedan,Manual,1,Hyundai Verna,2016,1.6 VTVT S,Bangalore,Third Party insurance,Petrol,54419.0,5,29.0,500000,8
5025,Hatchback,Manual,1,Maruti Alto 800,2020,LXI,Bangalore,Third Party insurance,Petrol,5385.0,5,29.0,334000,4
5026,Sedan,Automatic,1,Audi A6,2014,2.0 TDI,Bangalore,Comprehensive,Diesel,40375.0,5,29.0,1250000,10
5027,Hatchback,Automatic,1,Hyundai i20,2020,Asta Turbo DCT,Bangalore,Comprehensive,Petrol,10837.0,5,29.0,774000,4
5028,Hatchback,Manual,1,Maruti Alto 800,2020,LXI,Bangalore,Comprehensive,Petrol,4521.0,5,29.0,326000,4
5029,Sedan,Manual,1,Maruti Swift Dzire,2021,VXI BSVI,Bangalore,Comprehensive,Petrol,6805.0,5,29.0,634000,3
5030,Sedan,Automatic,1,Mercedes-Benz C-Class,2011,C 250 CDI Elegance,Bangalore,Third Party insurance,Diesel,47000.0,5,29.0,825000,13
5031,Hatchback,Automatic,1,Maruti S-Presso,2021,VXI Plus AT 2019-2022,Bangalore,Comprehensive,Petrol,23733.0,5,29.0,458000,3
5032,Hatchback,Manual,1,Maruti S-Presso,2021,VXI 2019-2022,Bangalore,Comprehensive,Petrol,9473.0,5,29.0,414000,3
5033,SUV,Manual,1,Renault Duster,2013,110PS Diesel RxL,Bangalore,Third Party insurance,Diesel,150000.0,5,29.0,310000,11
5034,Sedan,Automatic,2,Hyundai Xcent,2015,1.2 Kappa AT SX Option,Bangalore,Third Party insurance,Petrol,70000.0,5,29.0,450000,9
5035,Sedan,Automatic,3,Honda New Accord,2008,2.4 A/T,Bangalore,Comprehensive,Petrol,89398.0,5,29.0,500000,16
5036,Sedan,Automatic,3,Toyota Camry,2014,Hybrid,Bangalore,Third Party insurance,Petrol,70000.0,5,29.0,1200000,10
5037,Hatchback,Manual,2,Ford Figo,2011,Petrol ZXI,Bangalore,Comprehensive,Petrol,42000.0,5,29.0,149000,13
5038,Hatchback,Automatic,1,Maruti Alto K10,2016,VXI AMT,Bangalore,Comprehensive,Petrol,19392.0,5,29.0,324000,8
5039,Hatchback,Manual,1,Maruti Alto 800,2021,VXI BSVI,Bangalore,Comprehensive,Petrol,9522.0,5,29.0,356000,3
5040,Hatchback,Manual,1,Chevrolet Beat,2016,PS,Bangalore,Comprehensive,Petrol,19003.0,5,29.0,230000,8
5041,Hatchback,Manual,1,Maruti Alto 800,2016,LXI,Bangalore,Comprehensive,Petrol,28329.0,5,29.0,268000,8
5042,Hatchback,Manual,1,Maruti Swift,2020,VXI,Bangalore,Comprehensive,Petrol,47584.0,5,29.0,549000,4
5043,Hatchback,Manual,1,Hyundai Grand i10,2019,1.2 Kappa Sportz BSIV,Bangalore,Comprehensive,Petrol,24021.0,5,29.0,487000,5
5044,Hatchback,Manual,2,Maruti Alto K10,2019,VXI,Bangalore,Comprehensive,Petrol,44094.0,5,29.0,302000,5
5045,Sedan,Automatic,1,Maruti Swift Dzire,2015,VXi AT,Bangalore,Comprehensive,Petrol,9470.0,5,29.0,425000,9
5046,Hatchback,Manual,1,Maruti S-Presso,2021,VXI 2019-2022,Bangalore,Comprehensive,Petrol,7000.0,5,29.0,430000,3
5047,Hatchback,Manual,1,Maruti Baleno,2018,1.3 Sigma,Bangalore,Comprehensive,Diesel,73000.0,5,29.0,445000,6
5048,SUV,Manual,1,Maruti Brezza,2022,Zxi Plus DT BSVI,Bangalore,Comprehensive,Petrol,11000.0,5,29.0,1199000,2
5049,Hatchback,Manual,1,Hyundai i10,2010,Sportz 1.2,Bangalore,Third Party insurance,Petrol,30000.0,5,29.0,170000,14
5050,SUV,Manual,1,Nissan Terrano,2013,XL 85 PS,Bangalore,Comprehensive,Diesel,35500.0,5,29.0,350000,11
5051,Hatchback,Manual,1,Maruti Wagon R,2021,CNG LXI Opt,Bangalore,Comprehensive,CNG,34144.0,5,29.0,498000,3
5052,Hatchback,Manual,1,Hyundai Grand i10 Nios,2021,Sportz,Bangalore,Third Party insurance,Petrol,6669.0,5,29.0,625000,3
5053,Hatchback,Manual,1,Hyundai Grand i10,2019,1.2 Kappa Sportz BSIV,Bangalore,Third Party insurance,Petrol,22618.0,5,29.0,494000,5
5054,Hatchback,Manual,1,Maruti Wagon R,2019,CNG LXI,Bangalore,Comprehensive,CNG,27042.0,5,29.0,462000,5
5055,Hatchback,Manual,1,Maruti Alto 800,2019,LXI,Bangalore,Comprehensive,Petrol,21388.0,5,29.0,304000,5
5056,Hatchback,Manual,1,Maruti Wagon R,2015,LXI BSIII,Bangalore,Comprehensive,Petrol,23005.0,5,29.0,308000,9
5057,Sedan,Automatic,1,BMW 3 Series,2008,320d,Bangalore,Third Party insurance,Diesel,90000.0,5,29.0,500000,16
5058,Hatchback,Manual,1,Chevrolet Beat,2013,LS,Bangalore,Third Party insurance,Petrol,60000.0,5,29.0,150000,11
5059,Hatchback,Manual,1,Volkswagen Polo,2016,1.2 MPI Highline,Bangalore,Third Party insurance,Petrol,60000.0,5,29.0,395000,8
5060,SUV,Automatic,1,Kia Seltos,2020,GTX Plus DCT,Bangalore,Comprehensive,Petrol,36674.0,5,29.0,1400000,4
5061,Hatchback,Automatic,1,Maruti Wagon R,2019,VXI AMT,Bangalore,Third Party insurance,Petrol,20000.0,5,29.0,450000,5
5062,Hatchback,Manual,1,Maruti Wagon R,2020,VXI,Bangalore,Comprehensive,Petrol,32165.0,5,29.0,460000,4
5063,Sedan,Manual,1,Skoda Rapid,2018,1.6 MPI Ambition BSIV,Bangalore,Third Party insurance,Petrol,27447.0,5,29.0,560000,6
5064,Hatchback,Manual,1,Maruti Alto 800,2015,VXI,Bangalore,Comprehensive,Petrol,26305.0,5,29.0,259000,9
5065,Hatchback,Manual,1,Maruti Alto,2008,LX,Bangalore,Third Party insurance,Petrol,20000.0,5,29.0,130000,16
5066,Hatchback,Manual,2,Datsun RediGO,2018,T Option,Bangalore,Comprehensive,Petrol,17024.0,5,29.0,272000,6
5067,Sedan,Automatic,1,Honda City,2020,V CVT,Bangalore,Third Party insurance,Petrol,9243.0,5,29.0,982000,4
5068,Sedan,Manual,1,Skoda Rapid,2017,1.6 MPI Active BSIV,Bangalore,Comprehensive,Petrol,100000.0,5,29.0,425000,7
5069,Hatchback,Manual,1,Datsun GO,2017,T BSIV,Bangalore,Comprehensive,Petrol,19280.0,5,29.0,297000,7
5070,SUV,Manual,1,Hyundai Venue,2019,SX Turbo BSIV,Bangalore,Third Party insurance,Petrol,10000.0,5,29.0,750000,5
5071,Sedan,Manual,1,Maruti Swift Dzire,2021,ZXI BSVI,Bangalore,Comprehensive,Petrol,9646.0,5,29.0,658000,3
5072,SUV,Manual,1,Maruti SX4 S Cross,2020,Alpha,Bangalore,Third Party insurance,Petrol,11344.0,5,29.0,750000,4
5073,Hatchback,Manual,0,Renault KWID,2021,Climber 1.0 MT,Bangalore,Comprehensive,Petrol,6000.0,5,29.0,449000,3
5074,Hatchback,Manual,1,Chevrolet Beat,2010,LT,Bangalore,Third Party insurance,Petrol,80000.0,5,29.0,150000,14
5075,Hatchback,Manual,2,Hyundai i20,2014,Asta 1.4 CRDi,Bangalore,Third Party,Diesel,35000.0,5,29.0,450000,10
5076,Hatchback,Manual,1,Hyundai Grand i10,2017,Asta Option,Bangalore,Third Party insurance,Petrol,40000.0,5,29.0,410000,7
5077,Hatchback,Manual,2,Chevrolet Beat,2012,LT,Bangalore,Third Party insurance,Petrol,30000.0,5,29.0,170000,12
5078,Sedan,Manual,1,Tata Indigo,2012,LS BSIV,Bangalore,Third Party insurance,Diesel,60000.0,5,29.0,178000,12
5079,Sedan,Automatic,1,BMW 5 Series,2010,525d Sedan,Bangalore,Comprehensive,Diesel,70000.0,5,29.0,894999,14
5080,Hatchback,Manual,1,Hyundai EON,2015,Era Plus,Bangalore,Comprehensive,Petrol,65440.0,5,29.0,239000,9
5081,Hatchback,Manual,1,Tata Altroz,2021,XZ Plus BSVI,Bangalore,Comprehensive,Petrol,35884.0,5,29.0,652000,3
5082,Sedan,Manual,1,Toyota Corolla Altis,2015,G MT,Bangalore,Third Party insurance,Petrol,77500.0,5,29.0,550000,9
5083,Sedan,Manual,1,Toyota Corolla Altis,2015,G MT,Bangalore,Comprehensive,Petrol,59729.0,5,29.0,599000,9
5084,Hatchback,Manual,1,Maruti Alto 800,2014,VXI,Bangalore,Comprehensive,Petrol,64854.0,5,29.0,199000,10
5085,Sedan,Manual,1,Ford Aspire,2017,1.5 TDCi Titanium,Bangalore,Comprehensive,Diesel,74094.0,5,29.0,445000,7
5086,Hatchback,Manual,1,Maruti Swift,2021,VXI BSVI,Bangalore,Comprehensive,Petrol,11590.0,5,29.0,620000,3
5087,Hatchback,Manual,1,Honda Jazz,2021,ZX,Bangalore,Comprehensive,Petrol,9461.0,5,29.0,706000,3
5088,Sedan,Manual,3,Renault Scala,2014,Diesel RxL,Bangalore,Comprehensive,Diesel,59006.0,5,29.0,363000,10
5089,Sedan,Manual,2,Maruti Swift Dzire,2017,VDI,Bangalore,Third Party insurance,Diesel,150000.0,5,29.0,492000,7
5090,Sedan,Manual,3,Honda Amaze,2016,SX i VTEC,Bangalore,Third Party insurance,Petrol,40000.0,5,29.0,360000,8
5091,Sedan,Manual,2,Maruti Swift Dzire,2009,VDi,Bangalore,Third Party insurance,Diesel,80000.0,5,29.0,280000,15
5092,SUV,Automatic,2,Land Rover Freelander 2,2012,HSE SD4,Bangalore,Third Party insurance,Diesel,80000.0,5,29.0,950000,12
5093,Hatchback,Manual,1,Maruti Wagon R,2010,LXI BS IV,Bangalore,Third Party insurance,Petrol,150000.0,5,29.0,250000,14
5094,Hatchback,Manual,3,Toyota Etios Liva,2011,GD,Bangalore,Third Party insurance,Diesel,60000.0,5,29.0,250000,13
5095,Hatchback,Manual,1,Honda Jazz,2016,1.2 S i VTEC,Bangalore,Third Party,Petrol,82286.0,5,29.0,373000,8
5096,Hatchback,Manual,1,Maruti Celerio,2022,ZXI BSVI,Bangalore,Comprehensive,Petrol,10518.0,5,29.0,517000,2
5097,Hatchback,Manual,1,Maruti Celerio,2020,ZXI MT BSIV,Bangalore,Comprehensive,Petrol,6204.0,5,29.0,456000,4
5098,Hatchback,Manual,1,Hyundai i20,2013,Sportz 1.2,Bangalore,Third Party,Petrol,23696.0,5,29.0,311000,11
5099,Hatchback,Manual,1,Maruti Alto 800,2020,LXI,Bangalore,Comprehensive,Petrol,7569.0,5,29.0,305000,4
5100,Hatchback,Automatic,1,Maruti Swift,2019,AMT ZXI,Bangalore,Comprehensive,Petrol,18800.0,5,29.0,583000,5
5101,Hatchback,Automatic,1,Renault KWID,2018,1.0 AMT RXL,Bangalore,Third Party insurance,Petrol,32147.0,5,29.0,250000,6
5102,Hatchback,Manual,1,Chevrolet Beat,2010,LT,Bangalore,Third Party,Petrol,35100.0,5,29.0,150000,14
5103,SUV,Manual,1,Tata Nexon,2022,XE BSVI,Bangalore,Third Party insurance,Petrol,20000.0,5,29.0,650000,2
5104,Hatchback,Manual,1,Hyundai Grand i10,2014,Asta,Bangalore,Comprehensive,Petrol,31458.0,5,29.0,330000,10
5105,Sedan,Automatic,1,Audi A4,2015,35 TFSi Premium,Bangalore,Third Party,Petrol,12000.0,5,29.0,1499000,9
5106,Sedan,Manual,1,Honda Amaze,2021,VX Petrol,Bangalore,Third Party insurance,Petrol,10000.0,5,29.0,675000,3
5107,SUV,Automatic,1,Maruti Vitara Brezza,2018,ZDi Plus AMT Dual Tone,Bangalore,Comprehensive,Diesel,32000.0,5,29.0,775000,6
5108,Hatchback,Manual,1,Maruti Swift,2012,LDI,Bangalore,Comprehensive,Diesel,37659.0,5,29.0,280000,12
5109,Sedan,Automatic,1,Maruti Swift Dzire,2020,VXI AT BSVI,Bangalore,Comprehensive,Petrol,31479.0,5,29.0,588000,4
5110,Hatchback,Manual,1,Maruti Alto 800,2019,VXI BSVI,Bangalore,Comprehensive,Petrol,10998.0,5,29.0,329000,5
5111,Hatchback,Manual,1,Maruti Wagon R,2021,CNG LXI,Bangalore,Comprehensive,CNG,27370.0,5,29.0,479000,3
5112,Hatchback,Manual,1,Maruti Swift,2016,LXI Option,Bangalore,Comprehensive,Petrol,39714.0,5,29.0,380000,8
5113,Hatchback,Manual,1,Hyundai EON,2015,Magna Plus,Bangalore,Comprehensive,Petrol,34000.0,5,29.0,235000,9
5114,Hatchback,Manual,2,Hyundai i10,2015,Sportz,Bangalore,Comprehensive,Petrol,41469.0,5,29.0,309000,9
5115,Hatchback,Manual,1,Maruti Baleno,2019,1.2 Alpha,Bangalore,Comprehensive,Petrol,6033.0,5,29.0,670000,5
5116,Hatchback,Manual,1,Maruti Alto 800,2017,VXI,Bangalore,Comprehensive,Petrol,28036.0,5,29.0,269000,7
5117,Hatchback,Manual,1,Maruti Alto 800,2014,VXI,Bangalore,Comprehensive,Petrol,19631.0,5,29.0,248000,10
5118,Sedan,Manual,1,Honda City,2015,i VTEC V,Bangalore,Comprehensive,Petrol,50000.0,5,29.0,460000,9
5119,Hatchback,Manual,1,Maruti Baleno,2018,1.2 Delta,Bangalore,Third Party insurance,Petrol,29000.0,5,29.0,570000,6
5120,SUV,Automatic,1,Tata Nexon,2021,XZA Plus DualTone Roof AMT,Bangalore,Comprehensive,Petrol,60000.0,5,29.0,975000,3
5121,Hatchback,Manual,1,Maruti Wagon R,2018,VXI BS IV,Bangalore,Third Party insurance,Petrol,48000.0,5,29.0,330000,6
5122,Hatchback,Manual,1,Hyundai EON,2013,Magna Plus,Bangalore,Third Party insurance,Petrol,10000.0,5,29.0,220000,11
5123,Hatchback,Manual,2,Hyundai EON,2018,Sportz,Bangalore,Comprehensive,Petrol,44446.0,5,29.0,279000,6
5124,Hatchback,Manual,1,Tata Tiago,2018,1.05 Revotorq XT,Bangalore,Comprehensive,Diesel,30658.0,5,29.0,424000,6
5125,Sedan,Manual,1,Honda City,2017,i VTEC VX Option,Bangalore,Third Party insurance,Petrol,44000.0,5,29.0,595000,7
5126,Hatchback,Manual,1,Tata Tiago,2017,1.2 Revotron XZ,Bangalore,Third Party,Petrol,55073.0,5,29.0,352000,7
5127,Sedan,Automatic,1,Toyota Corolla Altis,2012,1.8 VL AT,Bangalore,Comprehensive,Petrol,43886.0,5,29.0,481000,12
5128,Sedan,Manual,2,Honda City,2016,i VTEC V,Bangalore,Comprehensive,Petrol,118569.0,5,29.0,464000,8
5129,Sedan,Manual,1,Volkswagen Vento,2014,1.5 TDI Comfortline,Bangalore,Third Party insurance,Diesel,30000.0,5,29.0,340000,10
5130,Hatchback,Manual,1,Maruti Alto 800,2019,VXI BSIV,Bangalore,Zero Dep,Petrol,18060.0,5,29.0,352000,5
5131,Hatchback,Manual,2,Maruti Wagon R,2009,VXI BSIII,Bangalore,Third Party insurance,Petrol,120000.0,5,29.0,140000,15
5132,Hatchback,Manual,1,Hyundai Santro Xing,2009,GLS,Bangalore,Third Party insurance,Petrol,80000.0,5,29.0,125000,15
5133,SUV,Manual,1,Jeep Compass,2018,2.0 Limited Plus BSIV,Bangalore,Third Party insurance,Diesel,50000.0,5,29.0,1200000,6
5134,Hatchback,Manual,3,Maruti Ritz,2010,VXi,Bangalore,Third Party insurance,Petrol,60000.0,5,29.0,160000,14
5135,Hatchback,Manual,2,Maruti Estilo,2010,LXI,Bangalore,Third Party insurance,Petrol,70000.0,5,29.0,120000,14
5136,SUV,Automatic,2,MG Hector,2020,Sharp DCT,Bangalore,Third Party insurance,Petrol,30000.0,5,29.0,1499000,4
5137,SUV,Manual,1,Hyundai Creta,2018,1.6 CRDi SX Option,Bangalore,Comprehensive,Diesel,55000.0,5,29.0,999000,6
5138,Hatchback,Manual,1,Hyundai i10,2010,Magna 1.2,Bangalore,Comprehensive,Petrol,104900.0,5,29.0,196000,14
5139,Sedan,Manual,2,Toyota Yaris,2018,J BSIV,Bangalore,Third Party,Petrol,24092.0,5,29.0,683000,6
5140,Sedan,Manual,2,Maruti Swift Dzire,2017,VDI,Bangalore,Third Party insurance,Diesel,90000.0,5,29.0,500000,7
5141,Hatchback,Manual,1,Tata Altroz,2020,XZ BSVI,Bangalore,Comprehensive,Petrol,28519.0,5,29.0,649000,4
5142,Hatchback,Manual,1,Honda Jazz,2016,1.2 VX i VTEC,Bangalore,Third Party insurance,Petrol,88785.0,5,29.0,386000,8
5143,Hatchback,Manual,2,Volkswagen Polo,2015,1.2 MPI Comfortline,Bangalore,Third Party insurance,Petrol,90000.0,5,29.0,300000,9
5144,Hatchback,Manual,2,Hyundai i20,2017,1.2 Asta Option,Bangalore,Third Party insurance,Petrol,80000.0,5,29.0,560000,7
5145,Hatchback,Manual,2,Mahindra KUV 100 NXT,2017,G80 K4 Plus 5Str,Bangalore,Third Party,Petrol,68832.0,5,29.0,436000,7
5146,SUV,Manual,2,Jeep Compass,2017,2.0 Limited Option 4X4,Bangalore,Comprehensive,Diesel,70857.0,5,29.0,1032000,7
5147,Sedan,Manual,1,Maruti Ciaz,2015,VDi Plus,Bangalore,Third Party insurance,Diesel,80000.0,5,29.0,475000,9
5148,Hatchback,Manual,2,Maruti Ritz,2010,LDi,Bangalore,Third Party insurance,Diesel,110000.0,5,29.0,140000,14
5149,Hatchback,Manual,1,Maruti Wagon R,2013,LXI BS IV,Bangalore,Third Party insurance,Petrol,60000.0,5,29.0,320000,11
5150,Hatchback,Manual,2,Hyundai Grand i10,2014,Sportz,Bangalore,Third Party insurance,Petrol,70000.0,5,29.0,340000,10
5151,Sedan,Manual,2,Maruti Swift Dzire,2011,VXi,Bangalore,Third Party insurance,Petrol,100000.0,5,29.0,250000,13
5152,Sedan,Manual,1,Hyundai Xcent,2014,1.2 Kappa S,Bangalore,Comprehensive,Petrol,38000.0,5,29.0,325000,10
5153,Sedan,Manual,1,Hyundai Xcent,2015,1.2 Kappa S,Bangalore,Third Party insurance,Petrol,60000.0,5,29.0,400000,9
5154,SUV,Manual,1,Hyundai Venue,2022,SX Turbo,Bangalore,Comprehensive,Petrol,4034.0,5,29.0,956000,2
5155,Hatchback,Manual,2,Chevrolet Beat,2014,Diesel LT,Bangalore,Comprehensive,Diesel,28614.0,5,29.0,210000,10
5156,Hatchback,Manual,1,Maruti Wagon R,2010,VXI BS IV,Bangalore,Third Party insurance,Petrol,60000.0,5,29.0,240000,14
5157,Hatchback,Manual,1,Maruti Alto 800,2015,VXI,Bangalore,Comprehensive,Petrol,34895.0,5,29.0,239000,9
5158,Hatchback,Automatic,1,Maruti Baleno,2021,Zeta CVT,Bangalore,Comprehensive,Petrol,5891.0,5,29.0,861000,3
5159,Hatchback,Automatic,2,Maruti Ignis,2020,1.2 AMT Zeta BSIV,Bangalore,Comprehensive,Petrol,17776.0,5,29.0,598000,4
5160,Hatchback,Automatic,1,Maruti Wagon R,2020,VXI AMT 1.2,Bangalore,Comprehensive,Petrol,10667.0,5,29.0,559000,4
5161,SUV,Manual,1,Kia Sonet,2021,HTX Diesel BSVI,Bangalore,Comprehensive,Diesel,27218.0,5,29.0,1035000,3
5162,Hatchback,Manual,1,Ford Figo,2015,1.2P Titanium MT,Bangalore,Comprehensive,Petrol,28000.0,5,29.0,259000,9
5163,SUV,Automatic,2,Kia Seltos,2020,HTX IVT,Bangalore,Comprehensive,Petrol,10372.0,5,29.0,1300000,4
5164,Hatchback,Manual,1,Maruti Baleno,2019,1.2 Alpha,Bangalore,Comprehensive,Petrol,6000.0,5,29.0,650000,5
5165,SUV,Automatic,1,Jeep Compass,2018,1.4 Limited Plus,Bangalore,Comprehensive,Petrol,30022.0,5,29.0,1099000,6
5166,Hatchback,Manual,1,Maruti S-Presso,2022,VXI Plus 2019-2022,Bangalore,Zero Dep,Petrol,2704.0,5,29.0,553000,2
5167,Hatchback,Manual,1,Maruti Celerio,2022,ZXI Plus,Bangalore,Zero Dep,Petrol,14425.0,5,29.0,632000,2
5168,Hatchback,Manual,1,Maruti Ignis,2018,1.2 Delta BSIV,Bangalore,Third Party insurance,Petrol,40000.0,5,29.0,330000,6
5169,Sedan,Automatic,2,Volkswagen Vento,2017,1.2 Highline Plus AT 16 Alloy,Bangalore,Third Party,Petrol,32488.0,5,29.0,690000,7
5170,Hatchback,Manual,2,Honda Brio,2012,S MT,Bangalore,Comprehensive,Petrol,73949.0,5,29.0,219000,12
5171,Hatchback,Automatic,1,Maruti Celerio,2018,ZXI AMT BSIV,Bangalore,Third Party insurance,Petrol,40000.0,5,29.0,350000,6
5172,Hatchback,Manual,2,Hyundai Grand i10,2014,Asta Option,Bangalore,Comprehensive,Petrol,55920.0,5,29.0,338000,10
5173,Hatchback,Manual,1,Maruti Swift,2014,VXI,Bangalore,Comprehensive,Petrol,33805.0,5,29.0,408000,10
5174,Sedan,Manual,1,Hyundai Xcent,2014,1.2 Kappa S,Bangalore,Comprehensive,Petrol,73781.0,5,29.0,289000,10
5175,Hatchback,Manual,2,Maruti Alto 800,2015,LXI,Bangalore,Third Party insurance,Petrol,50000.0,5,29.0,230000,9
5176,Hatchback,Manual,1,Hyundai i20,2014,Sportz 1.2,Bangalore,Third Party insurance,Petrol,65000.0,5,29.0,395000,10
5177,Hatchback,Manual,2,Hyundai i20,2011,1.2 Magna,Bangalore,Third Party,Petrol,48072.0,5,29.0,220000,13
5178,SUV,Automatic,1,Kia Seltos,2020,GTX Plus DCT,Bangalore,Third Party insurance,Petrol,75420.0,5,29.0,1200000,4
5179,SUV,Manual,1,Maruti Vitara Brezza,2018,VDi,Bangalore,Comprehensive,Diesel,40722.0,5,29.0,725000,6
5180,Hatchback,Manual,1,Maruti Swift,2015,VXI,Bangalore,Third Party insurance,Petrol,40000.0,5,29.0,430000,9
5181,Hatchback,Manual,1,Maruti Swift,2008,1.3 VXi,Bangalore,Third Party insurance,Petrol,50000.0,5,29.0,200000,16
5182,Hatchback,Manual,2,Maruti Estilo,2009,LXI,Bangalore,Third Party insurance,Petrol,50000.0,5,29.0,120000,15
5183,Hatchback,Manual,1,Maruti Alto 800,2017,VXI,Bangalore,Comprehensive,Petrol,3188.0,5,29.0,296000,7
5184,Hatchback,Manual,1,Hyundai i20,2019,Magna Plus BSIV,Bangalore,Comprehensive,Petrol,34233.0,5,29.0,527000,5
5185,Hatchback,Manual,2,Hyundai Santro Xing,2010,GL,Bangalore,Third Party insurance,Petrol,50000.0,5,29.0,140000,14
5186,Hatchback,Manual,1,Hyundai i20,2018,1.2 Magna Executive,Bangalore,Comprehensive,Petrol,40965.0,5,29.0,480000,6
5187,Sedan,Manual,2,Hyundai Verna,2011,1.6 SX VTVT,Bangalore,Third Party insurance,Petrol,70000.0,5,29.0,250000,13
5188,SUV,Manual,2,Tata Nexon,2022,XZ Plus BSVI,Bangalore,Third Party,Petrol,8176.0,5,29.0,822000,2
5189,Hatchback,Manual,1,Renault KWID,2022,1.0 RXT Opt,Bangalore,Third Party insurance,Petrol,10000.0,5,29.0,510000,2
5190,Sedan,Manual,2,Toyota Yaris,2018,V BSIV,Bangalore,Comprehensive,Petrol,13327.0,5,29.0,681000,6
5191,SUV,Automatic,2,Ford Ecosport,2019,1.5 Petrol Titanium Plus AT BSIV,Bangalore,Comprehensive,Petrol,57167.0,5,29.0,735000,5
5192,Sedan,Manual,1,Volkswagen Vento,2018,1.6 Highline,Bangalore,Third Party insurance,Petrol,35100.0,5,29.0,590000,6
5193,Hatchback,Manual,1,Hyundai i10,2010,Sportz 1.2,Bangalore,Third Party insurance,Petrol,120000.0,5,29.0,170000,14
5194,Hatchback,Manual,2,Hyundai Santro Xing,2010,GL,Bangalore,Third Party insurance,Petrol,60000.0,5,29.0,130000,14
5195,Sedan,Manual,1,Chevrolet Aveo,2008,1.4 LS Limited Edition,Bangalore,Third Party insurance,Petrol,60000.0,5,29.0,170000,16
5196,Hatchback,Manual,1,Maruti Wagon R,2018,VXI Optional,Bangalore,Third Party insurance,Petrol,10000.0,5,29.0,450000,6
5197,Sedan,Manual,1,Maruti Ciaz,2015,ZDi Plus,Bangalore,Third Party,Diesel,55000.0,5,29.0,450000,9
5198,Sedan,Manual,1,Hyundai Accent,2011,Executive,Bangalore,Third Party insurance,Petrol,50000.0,5,29.0,190000,13
5199,Sedan,Manual,2,Hyundai Verna,2015,1.6 CRDi SX,Bangalore,Third Party insurance,Diesel,46980.0,5,29.0,494000,9
5200,Hatchback,Manual,1,Maruti Swift,2019,VXI,Bangalore,Third Party,Petrol,40535.0,5,29.0,535000,5
5201,Hatchback,Manual,1,Hyundai Santro Xing,2010,GLS,Bangalore,Third Party insurance,Petrol,60020.0,5,29.0,155000,14
5202,Hatchback,Automatic,1,Renault KWID,2022,1.0 RXT AMT BSVI,Bangalore,Comprehensive,Petrol,787.0,5,29.0,557000,2
5203,Hatchback,Manual,1,Maruti Wagon R,2022,VXI CNG BSVI,Bangalore,Third Party,CNG,5870.0,5,29.0,674000,2
5204,Hatchback,Manual,1,Renault Pulse,2013,RxZ Optional,Bangalore,Third Party insurance,Diesel,50000.0,5,29.0,180000,11
5205,Hatchback,Automatic,1,Maruti Celerio,2014,VXI AMT,Bangalore,Comprehensive,Petrol,50714.0,5,29.0,318000,10
5206,Sedan,Manual,1,Hyundai Xcent,2019,1.2 VTVT SX,Bangalore,Third Party insurance,Petrol,40000.0,5,29.0,500000,5
5207,Hatchback,Manual,1,Maruti Alto 800,2020,VXI BSVI,Bangalore,Comprehensive,Petrol,4187.0,5,29.0,403000,4
5208,SUV,Automatic,1,MG Hector,2020,Sharp DCT,Bangalore,Zero Dep,Petrol,10164.0,5,29.0,1513000,4
5209,Sedan,Manual,1,Hyundai Verna,2022,S Plus,Bangalore,Comprehensive,Petrol,13269.0,5,29.0,1030000,2
5210,Sedan,Manual,1,Hyundai Verna,2021,SX,Bangalore,Comprehensive,Petrol,16000.0,5,29.0,1050000,3
5211,Sedan,Manual,1,Honda City,2021,V MT,Bangalore,Third Party insurance,Petrol,60000.0,5,29.0,810000,3
5212,Sedan,Manual,2,Honda City,2014,i VTEC V,Bangalore,Third Party insurance,Petrol,50000.0,5,29.0,439000,10
5213,Sedan,Manual,2,Honda City,2014,i VTEC V,Bangalore,Third Party insurance,Petrol,50000.0,5,29.0,439000,10
5214,Hatchback,Manual,2,Ford Figo,2011,Petrol EXI,Bangalore,Third Party insurance,Petrol,50000.0,5,29.0,200000,13
5215,Hatchback,Manual,1,Chevrolet Spark,2012,1.0 LT,Bangalore,Third Party insurance,Petrol,20000.0,5,29.0,210000,12
5216,Hatchback,Manual,2,Honda Brio,2013,EX MT,Bangalore,Third Party,Petrol,41424.0,5,29.0,225000,11
5217,Hatchback,Manual,2,Maruti Alto 800,2020,VXI BSVI,Bangalore,Comprehensive,Petrol,23829.0,5,29.0,378000,4
5218,Sedan,Manual,1,Honda City,2019,i-VTEC V,Bangalore,Third Party,Petrol,44199.0,5,29.0,684000,5
5219,SUV,Manual,1,Ford Ecosport,2015,1.0 Ecoboost Titanium,Bangalore,Third Party,Petrol,55625.0,5,29.0,419000,9
5220,Hatchback,Manual,1,Maruti Wagon R,2015,VXI BS IV,Bangalore,Comprehensive,Petrol,29230.0,5,29.0,309000,9
5221,Hatchback,Manual,1,Volkswagen Polo,2019,1.0 MPI Trendline,Bangalore,Comprehensive,Petrol,25152.0,5,29.0,510000,5
5222,Sedan,Manual,1,Maruti Swift Dzire,2012,VXI,Bangalore,Comprehensive,Petrol,62665.0,5,29.0,289000,12
5223,Hatchback,Manual,1,Maruti Wagon R,2014,VXI BS IV,Bangalore,Comprehensive,Petrol,76800.0,5,29.0,273000,10
5224,SUV,Manual,1,Honda WR-V,2017,i-VTEC VX,Bangalore,Third Party insurance,Petrol,80000.0,5,29.0,600000,7
5225,SUV,Manual,2,Ford Ecosport,2016,1.5 Petrol Titanium,Bangalore,Comprehensive,Petrol,37833.0,5,29.0,510000,8
5226,Hatchback,Manual,1,Maruti Alto 800,2015,VXI,Bangalore,Third Party insurance,Petrol,40000.0,5,29.0,300000,9
5227,SUV,Automatic,2,Land Rover Freelander 2,2012,HSE SD4,Bangalore,Third Party insurance,Diesel,72000.0,5,29.0,970000,12
5228,Sedan,Automatic,1,Hyundai Elantra,2018,2.0 SX Option AT,Bangalore,Third Party insurance,Petrol,30000.0,5,29.0,1400000,6
5229,Sedan,Manual,2,Hyundai Xcent,2014,1.1 CRDi S Option,Bangalore,Third Party insurance,Diesel,80000.0,5,29.0,300000,10
5230,Sedan,Automatic,1,Hyundai Elantra,2018,2.0 SX Option AT,Bangalore,Third Party insurance,Petrol,30000.0,5,29.0,1500000,6
5231,Hatchback,Manual,2,Volkswagen Polo,2014,1.2 MPI Highline,Bangalore,Third Party insurance,Petrol,90000.0,5,29.0,290000,10
5232,Sedan,Manual,2,Honda Civic,2012,1.8 V MT,Bangalore,Third Party insurance,Petrol,90000.0,5,29.0,350000,12
5233,Hatchback,Manual,1,Maruti Swift,2013,VDI,Bangalore,Third Party,Diesel,92202.0,5,29.0,296000,11
5234,Hatchback,Manual,2,Hyundai Grand i10,2018,1.2 Kappa Sportz BSIV,Bangalore,Third Party insurance,Petrol,79783.0,5,29.0,376000,6
5235,Sedan,Manual,1,Honda City,2022,ZX MT,Bangalore,Third Party insurance,Petrol,10000.0,5,29.0,1399000,2
5236,Sedan,Manual,2,Maruti Swift Dzire,2021,ZXI Plus BSVI,Bangalore,Third Party insurance,Petrol,23227.0,5,29.0,690000,3
5237,Sedan,Manual,3,Maruti Ciaz,2019,Sigma BSIV,Bangalore,Third Party,Petrol,3089.0,5,29.0,714000,5
5238,Sedan,Manual,1,Honda Amaze,2019,V Petrol,Bangalore,Third Party insurance,Petrol,28546.0,5,29.0,600000,5
5239,Hatchback,Manual,1,Hyundai Grand i10,2016,Asta Option,Bangalore,Third Party,Petrol,85435.0,5,29.0,342000,8
5240,Hatchback,Manual,2,Honda Brio,2012,V MT,Bangalore,Comprehensive,Petrol,83124.0,5,29.0,208000,12
5241,Sedan,Manual,2,Toyota Etios,2014,G,Bangalore,Third Party,Petrol,87859.0,5,29.0,279000,10
5242,Sedan,Manual,3,Toyota Etios,2012,G,Bangalore,Third Party insurance,Petrol,80000.0,5,29.0,225000,12
5243,Hatchback,Manual,1,Hyundai Grand i10,2018,1.2 Kappa Magna BSIV,Bangalore,Comprehensive,Petrol,25000.0,5,29.0,400000,6
5244,Sedan,Manual,1,Ambassador,2014,Encore BSIV,Bangalore,Third Party insurance,Diesel,120000.0,5,29.0,120000,10
5245,Hatchback,Manual,1,Hyundai i20,2019,Petrol Spotz,Bangalore,Comprehensive,Petrol,3000.0,5,29.0,625000,5
5246,Hatchback,Manual,1,Hyundai Grand i10,2018,Magna,Bangalore,Comprehensive,Petrol,37001.0,5,29.0,385000,6
5247,Hatchback,Manual,1,Maruti Swift,2013,VXI,Bangalore,Comprehensive,Petrol,39000.0,5,29.0,335000,11
5248,Sedan,Automatic,1,Honda City,2020,ZX CVT,Bangalore,Third Party insurance,Petrol,20000.0,5,29.0,985000,4
5249,Sedan,Manual,3,Hyundai Xcent,2015,1.1 CRDi Base,Bangalore,Third Party,Diesel,103033.0,5,29.0,271000,9
5250,Hatchback,Manual,1,Hyundai Grand i10,2017,1.2 Kappa Sportz Option,Bangalore,Comprehensive,Petrol,25968.0,5,29.0,481000,7
5251,Hatchback,Manual,1,Maruti Wagon R,2020,ZXI 1.2,Bangalore,Third Party,Petrol,11798.0,5,29.0,555000,4
5252,SUV,Manual,1,Kia Seltos,2021,HTX G,Bangalore,Comprehensive,Petrol,69007.0,5,29.0,1200000,3
5253,Hatchback,Manual,1,Maruti Swift,2012,VDI,Bangalore,Comprehensive,Diesel,71420.0,5,29.0,286000,12
5254,Hatchback,Manual,1,Hyundai Grand i10 Nios,2021,Asta,Bangalore,Third Party insurance,Petrol,10000.0,5,29.0,680000,3
5255,Hatchback,Manual,1,Datsun RediGO,2020,T,Bangalore,Comprehensive,Petrol,9817.0,5,29.0,349000,4
5256,Hatchback,Manual,2,Maruti Celerio,2018,ZXI,Bangalore,Comprehensive,Petrol,124206.0,5,29.0,347000,6
5257,Hatchback,Manual,2,Maruti Wagon R,2009,LXI Minor,Bangalore,Third Party insurance,Petrol,50000.0,5,29.0,125000,15
5258,SUV,Automatic,1,Renault Kiger,2023,RXT AMT,Bangalore,Comprehensive,Petrol,1062.0,5,29.0,785000,1
5259,Hatchback,Manual,1,Hyundai Grand i10,2018,1.2 Kappa Magna BSIV,Bangalore,Third Party insurance,Petrol,10000.0,5,29.0,490000,6
5260,Hatchback,Manual,1,Hyundai Grand i10,2015,Sportz,Bangalore,Third Party insurance,Petrol,20000.0,5,29.0,350000,9
5261,Hatchback,Manual,1,Volkswagen Polo,2016,1.2 MPI Comfortline,Bangalore,Third Party,Petrol,65000.0,5,29.0,365000,8
5262,Hatchback,Manual,2,Maruti Swift,2016,LXI Option,Bangalore,Third Party insurance,Petrol,30000.0,5,29.0,400000,8
5263,Hatchback,Manual,2,Hyundai EON,2016,Era Plus,Bangalore,Third Party insurance,Petrol,60000.0,5,29.0,255000,8
5264,Sedan,Automatic,2,Maruti Swift Dzire,2017,AMT ZXI Plus,Bangalore,Third Party,Petrol,45699.0,5,29.0,601000,7
5265,Hatchback,Manual,1,Hyundai i10,2011,Sportz,Bangalore,Comprehensive,Petrol,81575.0,5,29.0,216000,13
5266,Sedan,Manual,1,Hyundai Verna,2018,VTVT 1.4 EX,Bangalore,Comprehensive,Petrol,32092.0,5,29.0,719000,6
5267,Hatchback,Manual,3,Hyundai Santro Xing,2010,GL,Bangalore,Third Party,Petrol,65916.0,5,29.0,142000,14
5268,SUV,Manual,1,Tata Punch,2022,Creative Kaziranga Edition,Bangalore,Third Party,Petrol,9169.0,5,29.0,827000,2
5269,Sedan,Manual,1,Maruti Swift Dzire,2018,LXI 1.2,Bangalore,Comprehensive,Petrol,45275.0,5,29.0,475000,6
5270,Hatchback,Manual,2,Hyundai Santro Xing,2010,GL,Bangalore,Third Party insurance,Petrol,70000.0,5,29.0,120000,14
5271,Hatchback,Manual,2,Maruti Alto 800,2015,LXI,Bangalore,Third Party insurance,Petrol,70000.0,5,29.0,210000,9
5272,Hatchback,Manual,1,Maruti Alto 800,2019,LXI,Bangalore,Third Party insurance,Petrol,30000.0,5,29.0,330000,5
5273,Sedan,Automatic,1,Honda City,2021,ZX CVT,Bangalore,Third Party insurance,Petrol,10000.0,5,29.0,1400000,3
5274,SUV,Manual,2,Ford Ecosport,2017,1.5 TDCi Titanium Plus BSIV,Bangalore,Third Party insurance,Diesel,80000.0,5,29.0,525000,7
5275,Hatchback,Manual,1,Hyundai i10,2012,Sportz,Bangalore,Third Party insurance,Petrol,40000.0,5,29.0,280000,12
5276,Hatchback,Manual,1,Hyundai Grand i10,2017,1.2 Kappa Sportz Option,Bangalore,Third Party insurance,Petrol,30000.0,5,29.0,430000,7
5277,Sedan,Manual,1,Tata Indigo,2009,TDI,Bangalore,Third Party insurance,Diesel,80000.0,5,29.0,115000,15
5278,Hatchback,Manual,2,Hyundai i20,2019,Sportz Plus BSIV,Bangalore,Comprehensive,Petrol,65180.0,5,29.0,598000,5
5279,Hatchback,Manual,1,Hyundai Grand i10,2015,Magna,Bangalore,Comprehensive,Petrol,110190.0,5,29.0,271000,9
5280,Hatchback,Manual,2,Maruti Alto 800,2019,Tour H,Bangalore,Third Party insurance,Petrol,50000.0,5,29.0,276000,5
5281,Hatchback,Manual,2,Maruti Ritz,2014,Elate Edition VXi,Bangalore,Comprehensive,Petrol,45550.0,5,29.0,248000,10
5282,Hatchback,Manual,1,Maruti Swift,2021,VXI,Bangalore,Comprehensive,Petrol,14756.0,5,29.0,592000,3
5283,Hatchback,Manual,2,Maruti Alto K10,2017,LXI,Bangalore,Third Party insurance,Petrol,30000.0,5,29.0,290000,7
5284,Hatchback,Manual,1,Hyundai Grand i10,2015,Asta,Bangalore,Comprehensive,Petrol,63179.0,5,29.0,341000,9
5285,Hatchback,Manual,1,Volkswagen Polo,2019,1.0 MPI Comfortline,Bangalore,Third Party,Petrol,17436.0,5,29.0,547000,5
5286,Sedan,Manual,1,Maruti Ciaz,2018,Delta BSIV,Bangalore,Third Party insurance,Petrol,52130.0,5,29.0,566000,6
5287,Hatchback,Manual,1,Maruti Alto 800,2018,LXI,Bangalore,Third Party insurance,Petrol,60000.0,5,29.0,280000,6
5288,Sedan,Manual,1,Ford Fiesta,2014,1.5 TDCi Titanium,Bangalore,Comprehensive,Diesel,46315.0,5,29.0,285000,10
5289,Sedan,Manual,1,Hyundai Xcent,2015,1.2 Kappa SX Option,Bangalore,Third Party,Petrol,65000.0,5,29.0,299000,9
5290,Sedan,Manual,1,Honda City,2017,VX MT,Bangalore,Comprehensive,Petrol,32395.0,5,29.0,699000,7
5291,Sedan,Automatic,1,Honda City,2020,V CVT,Bangalore,Third Party insurance,Petrol,10000.0,5,29.0,1250000,4
5292,Hatchback,Manual,1,Datsun RediGO,2020,1.0 T Option,Bangalore,Third Party insurance,Petrol,10000.0,5,29.0,354000,4
5293,SUV,Manual,1,Hyundai Venue,2019,SX Opt Diesel BSIV,Bangalore,Third Party insurance,Diesel,36374.0,5,29.0,850000,5
5294,Hatchback,Manual,1,Hyundai i20,2019,Magna Plus BSIV,Bangalore,Comprehensive,Petrol,43214.0,5,29.0,481000,5
5295,SUV,Manual,1,Hyundai Creta,2016,1.4 CRDi S Plus,Bangalore,Comprehensive,Diesel,88755.0,5,29.0,619000,8
5296,Hatchback,Manual,3,Honda Brio,2014,S MT,Bangalore,Comprehensive,Petrol,36920.0,5,29.0,235000,10
5297,Hatchback,Manual,1,Maruti Swift,2021,ZXI,Bangalore,Third Party,Petrol,14567.0,5,29.0,620000,3
5298,Hatchback,Manual,2,Maruti Wagon R,2012,VXI BS IV,Bangalore,Third Party insurance,Petrol,30000.0,5,29.0,250000,12
5299,Hatchback,Manual,1,Maruti Celerio X,2018,ZXI BSIV,Bangalore,Comprehensive,Petrol,19000.0,5,29.0,425000,6
5300,SUV,Automatic,2,Audi Q5,2014,2.0 TDI,Bangalore,Comprehensive,Diesel,86331.0,5,29.0,1100000,10
5301,Hatchback,Manual,1,Tata Tiago,2022,XT Limited Edition,Bangalore,Third Party insurance,Petrol,10000.0,5,29.0,580000,2
5302,SUV,Manual,1,Tata Nexon,2021,XZ Plus BSVI,Bangalore,Zero Dep,Petrol,4603.0,5,29.0,890000,3
5303,Hatchback,Manual,1,Maruti Celerio,2022,ZXI Plus,Bangalore,Third Party,Petrol,7291.0,5,29.0,626000,2
5304,Hatchback,Manual,1,Hyundai Grand i10 Nios,2022,Asta,Bangalore,Comprehensive,Petrol,2179.0,5,29.0,753000,2
5305,Hatchback,Manual,1,Hyundai Grand i10,2017,1.2 Kappa Magna BSIV,Bangalore,Third Party insurance,Petrol,26226.0,5,29.0,355000,7
5306,Hatchback,Manual,1,Volkswagen Polo,2016,1.5 TDI Highline,Bangalore,Comprehensive,Diesel,35000.0,5,29.0,399000,8
5307,Hatchback,Manual,3,Hyundai EON,2014,Era Plus,Bangalore,Third Party,Petrol,24622.0,5,29.0,209000,10
5308,Sedan,Manual,1,Mahindra Renault Logan,2009,1.5 DLE Diesel,Bangalore,Third Party insurance,Diesel,60000.0,5,29.0,125000,15
5309,Hatchback,Manual,1,Hyundai i10,2011,Sportz,Bangalore,Third Party,Petrol,37647.0,5,29.0,199000,13
5310,SUV,Manual,1,Renault Duster,2014,85PS Diesel RxE,Bangalore,Third Party,Diesel,57321.0,5,29.0,354000,10
5311,SUV,Automatic,1,Renault Kiger,2022,RXZ Turbo CVT,Bangalore,Third Party insurance,Petrol,20000.0,5,29.0,1050000,2
5312,SUV,Manual,1,Hyundai Creta,2015,1.6 CRDi Anniversary Edition,Bangalore,Third Party insurance,Diesel,65000.0,5,29.0,500000,9
5313,SUV,Manual,1,Hyundai Creta,2015,1.6 VTVT S,Bangalore,Third Party insurance,Petrol,60000.0,5,29.0,550000,9
5314,Hatchback,Manual,1,Hyundai EON,2014,D Lite Plus,Bangalore,Third Party insurance,Petrol,30000.0,5,29.0,225000,10
5315,Hatchback,Manual,1,Maruti Alto 800,2014,LXI,Bangalore,Third Party insurance,Petrol,70000.0,5,29.0,180000,10
5316,Hatchback,Manual,1,Ford Figo,2010,Petrol Titanium,Bangalore,Third Party insurance,Petrol,50000.0,5,29.0,165000,14
5317,Hatchback,Manual,2,Hyundai i10,2010,Magna,Bangalore,Third Party insurance,Petrol,50000.0,5,29.0,170000,14
5318,SUV,Manual,1,Honda WR-V,2017,i-VTEC VX,Bangalore,Third Party insurance,Petrol,40000.0,5,29.0,570000,7
5319,SUV,Manual,1,Hyundai Creta,2016,1.6 VTVT S,Bangalore,Third Party,Petrol,71521.0,5,29.0,627000,8
5320,Hatchback,Manual,1,Tata Altroz,2020,XE BSVI,Bangalore,Third Party,Petrol,42267.0,5,29.0,471000,4
5321,Sedan,Automatic,1,Maruti Ciaz,2018,1.4 AT Alpha,Bangalore,Comprehensive,Petrol,57986.0,5,29.0,728000,6
5322,Hatchback,Automatic,1,Tata Tiago NRG,2022,XZA AMT BSVI,Bangalore,Comprehensive,Petrol,17252.0,5,29.0,659000,2
5323,Sedan,Manual,1,Maruti Swift Dzire,2010,VXI,Bangalore,Comprehensive,Petrol,39579.0,5,29.0,222000,14
5324,Hatchback,Manual,3,Hyundai EON,2014,Era Plus,Bangalore,Comprehensive,Petrol,21477.0,5,29.0,206000,10
5325,Hatchback,Manual,1,Hyundai Grand i10 Nios,2021,Turbo Sportz,Bangalore,Third Party,Petrol,9000.0,5,29.0,650000,3
5326,Hatchback,Manual,1,Ford Figo,2010,Petrol EXI,Bangalore,Third Party insurance,Petrol,40000.0,5,29.0,175000,14
5327,Hatchback,Manual,2,Maruti Alto K10,2017,LXI,Bangalore,Third Party insurance,Petrol,30000.0,5,29.0,280000,7
5328,SUV,Automatic,1,Tata Nexon,2021,XZA Plus DualTone Roof AMT S,Bangalore,Third Party insurance,Petrol,60000.0,5,29.0,900000,3
5329,SUV,Manual,1,Jeep Compass,2017,2.0 Limited 4X4,Bangalore,Comprehensive,Diesel,55330.0,5,29.0,1170000,7
5330,Sedan,Manual,1,Maruti Swift Dzire,2015,ZXI,Bangalore,Comprehensive,Petrol,32152.0,5,29.0,384000,9
5331,Hatchback,Manual,2,Hyundai Grand i10,2014,Magna,Bangalore,Third Party,Petrol,66906.0,5,29.0,292000,10
5332,SUV,Manual,1,Hyundai Creta,2016,1.6 CRDi SX Option,Bangalore,Third Party insurance,Diesel,56000.0,5,29.0,700000,8
5333,Hatchback,Manual,1,Volkswagen Polo,2020,1.0 TSI Highline Plus,Bangalore,Third Party,Petrol,23055.0,5,29.0,647000,4
5334,SUV,Manual,1,Renault Captur,2018,1.5 Diesel RXT Mono,Bangalore,Comprehensive,Diesel,68132.0,5,29.0,686000,6
5335,Hatchback,Manual,2,Tata Indica,2011,Aqua 1.3 Quadrajet BSIV,Bangalore,Third Party insurance,Diesel,60000.0,5,29.0,140000,13
5336,Sedan,Manual,1,Maruti Swift Dzire,2014,VXI,Bangalore,Third Party,Petrol,76932.0,5,29.0,375000,10
5337,SUV,Automatic,1,MG Hector,2020,Sharp DCT,Bangalore,Third Party insurance,Petrol,60000.0,5,29.0,1400000,4
5338,SUV,Automatic,1,Maruti Vitara Brezza,2019,ZDi AMT,Bangalore,Comprehensive,Diesel,89912.0,5,29.0,703000,5
5339,Hatchback,Manual,1,Hyundai Grand i10,2018,1.2 Kappa Magna BSIV,Bangalore,Third Party,Petrol,70000.0,5,29.0,392000,6
5340,Hatchback,Manual,2,Hyundai i10,2013,Asta,Bangalore,Third Party insurance,Petrol,40000.0,5,29.0,300000,11
5341,Sedan,Manual,1,Honda City,2014,i VTEC SV,Bangalore,Comprehensive,Petrol,63950.0,5,29.0,372000,10
5342,Sedan,Manual,1,Maruti Swift Dzire,2014,VXI,Bangalore,Comprehensive,Petrol,69273.0,5,29.0,323000,10
5343,SUV,Manual,1,Ford Ecosport,2014,1.0 Ecoboost Titanium,Bangalore,Comprehensive,Petrol,75865.0,5,29.0,422000,10
5344,SUV,Manual,1,Kia Seltos,2019,GTX,Bangalore,Third Party,Petrol,67092.0,5,29.0,1052000,5
5345,Hatchback,Manual,1,Hyundai i20,2012,Sportz 1.2,Bangalore,Comprehensive,Petrol,38000.0,5,29.0,228000,12
5346,Sedan,Manual,1,Hyundai Verna,2012,1.6 CRDi EX MT,Bangalore,Third Party insurance,Diesel,78121.0,5,29.0,312000,12
5347,Sedan,Manual,1,Honda Amaze,2014,S i-Dtech,Bangalore,Third Party insurance,Diesel,99103.0,5,29.0,276000,10
5348,Hatchback,Manual,1,Tata Tiago,2016,1.2 Revotron XT,Bangalore,Third Party insurance,Petrol,40000.0,5,29.0,300000,8
5349,Hatchback,Manual,1,Hyundai Grand i10,2018,1.2 Kappa Sportz BSIV,Bangalore,Comprehensive,Petrol,27119.0,5,29.0,425000,6
5350,SUV,Automatic,1,Hyundai Venue,2022,SX Plus Turbo DCT,Bangalore,Third Party insurance,Petrol,10000.0,5,29.0,1000000,2
5351,Hatchback,Manual,1,Hyundai Grand i10,2017,Sportz,Bangalore,Comprehensive,Petrol,38000.0,5,29.0,395000,7
5352,Hatchback,Manual,1,Ford Figo,2010,Petrol ZXI,Bangalore,Third Party insurance,Petrol,70000.0,5,29.0,168000,14
5353,Hatchback,Manual,1,Tata Tiago,2021,XE BSVI,Bangalore,Third Party,Petrol,29558.0,5,29.0,415000,3
5354,Hatchback,Manual,1,Maruti Baleno,2018,1.2 Zeta,Bangalore,Third Party insurance,Petrol,29412.0,5,29.0,489000,6
5355,SUV,Automatic,1,Tata Nexon,2020,XZA Plus (O) AMT Diesel,Bangalore,Third Party,Diesel,73072.0,5,29.0,951000,4
5356,Hatchback,Manual,2,Maruti Wagon R,2014,VXI,Bangalore,Comprehensive,Petrol,37100.0,5,29.0,255000,10
5357,Hatchback,Automatic,1,Maruti Baleno,2019,1.2 CVT Zeta,Bangalore,Zero Dep,Petrol,61113.0,5,29.0,663000,5
5358,Hatchback,Manual,1,Maruti Alto 800,2013,LXI,Bangalore,Third Party,Petrol,47606.0,5,29.0,179000,11
5359,SUV,Manual,1,Hyundai Creta,2019,1.6 CRDi SX,Bangalore,Third Party insurance,Diesel,30000.0,5,29.0,1350000,5
5360,Hatchback,Automatic,1,Maruti Celerio,2015,VXI AT,Bangalore,Third Party insurance,Petrol,80000.0,5,29.0,300000,9
5361,Sedan,Automatic,1,Mercedes-Benz C-Class,2013,C 220 CDI Avantgarde,Bangalore,Third Party insurance,Diesel,40000.0,5,29.0,900000,11
5362,Sedan,Manual,1,Tata Zest,2015,Revotron 1.2 XT,Bangalore,Third Party insurance,Petrol,30000.0,5,29.0,325000,9
5363,Sedan,Manual,1,Maruti Swift Dzire,2021,ZXI Plus BSVI,Bangalore,Third Party insurance,Petrol,20000.0,5,29.0,760000,3
5364,Sedan,Automatic,2,Audi A4,2014,2.0 TDI,Bangalore,Comprehensive,Diesel,86947.0,5,29.0,1000000,10
5365,SUV,Manual,2,Honda WR-V,2017,i-VTEC VX,Bangalore,Third Party,Petrol,32844.0,5,29.0,591000,7
5366,Hatchback,Manual,1,Toyota Etios Liva,2011,G,Bangalore,Comprehensive,Petrol,78075.0,5,29.0,192000,13
5367,Sedan,Manual,1,Honda City,2019,i-VTEC V,Bangalore,Comprehensive,Petrol,36937.0,5,29.0,679000,5
5368,SUV,Manual,1,Honda WR-V,2017,i-VTEC VX,Bangalore,Third Party insurance,Petrol,50000.0,5,29.0,600000,7
5369,Sedan,Manual,1,Volkswagen Vento,2012,Petrol Comfortline,Bangalore,Third Party,Petrol,93097.0,5,29.0,287000,12
5370,Hatchback,Manual,3,Maruti Wagon R,2010,VXI Minor,Bangalore,Third Party,Petrol,76672.0,5,29.0,140000,14
5371,Sedan,Manual,2,Honda City,2015,i DTEC VX Option,Bangalore,Third Party,Diesel,42000.0,5,29.0,525000,9
5372,Sedan,Manual,2,Ford Fiesta,2009,1.6 SXI ABS Duratec,Bangalore,Third Party insurance,Petrol,30000.0,5,29.0,120000,15
5373,Hatchback,Manual,1,Volkswagen Polo,2013,1.2 MPI Comfortline,Bangalore,Third Party insurance,Petrol,40000.0,5,29.0,200000,11
5374,Hatchback,Manual,1,Renault KWID,2019,1.0 RXT Optional,Bangalore,Comprehensive,Petrol,19720.0,5,29.0,340000,5
5375,Hatchback,Manual,1,Tata Tiago,2019,XM,Bangalore,Third Party insurance,Petrol,35912.0,5,29.0,357000,5
5376,Hatchback,Manual,1,Maruti Baleno,2019,1.2 Delta,Bangalore,Third Party,Petrol,22343.0,5,29.0,544000,5
5377,Hatchback,Manual,1,Hyundai EON,2013,D Lite Plus,Bangalore,Third Party insurance,Petrol,10000.0,5,29.0,210000,11
5378,SUV,Manual,2,Renault Duster,2015,110PS Diesel RXZ Option,Bangalore,Third Party,Diesel,85735.0,5,29.0,413000,9
5379,Hatchback,Manual,1,Maruti Alto K10,2011,LXI,Bangalore,Comprehensive,Petrol,42792.0,5,29.0,140000,13
5380,Hatchback,Manual,2,Maruti Ritz,2011,LXi,Bangalore,Comprehensive,Petrol,96609.0,5,29.0,140000,13
5381,Hatchback,Manual,1,Honda Jazz,2015,1.5 S i DTEC,Bangalore,Third Party insurance,Diesel,78990.0,5,29.0,250000,9
5382,Sedan,Manual,2,Honda City,2016,i VTEC V,Bangalore,Comprehensive,Petrol,51618.0,5,29.0,429000,8
5383,Hatchback,Manual,1,Hyundai Santro Xing,2007,GLS,Bangalore,Third Party insurance,Petrol,40000.0,5,29.0,100000,17
5384,Sedan,Automatic,2,Skoda Superb,2010,1.8 TSI,Bangalore,Third Party insurance,Petrol,60000.0,5,29.0,265000,14
5385,SUV,Automatic,1,Mahindra XUV300,2021,W8 Option AMT BSVI,Bangalore,Third Party insurance,Petrol,25000.0,5,29.0,1025000,3
5386,Sedan,Automatic,1,Honda Amaze,2021,VX CVT BSVI,Bangalore,Third Party insurance,Petrol,20000.0,5,29.0,830000,3
5387,Sedan,Manual,1,Hyundai Aura,2020,SX Option,Bangalore,Third Party insurance,Petrol,20000.0,5,29.0,691000,4
5388,Sedan,Manual,1,Maruti Swift Dzire,2021,ZXI Plus BSVI,Bangalore,Third Party insurance,Petrol,20000.0,5,29.0,750000,3
5389,Hatchback,Manual,1,Hyundai Santro Xing,2014,GLS,Bangalore,Third Party,Petrol,59005.0,5,29.0,178000,10
5390,Hatchback,Manual,2,Maruti Swift,2010,LXI,Bangalore,Third Party,Petrol,71156.0,5,29.0,163000,14
5391,Sedan,Manual,1,Honda City,2018,i-VTEC V,Bangalore,Comprehensive,Petrol,50000.0,5,29.0,662000,6
5392,Hatchback,Manual,1,Maruti Alto 800,2019,LXI,Bangalore,Third Party insurance,Petrol,2707.0,5,29.0,280000,5
5393,Hatchback,Manual,1,Hyundai Santro,2020,Era Executive,Bangalore,Third Party,Petrol,78211.0,5,29.0,372000,4
5394,Hatchback,Manual,1,Tata Tiago,2017,1.05 Revotorq XM,Bangalore,Third Party,Diesel,48548.0,5,29.0,311000,7
5395,Sedan,Manual,1,Ford Fiesta Classic,2013,1.4 Duratorq Titanium,Bangalore,Third Party insurance,Diesel,150000.0,5,29.0,200000,11
5396,SUV,Manual,1,Hyundai Creta,2015,1.6 VTVT S,Bangalore,Comprehensive,Petrol,93177.0,5,29.0,527000,9
5397,Sedan,Automatic,3,Hyundai Elantra,2017,1.6 SX Option AT,Bangalore,Third Party insurance,Diesel,60000.0,5,29.0,800000,7
5398,Hatchback,Manual,1,Maruti Swift,2014,VXI,Bangalore,Comprehensive,Petrol,45000.0,5,29.0,299000,10
5399,Sedan,Automatic,1,Hyundai Aura,2022,S AMT,Bangalore,Third Party insurance,Petrol,10000.0,5,29.0,725000,2
5400,Sedan,Manual,3,Hyundai Verna,2018,VTVT 1.4 E,Bangalore,Third Party insurance,Petrol,40000.0,5,29.0,600000,6
5401,Hatchback,Manual,1,Hyundai i10,2008,Era 1.1,Bangalore,Third Party insurance,Petrol,50000.0,5,29.0,130000,16
5402,Hatchback,Manual,1,Maruti Celerio,2017,VXI,Bangalore,Comprehensive,Petrol,28000.0,5,29.0,325000,7
5403,Hatchback,Manual,2,Hyundai i10,2011,Era 1.1 iTech SE,Bangalore,Third Party,Petrol,49342.0,5,29.0,157000,13
5404,Hatchback,Manual,2,Hyundai i10,2010,Magna,Bangalore,Third Party,Petrol,76725.0,5,29.0,177000,14
5405,SUV,Manual,1,Tata Nexon,2018,1.5 Revotorq XE,Bangalore,Third Party insurance,Diesel,83234.0,5,29.0,510000,6
5406,SUV,Manual,1,Renault Kiger,2021,RXZ,Bangalore,Third Party insurance,Petrol,9595.0,5,29.0,712000,3
5407,Hatchback,Manual,1,Maruti Baleno,2018,1.2 Delta,Bangalore,Third Party insurance,Petrol,30000.0,5,29.0,500000,6
5408,SUV,Manual,1,Renault Kiger,2021,RXZ Turbo DT,Bangalore,Comprehensive,Petrol,6948.0,5,29.0,811000,3
5409,SUV,Manual,1,Ford Ecosport,2015,1.0 Ecoboost Titanium,Bangalore,Comprehensive,Petrol,45000.0,5,29.0,425000,9
5410,Hatchback,Automatic,1,Hyundai Grand i10 Nios,2022,AMT Sportz,Bangalore,Comprehensive,Petrol,9943.0,5,29.0,694000,2
5411,Hatchback,Manual,3,Maruti Alto 800,2013,LXI,Bangalore,Comprehensive,Petrol,31062.0,5,29.0,170000,11
5412,Hatchback,Manual,2,Renault KWID,2017,1.0 RXT,Bangalore,Third Party insurance,Petrol,40000.0,5,29.0,255000,7
5413,Hatchback,Manual,2,Hyundai i10,2010,Sportz 1.2,Bangalore,Third Party insurance,Petrol,57000.0,5,29.0,185000,14
5414,Sedan,Automatic,1,Chevrolet Cruze,2011,LTZ AT,Bangalore,Third Party insurance,Diesel,60000.0,5,29.0,350000,13
5415,SUV,Manual,1,Hyundai Creta,2019,1.6 VTVT SX Plus Dual Tone,Bangalore,Comprehensive,Petrol,23000.0,5,29.0,1025000,5
5416,Sedan,Automatic,2,Honda City,2020,ZX CVT,Bangalore,Third Party insurance,Petrol,30000.0,5,29.0,850000,4
5417,Hatchback,Manual,1,Toyota Etios Liva,2015,G,Bangalore,Third Party insurance,Petrol,50000.0,5,29.0,300000,9
5418,Sedan,Manual,1,Honda Amaze,2016,VX Diesel BSIV,Bangalore,Comprehensive,Diesel,46940.0,5,29.0,392000,8
5419,Hatchback,Manual,1,Maruti Wagon R,2022,ZXI Plus BSVI,Bangalore,Comprehensive,Petrol,12315.0,5,29.0,578000,2
5420,Hatchback,Manual,1,Maruti Alto 800,2013,LXI,Bangalore,Comprehensive,Petrol,15584.0,5,29.0,210000,11
5421,Hatchback,Automatic,1,Maruti Swift,2018,AMT ZXI,Bangalore,Comprehensive,Petrol,13067.0,5,29.0,616000,6
5422,Hatchback,Manual,1,Maruti Alto 800,2021,LXI,Bangalore,Comprehensive,Petrol,15264.0,5,29.0,332000,3
5423,Hatchback,Manual,1,Maruti Alto K10,2019,VXI,Bangalore,Comprehensive,Petrol,7843.0,5,29.0,379000,5
5424,Hatchback,Automatic,1,Hyundai i20,2021,Asta Opt IVT BSVI,Bangalore,Third Party insurance,Petrol,2501.0,5,29.0,850000,3
5425,Hatchback,Manual,1,Maruti Alto 800,2022,VXI BSVI,Bangalore,Comprehensive,Petrol,9285.0,5,29.0,379000,2
5426,Hatchback,Manual,1,Maruti Alto 800,2014,LXI,Bangalore,Comprehensive,Petrol,51215.0,5,29.0,210000,10
5427,SUV,Manual,1,Kia Seltos,2021,Anniversary Edition,Bangalore,Comprehensive,Petrol,11000.0,5,29.0,1350000,3
5428,SUV,Manual,1,Hyundai Venue,2021,S BSIV,Bangalore,Third Party insurance,Petrol,40000.0,5,29.0,650000,3
5429,SUV,Manual,1,Hyundai Venue,2021,SX Turbo,Bangalore,Comprehensive,Petrol,8126.0,5,29.0,970000,3
5430,Hatchback,Automatic,1,Maruti Wagon R,2016,AMT VXI Option,Bangalore,Comprehensive,Petrol,42000.0,5,29.0,330000,8
5431,Sedan,Manual,2,Maruti Swift Dzire,2013,VDI,Bangalore,Comprehensive,Diesel,32000.0,5,29.0,370000,11
5432,Hatchback,Manual,1,Maruti Alto 800,2019,LXI,Bangalore,Comprehensive,Petrol,11736.0,5,29.0,308000,5
5433,Hatchback,Manual,1,Hyundai i10,2014,Sportz,Bangalore,Comprehensive,Petrol,21679.0,5,29.0,285000,10
5434,SUV,Manual,1,Maruti Vitara Brezza,2017,ZDi,Bangalore,Third Party insurance,Diesel,39000.0,5,29.0,700000,7
5435,Hatchback,Manual,1,Maruti Alto 800,2021,VXI BSVI,Bangalore,Comprehensive,Petrol,11333.0,5,29.0,367000,3
5436,Hatchback,Manual,1,Maruti Alto 800,2019,LXI,Bangalore,Comprehensive,Petrol,13440.0,5,29.0,319000,5
5437,Hatchback,Manual,1,Maruti Wagon R,2020,CNG LXI,Bangalore,Comprehensive,CNG,18930.0,5,29.0,499000,4
5438,Hatchback,Manual,1,Maruti Wagon R,2020,CNG LXI,Bangalore,Comprehensive,CNG,17851.0,5,29.0,470000,4
5439,Hatchback,Manual,1,Maruti Alto 800,2021,VXI BSVI,Bangalore,Comprehensive,Petrol,22392.0,5,29.0,340000,3
5440,Hatchback,Manual,1,Hyundai EON,2017,Era Plus,Bangalore,Third Party insurance,Petrol,10000.0,5,29.0,270000,7
5441,SUV,Manual,1,Hyundai Venue,2021,SX Turbo,Bangalore,Comprehensive,Petrol,30559.0,5,29.0,875000,3
5442,SUV,Automatic,2,Hyundai Creta,2018,1.6 SX Automatic Diesel,Bangalore,Third Party insurance,Diesel,60000.0,5,29.0,850000,6
5443,Sedan,Manual,1,Ford Aspire,2016,1.2 Ti-VCT Titanium Plus,Bangalore,Third Party insurance,Petrol,50000.0,5,29.0,300000,8
5444,Hatchback,Manual,1,Hyundai i20,2012,1.2 Magna,Bangalore,Third Party insurance,Petrol,20000.0,5,29.0,250000,12
5445,Hatchback,Manual,1,Toyota Etios Cross,2014,1.2L G,Bangalore,Comprehensive,Petrol,19830.0,5,29.0,330000,10
5446,Hatchback,Manual,1,Maruti S-Presso,2020,VXI Plus 2019-2022,Bangalore,Comprehensive,Petrol,24670.0,5,29.0,409000,4
5447,Hatchback,Manual,1,Hyundai Grand i10,2019,1.2 Kappa Magna BSIV,Bangalore,Comprehensive,Petrol,14327.0,5,29.0,484000,5
5448,SUV,Manual,1,Jeep Compass,2018,2.0 Limited Plus BSIV,Bangalore,Third Party insurance,Diesel,50000.0,5,29.0,1400000,6
5449,Hatchback,Manual,1,Maruti Alto K10,2014,LXI,Bangalore,Comprehensive,Petrol,18987.0,5,29.0,239000,10
5450,Hatchback,Manual,1,Maruti Alto K10,2019,VXI,Bangalore,Comprehensive,Petrol,55973.0,5,29.0,335000,5
5451,Sedan,Automatic,2,Hyundai Verna,2021,SX IVT Opt,Bangalore,Comprehensive,Petrol,9000.0,5,29.0,1065000,3
5452,Hatchback,Manual,1,Maruti Alto 800,2019,LXI,Bangalore,Comprehensive,Petrol,27094.0,5,29.0,315000,5
5453,Hatchback,Manual,2,Maruti Alto,2008,LX BSIII,Bangalore,Third Party insurance,Petrol,60000.0,5,29.0,0,16
5454,Hatchback,Manual,1,Hyundai Grand i10 Nios,2020,Sportz,Bangalore,Comprehensive,Petrol,4914.0,5,29.0,614000,4
5455,SUV,Manual,1,Jeep Compass,2018,2.0 Longitude BSIV,Bangalore,Comprehensive,Diesel,42000.0,5,29.0,999000,6
5456,SUV,Manual,1,Hyundai Venue,2020,S Turbo BSIV,Bangalore,Third Party,Petrol,28400.0,5,29.0,699000,4
5457,Sedan,Manual,1,Hyundai Verna,2009,CRDi,Bangalore,Third Party,Diesel,61000.0,5,29.0,175000,15
5458,Hatchback,Manual,1,Hyundai Grand i10,2015,Magna,Bangalore,Third Party insurance,Petrol,31000.0,5,29.0,335000,9
5459,Sedan,Automatic,1,Hyundai Verna,2015,1.6 CRDi AT SX,Bangalore,Third Party insurance,Diesel,54000.0,5,29.0,450000,9
5460,Hatchback,Manual,2,Volkswagen Polo,2014,1.2 MPI Trendline,Bangalore,Third Party insurance,Petrol,60000.0,5,29.0,300000,10
5461,Hatchback,Manual,1,Honda Brio,2013,S MT,Bangalore,Third Party insurance,Petrol,68943.0,5,29.0,199000,11
5462,Hatchback,Manual,1,Maruti Alto 800,2022,VXI Plus BSVI,Bangalore,Comprehensive,Petrol,8582.0,5,29.0,399000,2
5463,Hatchback,Manual,1,Maruti Alto 800,2019,VXI BSVI,Bangalore,Comprehensive,Petrol,22868.0,5,29.0,329000,5
5464,SUV,Manual,1,Maruti Vitara Brezza,2016,LDi Option,Bangalore,Comprehensive,Diesel,76165.0,5,29.0,550000,8
5465,Hatchback,Manual,1,Hyundai Grand i10 Nios,2020,Sportz,Bangalore,Comprehensive,Petrol,27047.0,5,29.0,574000,4
5466,Sedan,Automatic,1,Maruti Swift Dzire,2017,AMT ZXI,Bangalore,Comprehensive,Petrol,35538.0,5,29.0,522000,7
5467,SUV,Automatic,1,Kia Seltos,2023,HTK Plus Diesel iMT,Bangalore,Comprehensive,Diesel,8700.0,5,29.0,1400000,1
5468,Hatchback,Manual,1,Datsun GO,2018,T BSIV,Bangalore,Comprehensive,Petrol,34000.0,5,29.0,185000,6
5469,Sedan,Automatic,1,Honda City,2022,ZX CVT,Bangalore,Comprehensive,Petrol,12113.0,5,29.0,1299000,2
5470,SUV,Manual,1,Hyundai Creta,2018,1.6 SX Option,Bangalore,Comprehensive,Petrol,87172.0,5,29.0,827999,6
5471,Hatchback,Manual,1,Maruti Alto,2021,Vxi 1.1,Bangalore,Third Party insurance,Petrol,20000.0,5,29.0,300000,3
5472,Hatchback,Manual,1,Hyundai i20,2013,Magna Optional 1.4 CRDi,Bangalore,Comprehensive,Diesel,51321.0,5,29.0,280000,11
5473,SUV,Manual,0,Skoda Kushaq,2022,1.0 TSI Style BSVI,Bangalore,Third Party insurance,Petrol,15400.0,5,29.0,1250000,2
5474,SUV,Manual,2,Ford Ecosport,2021,Thunder Edition Diesel,Bangalore,Comprehensive,Diesel,21000.0,5,29.0,899000,3
5475,SUV,Manual,1,Hyundai Creta,2019,1.6 SX Diesel,Bangalore,Third Party insurance,Diesel,34000.0,5,29.0,850000,5
5476,Hatchback,Manual,1,Hyundai EON,2015,Sportz,Bangalore,Comprehensive,Petrol,65595.0,5,29.0,246000,9
5477,SUV,Manual,1,Ford Ecosport,2014,1.5 DV5 MT Titanium,Bangalore,Third Party insurance,Diesel,10000.0,5,29.0,480000,10
5478,SUV,Manual,3,Ford Ecosport,2014,1.5 DV5 MT Titanium,Bangalore,Comprehensive,Diesel,70057.0,5,29.0,419000,10
5479,SUV,Manual,1,Kia Seltos,2020,HTK Plus G,Bangalore,Third Party,Petrol,14000.0,5,29.0,1050000,4
5480,Sedan,Manual,1,Skoda Rapid,2020,1.0 TSI Ambition,Bangalore,Comprehensive,Petrol,35984.0,5,29.0,734000,4
5481,SUV,Manual,1,Renault Captur,2017,1.5 Diesel RXL,Bangalore,Comprehensive,Diesel,80443.0,5,29.0,565000,7
5482,Hatchback,Manual,2,Maruti Wagon R,2009,LXI DUO BSIII,Bangalore,Third Party insurance,LPG,120000.0,5,29.0,0,15
5483,Hatchback,Manual,1,Hyundai i20 Active,2015,1.4 SX,Bangalore,Comprehensive,Diesel,49441.0,5,29.0,519000,9
5484,SUV,Manual,2,Hyundai Creta,2021,SX Executive BSVI,Bangalore,Comprehensive,Petrol,30908.0,5,29.0,1300000,3
5485,SUV,Manual,1,Jeep Compass,2017,2.0 Limited,Bangalore,Third Party insurance,Diesel,34441.0,5,29.0,1100000,7
5486,SUV,Automatic,1,Audi Q3,2014,2.0 TDI,Bangalore,Third Party insurance,Diesel,68000.0,5,29.0,1000000,10
5487,Hatchback,Manual,1,Ford Figo,2014,Petrol ZXI,Bangalore,Third Party insurance,Petrol,55000.0,5,29.0,150000,10
5488,Hatchback,Manual,1,Hyundai i10,2014,Sportz,Bangalore,Comprehensive,Petrol,37000.0,5,29.0,239000,10
5489,Hatchback,Manual,1,Maruti Alto 800,2020,LXI,Bangalore,Comprehensive,Petrol,43317.0,5,29.0,316000,4
5490,Hatchback,Manual,1,Maruti Alto 800,2020,VXI Plus BSVI,Bangalore,Comprehensive,Petrol,21298.0,5,29.0,336000,4
5491,SUV,Manual,1,Honda WR-V,2020,SV,Bangalore,Comprehensive,Petrol,33393.0,5,29.0,687000,4
5492,Hatchback,Manual,1,Maruti Eeco,2019,5 Seater AC,Bangalore,Comprehensive,Petrol,21166.0,5,29.0,395000,5
5493,SUV,Automatic,1,Hyundai Creta,2019,1.6 SX Automatic Diesel,Bangalore,Comprehensive,Diesel,126254.0,5,29.0,894999,5
5494,Hatchback,Manual,1,Datsun GO,2016,T BSIV,Bangalore,Comprehensive,Petrol,43595.0,5,29.0,274000,8
5495,Sedan,Manual,1,Maruti Ciaz,2015,ZXi,Bangalore,Comprehensive,Petrol,22276.0,5,29.0,420000,9
5496,Sedan,Automatic,1,Tata Tigor EV,2023,XZ Plus LUX,Bangalore,Third Party insurance,Electric,10000.0,5,29.0,1350000,1
5497,Hatchback,Manual,1,Hyundai i10,2016,Sportz,Bangalore,Comprehensive,Petrol,10415.0,5,29.0,290000,8
5498,Minivans,Manual,1,Maruti Eeco,2013,5 Seater AC BSIV,Bangalore,Third Party insurance,Petrol,20000.0,5,29.0,160000,11
5499,SUV,Manual,2,Tata Punch,2022,Adventure Rhythm BSVI,Bangalore,Third Party insurance,Petrol,10000.0,5,29.0,590000,2
5500,Hatchback,Manual,2,Maruti Alto 800,2007,LXI,Bangalore,Third Party insurance,Petrol,30000.0,5,29.0,0,17
5501,Hatchback,Manual,1,Hyundai Grand i10,2016,Sportz,Bangalore,Third Party insurance,Petrol,90000.0,5,29.0,400000,8
5502,SUV,Manual,1,Honda WR-V,2019,i-DTEC VX,Bangalore,Comprehensive,Diesel,42015.0,5,29.0,787000,5
5503,Sedan,Manual,1,Toyota Corolla Altis,2018,1.4 DGL,Bangalore,Comprehensive,Diesel,72456.0,5,29.0,899000,6
5504,Sedan,Manual,1,Mahindra Renault Logan,2009,1.5 DLE Diesel,Bangalore,Third Party insurance,Diesel,60000.0,5,29.0,125000,15
5505,Hatchback,Manual,1,Maruti Ritz,2014,LDi,Bangalore,Comprehensive,Diesel,116032.0,5,29.0,268000,10
5506,Sedan,Manual,1,Volkswagen Vento,2014,1.5 TDI Comfortline,Bangalore,Third Party insurance,Diesel,30000.0,5,29.0,340000,10
5507,Hatchback,Manual,2,Tata Tiago,2017,1.2 Revotron XM,Bangalore,Third Party insurance,Petrol,40000.0,5,29.0,265000,7
5508,Hatchback,Manual,2,Tata Tiago,2017,1.05 Revotorq XM,Bangalore,Third Party insurance,Diesel,40000.0,5,29.0,265000,7
5509,Hatchback,Manual,1,Hyundai Grand i10,2017,1.2 Kappa Asta,Bangalore,Third Party insurance,Petrol,30000.0,5,29.0,450000,7
5510,SUV,Manual,1,Renault Duster,2013,85PS Diesel RxE,Bangalore,Third Party insurance,Diesel,65000.0,5,29.0,200000,11
5511,Hatchback,Manual,1,Hyundai EON,2017,Era Plus,Bangalore,Third Party insurance,Petrol,20000.0,5,29.0,160000,7
5512,Sedan,Automatic,2,BMW 3 Series,2015,320d Sport Line,Bangalore,Third Party insurance,Diesel,70000.0,5,29.0,1000000,9
5513,Sedan,Automatic,1,Honda City,2021,ZX CVT,Bangalore,Third Party insurance,Petrol,10000.0,5,29.0,1220000,3
5514,Hatchback,Manual,1,Tata Tiago,2020,XZ,Bangalore,Third Party insurance,Petrol,20000.0,5,29.0,437000,4
5515,Sedan,Automatic,3,Honda Civic,2008,1.8 S AT,Bangalore,Third Party insurance,Petrol,60000.0,5,29.0,150000,16
5516,Sedan,Automatic,3,BMW 3 Series,2010,320i,Bangalore,Third Party insurance,Petrol,20000.0,5,29.0,400000,14
5517,Hatchback,Manual,2,Hyundai Grand i10,2013,Asta,Bangalore,Third Party insurance,Petrol,20000.0,5,29.0,190000,11
5518,Hatchback,Manual,1,Hyundai Grand i10 Nios,2021,Asta,Bangalore,Third Party insurance,Petrol,40000.0,5,29.0,650000,3
5519,Hatchback,Manual,1,Hyundai i20,2019,Sportz Plus BSIV,Bangalore,Third Party insurance,Petrol,10000.0,5,29.0,600000,5
5520,Hatchback,Automatic,1,Maruti Celerio X,2019,AMT VXI Option BSIV,Bangalore,Comprehensive,Petrol,28689.0,5,29.0,450000,5
5521,SUV,Automatic,1,Tata Nexon EV Prime,2020,XZ Plus LUX,Bangalore,Comprehensive,Electric,53700.0,5,29.0,1220000,4
5522,SUV,Manual,1,Hyundai Creta,2016,1.6 VTVT S,Bangalore,Comprehensive,Petrol,69150.0,5,29.0,599000,8
5523,Hatchback,Manual,1,Hyundai i20,2018,1.2 Asta,Bangalore,Comprehensive,Petrol,42411.0,5,29.0,550000,6
5524,Sedan,Manual,1,Honda City,2015,i VTEC V,Bangalore,Third Party insurance,Petrol,72000.0,5,29.0,335000,9
5525,SUV,Automatic,1,Tata Nexon EV Prime,2020,XZ Plus,Bangalore,Third Party insurance,Electric,31100.0,5,29.0,1275000,4
5526,SUV,Automatic,1,Tata Nexon EV Prime,2021,XZ Plus LUX,Bangalore,Comprehensive,Electric,26000.0,5,29.0,1350000,3
5527,Hatchback,Manual,1,Renault KWID,2019,1.0 RXT Opt BSIV,Bangalore,Third Party,Petrol,11000.0,5,29.0,350000,5
5528,Sedan,Manual,2,Honda City,2016,i VTEC V,Bangalore,Third Party,Petrol,23000.0,5,29.0,475000,8
5529,Hatchback,Automatic,1,Toyota Glanza,2021,G CVT,Bangalore,Third Party,Petrol,5000.0,5,29.0,765000,3
5530,SUV,Manual,1,Hyundai Creta,2021,S BSVI,Bangalore,Third Party insurance,Petrol,24000.0,5,29.0,1150000,3
5531,Sedan,Manual,1,Toyota Corolla Altis,2010,G,Bangalore,Third Party insurance,Petrol,50000.0,5,29.0,250000,14
5532,Hatchback,Manual,1,Ford Figo,2010,Petrol ZXI,Bangalore,Comprehensive,Petrol,41232.0,5,29.0,165000,14
5533,Sedan,Automatic,1,Tata Tigor EV,2022,XZ Plus,Bangalore,Third Party insurance,Electric,48277.0,5,29.0,900000,2
5534,Hatchback,Automatic,1,Maruti Wagon R,2017,AMT VXI,Bangalore,Third Party insurance,Petrol,37000.0,5,29.0,350000,7
5535,SUV,Manual,1,Hyundai Creta,2019,1.6 E Plus,Bangalore,Comprehensive,Petrol,32475.0,5,29.0,800000,5
5536,SUV,Automatic,2,Audi Q5,2010,2.0 TFSI Quattro,Bangalore,Comprehensive,Petrol,50245.0,5,29.0,900000,14
5537,Hatchback,Manual,1,Maruti Swift,2013,VDI,Bangalore,Third Party insurance,Diesel,39000.0,5,29.0,300000,11
5538,SUV,Manual,1,Honda WR-V,2018,i-DTEC VX,Bangalore,Third Party insurance,Diesel,40000.0,5,29.0,550000,6
5539,Sedan,Manual,1,Toyota Corolla Altis,2012,Diesel D4DG,Bangalore,Third Party insurance,Diesel,65000.0,5,29.0,200000,12
5540,Sedan,Manual,1,Maruti Ciaz,2015,VDi Plus,Bangalore,Third Party insurance,Diesel,73000.0,5,29.0,375000,9
5541,Hatchback,Manual,1,Hyundai Grand i10 Nios,2020,Magna,Bangalore,Third Party insurance,Petrol,29000.0,5,29.0,499000,4
5542,SUV,Automatic,1,Renault Duster,2017,110PS Diesel RxZ AMT,Bangalore,Third Party insurance,Diesel,50000.0,5,29.0,600000,7
5543,SUV,Automatic,1,Mercedes-Benz M-Class,2012,ML 350 CDI,Bangalore,Third Party insurance,Diesel,80000.0,5,29.0,775000,12
5544,Hatchback,Manual,1,Honda Brio,2013,S MT,Bangalore,Third Party insurance,Petrol,61000.0,5,29.0,190000,11
5545,SUV,Manual,1,Jeep Compass,2018,2.0 Limited Option 4X4 Black,Bangalore,Third Party insurance,Diesel,28831.0,5,29.0,1000000,6
5546,Sedan,Manual,1,Honda City,2018,i-DTEC ZX,Bangalore,Third Party insurance,Diesel,49000.0,5,29.0,790000,6
5547,Sedan,Manual,1,Honda City,2016,i VTEC V,Bangalore,Comprehensive,Petrol,27460.0,5,29.0,525000,8
5548,Hatchback,Automatic,1,Maruti Baleno,2021,Zeta CVT,Bangalore,Third Party insurance,Petrol,14000.0,5,29.0,724000,3
5549,Sedan,Manual,1,Honda City,2014,i VTEC S,Bangalore,Comprehensive,Petrol,43985.0,5,29.0,435000,10
5550,Hatchback,Manual,1,Maruti Ignis,2022,Delta,Bangalore,Comprehensive,Petrol,15000.0,5,29.0,575000,2
5551,Sedan,Manual,2,Ford Aspire,2017,1.2 Ti-VCT Titanium,Bangalore,Comprehensive,Petrol,71762.0,5,29.0,335000,7
5552,Sedan,Automatic,1,Maruti Ciaz,2017,1.4 AT Alpha,Bangalore,Comprehensive,Petrol,79000.0,5,29.0,650000,7
5553,Sedan,Manual,1,Honda City,2016,i VTEC SV,Bangalore,Comprehensive,Petrol,38734.0,5,29.0,485000,8
5554,Hatchback,Manual,1,Maruti Celerio,2022,ZXI Plus BSVI,Bangalore,Comprehensive,Petrol,22000.0,5,29.0,575000,2
5555,Sedan,Automatic,1,Volkswagen Vento,2017,1.2 Highline Plus AT 16 Alloy,Bangalore,Comprehensive,Petrol,54000.0,5,29.0,650000,7
5556,SUV,Manual,1,Renault Duster,2016,85PS Diesel RxZ,Bangalore,Comprehensive,Diesel,50000.0,5,29.0,450000,8
5557,Sedan,Automatic,1,Volkswagen Vento,2017,1.2 TSI Highline Plus AT,Bangalore,Comprehensive,Petrol,54000.0,5,29.0,650000,7
5558,Hatchback,Manual,1,Hyundai i20,2019,Petrol Magna,Bangalore,Third Party insurance,Petrol,32337.0,5,29.0,545000,5
5559,Hatchback,Manual,1,Renault KWID,2020,Climber 1.0 MT Opt,Bangalore,Comprehensive,Petrol,17330.0,5,29.0,415000,4
5560,Sedan,Manual,1,Honda Amaze,2020,S i-VTEC,Bangalore,Comprehensive,Petrol,28316.0,5,29.0,545000,4
5561,SUV,Automatic,1,Hyundai Venue,2021,SX Plus Turbo DCT,Bangalore,Comprehensive,Petrol,22000.0,5,29.0,950000,3
5562,SUV,Manual,1,Maruti Vitara Brezza,2019,ZDi Plus,Bangalore,Comprehensive,Diesel,49000.0,5,29.0,795000,5
5563,SUV,Manual,1,Ford Ecosport,2015,1.5 Petrol Titanium Plus,Bangalore,Comprehensive,Petrol,65000.0,5,29.0,475000,9
5564,SUV,Manual,1,Hyundai Creta,2018,1.6 VTVT SX Plus Dual Tone,Bangalore,Comprehensive,Petrol,51000.0,5,29.0,799000,6
5565,Sedan,Automatic,1,Honda City,2020,ZX CVT,Bangalore,Comprehensive,Petrol,32000.0,5,29.0,990000,4
5566,Sedan,Manual,1,Toyota Corolla Altis,2014,GL MT,Bangalore,Comprehensive,Petrol,34000.0,5,29.0,625000,10
5567,Sedan,Manual,1,Maruti Ciaz,2017,VDi Plus SHVS,Bangalore,Comprehensive,Diesel,65000.0,5,29.0,550000,7
5568,Sedan,Manual,1,Maruti Ciaz,2015,Alpha BSVI,Bangalore,Comprehensive,Petrol,51000.0,5,29.0,525000,9
5569,SUV,Manual,1,Toyota Urban cruiser,2022,High,Bangalore,Comprehensive,Petrol,17000.0,5,29.0,925000,2
5570,Hatchback,Manual,1,Renault KWID,2019,RXT Optional,Bangalore,Comprehensive,Petrol,6971.0,5,29.0,325000,5
5571,Hatchback,Manual,1,Toyota Glanza,2023,V,Bangalore,Comprehensive,Petrol,3000.0,5,29.0,899000,1
5572,Hatchback,Manual,1,Maruti Alto 800,2018,LXI,Bangalore,Comprehensive,Petrol,27447.0,5,29.0,289000,6
5573,Sedan,Manual,1,Maruti Swift Dzire,2018,VXI 1.2,Bangalore,Comprehensive,Petrol,22008.0,5,29.0,499000,6
5574,Sedan,Manual,1,Hyundai Verna,2015,1.6 SX VTVT,Bangalore,Comprehensive,Petrol,44000.0,5,29.0,455000,9
5575,SUV,Manual,1,Ford Ecosport,2018,1.5 TDCi Trend Plus BE BSIV,Bangalore,Comprehensive,Diesel,60000.0,5,29.0,599000,6
5576,Sedan,Automatic,1,Toyota Yaris,2018,VX CVT,Bangalore,Comprehensive,Petrol,37000.0,5,29.0,799000,6
5577,Hatchback,Manual,1,Maruti Baleno,2020,1.2 Sigma,Bangalore,Comprehensive,Petrol,9000.0,5,29.0,575000,4
5578,SUV,Manual,1,Hyundai Creta,2016,1.6 VTVT S,Bangalore,Comprehensive,Petrol,52000.0,5,29.0,599000,8
5579,Hatchback,Manual,1,Maruti Baleno,2017,1.2 Delta,Bangalore,Comprehensive,Petrol,30400.0,5,29.0,465000,7
5580,SUV,Automatic,1,Hyundai Venue,2021,SX Plus Turbo DCT DT,Bangalore,Comprehensive,Petrol,29000.0,5,29.0,950000,3
5581,Sedan,Automatic,1,Honda City,2020,ZX CVT,Bangalore,Comprehensive,Petrol,32000.0,5,29.0,990000,4
5582,Hatchback,Manual,1,Hyundai Grand i10,2014,Asta Option,Bangalore,Comprehensive,Petrol,45000.0,5,29.0,350000,10
5583,Sedan,Manual,1,Honda Amaze,2016,SX i VTEC,Bangalore,Comprehensive,Petrol,49000.0,5,29.0,395000,8
5584,Sedan,Manual,1,Toyota Corolla Altis,2010,GL,Bangalore,Comprehensive,Petrol,70000.0,5,29.0,275000,14
5585,Sedan,Manual,1,Hyundai Verna,2012,1.6 SX,Bangalore,Third Party insurance,Diesel,65000.0,5,29.0,349000,12
5586,SUV,Automatic,1,Tata Nexon,2019,1.5 Revotorq XMA,Bangalore,Comprehensive,Diesel,58000.0,5,29.0,725000,5
5587,Hatchback,Manual,1,Maruti Baleno,2018,1.3 Sigma,Bangalore,Comprehensive,Diesel,64000.0,5,29.0,440000,6
5588,Hatchback,Manual,1,Hyundai Grand i10,2018,1.2 Kappa Magna BSIV,Bangalore,Comprehensive,Petrol,12000.0,5,29.0,475000,6
5589,Sedan,Manual,1,Maruti Swift Dzire,2016,VXI 1.2,Bangalore,Comprehensive,Petrol,50000.0,5,29.0,450000,8
5590,SUV,Manual,1,Renault Duster,2016,85PS Diesel RxZ,Bangalore,Comprehensive,Diesel,58000.0,5,29.0,465000,8
5591,Sedan,Automatic,2,Audi A4,2012,New  2.0 TDI Multitronic,Bangalore,Comprehensive,Diesel,50000.0,5,29.0,950000,12
5592,Hatchback,Manual,1,Maruti Alto 800,2020,VXI Plus BSVI,Bangalore,Third Party insurance,Petrol,16000.0,5,29.0,325000,4
5593,Hatchback,Manual,2,Volkswagen Polo,2010,Petrol Highline 1.2L,Bangalore,Comprehensive,Petrol,75000.0,5,29.0,199000,14
5594,Sedan,Manual,1,Ford Fiesta,2010,1.6 SXI ABS Duratec,Bangalore,Comprehensive,Petrol,28000.0,5,29.0,195000,14
5595,SUV,Manual,1,Hyundai Creta,2018,1.6 VTVT S,Bangalore,Comprehensive,Petrol,55000.0,5,29.0,725000,6
5596,Hatchback,Manual,1,Maruti Baleno,2018,1.3 Sigma,Bangalore,Comprehensive,Diesel,54000.0,5,29.0,455000,6
5597,Hatchback,Manual,1,Honda Jazz,2016,1.2 V i VTEC,Bangalore,Comprehensive,Petrol,55000.0,5,29.0,399000,8
5598,SUV,Automatic,1,Hyundai Venue,2021,SX Plus Turbo DCT,Bangalore,Comprehensive,Petrol,29000.0,5,29.0,950000,3
5599,Sedan,Manual,1,Hyundai Verna,2015,1.4 VTVT,Bangalore,Comprehensive,Petrol,48000.0,5,29.0,399000,9
5600,SUV,Manual,1,Tata Nexon,2021,XM BSVI,Bangalore,Comprehensive,Petrol,21000.0,5,29.0,740000,3
5601,Sedan,Manual,1,Hyundai Verna,2013,1.6 SX VTVT,Bangalore,Comprehensive,Petrol,52000.0,5,29.0,325000,11
5602,Sedan,Manual,1,Hyundai Xcent,2019,1.2 VTVT SX Option,Bangalore,Comprehensive,Petrol,39000.0,5,29.0,499000,5
5603,SUV,Manual,1,Hyundai Venue,2022,SX BSVI,Bangalore,Comprehensive,Petrol,9000.0,5,29.0,935000,2
5604,SUV,Manual,1,Kia Seltos,2020,GTX Plus,Bangalore,Comprehensive,Petrol,23000.0,5,29.0,1350000,4
5605,Hatchback,Manual,1,Volkswagen Polo,2010,Petrol Highline 1.2L,Bangalore,Comprehensive,Petrol,65000.0,5,29.0,199000,14
5606,Hatchback,Manual,1,Hyundai i10,2016,Magna 1.1L,Bangalore,Comprehensive,Petrol,45000.0,5,29.0,279000,8
5607,Sedan,Automatic,1,Maruti Ciaz,2017,Delta Diesel,Bangalore,Comprehensive,Diesel,55000.0,5,29.0,599000,7
5608,Hatchback,Manual,1,Hyundai Grand i10,2019,1.2 Kappa Sportz Option,Bangalore,Comprehensive,Petrol,26000.0,5,29.0,475000,5
5609,Sedan,Automatic,1,Skoda Rapid,2016,1.6 MPI AT Style Plus,Bangalore,Comprehensive,Petrol,54000.0,5,29.0,499000,8
5610,Sedan,Manual,1,Hyundai Verna,2015,1.6 VTVT SX,Bangalore,Comprehensive,Petrol,41000.0,5,29.0,450000,9
5611,Hatchback,Manual,1,Honda Jazz,2012,X,Bangalore,Comprehensive,Petrol,39000.0,5,29.0,225000,12
5612,Sedan,Automatic,1,Toyota Camry,2015,2.5 G,Bangalore,Comprehensive,Petrol,75000.0,5,29.0,990000,9
5613,Hatchback,Manual,1,Hyundai Grand i10 Nios,2020,Sportz Dual Tone,Bangalore,Comprehensive,Petrol,12000.0,5,29.0,575000,4
5614,Hatchback,Manual,1,Honda Brio,2018,1.2 S Option MT,Bangalore,Comprehensive,Petrol,46000.0,5,29.0,399000,6
5615,Sedan,Automatic,1,BMW 3 Series,2013,320d Sport Line,Bangalore,Comprehensive,Diesel,39000.0,5,29.0,1100000,11
5616,Sedan,Manual,1,Hyundai Verna,2015,1.4 VTVT,Bangalore,Comprehensive,Petrol,45000.0,5,29.0,399000,9
5617,Sedan,Manual,1,Honda City,2017,i VTEC VX,Bangalore,Third Party insurance,Petrol,47000.0,5,29.0,699000,7
5618,SUV,Automatic,1,Hyundai Creta,2020,SX Opt Knight IVT BSVI,Bangalore,Third Party insurance,Petrol,55000.0,5,29.0,1415000,4
5619,Hatchback,Manual,1,Renault KWID,2022,1.0 RXT Opt,Bangalore,Comprehensive,Petrol,5000.0,5,29.0,455000,2
5620,Hatchback,Manual,1,Maruti Alto 800,2021,LXI,Bangalore,Comprehensive,Petrol,5000.0,5,29.0,330000,3
5621,Sedan,Manual,1,Renault Scala,2013,RxL Travelogue,Bangalore,Comprehensive,Petrol,61000.0,5,29.0,199000,11
5622,SUV,Automatic,1,Audi Q3,2015,2.0 TDI,Bangalore,Comprehensive,Diesel,45000.0,5,29.0,1190000,9
5623,Sedan,Manual,1,Hyundai Verna,2016,1.6 VTVT S,Bangalore,Comprehensive,Petrol,38247.0,5,29.0,535000,8
5624,Hatchback,Manual,1,Ford Figo,2015,1.5D Titanium MT,Bangalore,Comprehensive,Diesel,75000.0,5,29.0,195000,9
5625,SUV,Manual,1,Ford Ecosport,2014,1.5 DV5 MT Titanium,Bangalore,Comprehensive,Diesel,72561.0,5,29.0,425000,10
5626,Hatchback,Manual,3,Hyundai i10,2009,Magna,Bangalore,Third Party insurance,Petrol,53562.0,5,29.0,158000,15
5627,Hatchback,Manual,1,Hyundai Grand i10,2019,Magna,Bangalore,Third Party insurance,Petrol,32190.0,5,29.0,425000,5
5628,Hatchback,Manual,1,Maruti Alto 800,2013,LXI,Bangalore,Third Party insurance,Petrol,20000.0,5,29.0,115000,11
5629,Hatchback,Manual,1,Maruti Ritz,2009,VXI,Bangalore,Third Party insurance,Petrol,50000.0,5,29.0,0,15
5630,SUV,Manual,1,Renault Kiger,2022,RXZ,Bangalore,Third Party insurance,Petrol,20000.0,5,29.0,650000,2
5631,Hatchback,Manual,1,Maruti Wagon R,2007,LXI Minor,Bangalore,Third Party insurance,Petrol,20000.0,5,29.0,0,17
5632,SUV,Manual,1,Renault Kiger,2022,RXZ,Bangalore,Third Party insurance,Petrol,30000.0,5,29.0,650000,2
5633,Hatchback,Manual,1,Renault KWID,2018,1.0 RXT,Bangalore,Third Party insurance,Petrol,120000.0,5,29.0,190000,6
5634,Hatchback,Manual,1,Volkswagen Polo,2013,Petrol Highline 1.2L,Bangalore,Third Party insurance,Petrol,60000.0,5,29.0,200000,11
5635,Hatchback,Manual,2,Ford Figo,2013,Petrol ZXI,Bangalore,Third Party insurance,Petrol,60000.0,5,29.0,160000,11
5636,Hatchback,Manual,1,Fiat Grande Punto,2010,1.2 Emotion,Bangalore,Third Party insurance,Petrol,30000.0,5,29.0,120000,14
5637,Hatchback,Manual,1,Fiat Grande Punto,2011,1.2 Emotion,Bangalore,Third Party insurance,Petrol,24000.0,5,29.0,140000,13
5638,Hatchback,Manual,1,Maruti Alto,2009,LX,Bangalore,Third Party insurance,Petrol,40000.0,5,29.0,115000,15
5639,Hatchback,Manual,1,Maruti Swift,2013,ZXI,Bangalore,Third Party insurance,Petrol,60000.0,5,29.0,250000,11
5640,Sedan,Manual,1,Hyundai Xcent Prime,2019,T Plus CNG,Bangalore,Third Party insurance,CNG,30000.0,5,29.0,480000,5
5641,Sedan,Manual,2,Honda City,2008,EXi,Bangalore,Comprehensive,Petrol,84000.0,5,29.0,150000,16
5642,Hatchback,Manual,1,Maruti Alto 800,2018,LXI,Bangalore,Third Party insurance,Petrol,151000.0,5,29.0,175000,6
5643,Hatchback,Manual,1,Maruti Wagon R,2021,VXI,Bangalore,Third Party insurance,Petrol,7000.0,5,29.0,490000,3
5644,Hatchback,Manual,1,Hyundai i20,2010,1.2 Magna,Bangalore,Third Party insurance,Petrol,20000.0,5,29.0,250000,14
5645,SUV,Manual,1,Tata Nexon,2018,1.5 Revotorq XE,Bangalore,Third Party insurance,Diesel,50000.0,5,29.0,550000,6
5646,Hatchback,Manual,1,Hyundai Santro Xing,2009,GLS,Bangalore,Third Party insurance,Petrol,50000.0,5,29.0,125000,15
5647,Hatchback,Manual,1,Hyundai i20,2015,Magna 1.4 CRDi,Bangalore,Third Party insurance,Diesel,80000.0,5,29.0,280000,9
5648,SUV,Automatic,1,Tata Nexon,2022,XZA Plus P Dark Edition AMT,Bangalore,Third Party insurance,Petrol,10000.0,5,29.0,1082000,2
5649,Sedan,Manual,1,Honda Amaze,2018,E i-VTEC,Bangalore,Third Party insurance,Petrol,30000.0,5,29.0,475000,6
5650,Hatchback,Manual,3,Maruti Ritz,2010,VXi,Bangalore,Third Party insurance,Petrol,80000.0,5,29.0,105000,14
5651,Hatchback,Manual,1,Maruti Baleno,2019,1.3 Delta,Bangalore,Third Party insurance,Diesel,80000.0,5,29.0,500000,5
5652,Sedan,Automatic,1,Maruti Ciaz,2017,1.4 AT Alpha,Bangalore,Third Party insurance,Petrol,40000.0,5,29.0,525000,7
5653,Hatchback,Manual,1,Maruti Swift,2021,VXI,Bangalore,Third Party insurance,Petrol,10000.0,5,29.0,650000,3
5654,Hatchback,Manual,1,Maruti Swift,2021,VXI,Bangalore,Third Party insurance,Petrol,10000.0,5,29.0,650000,3
5655,Hatchback,Manual,1,Maruti Alto 800,2014,LXI,Bangalore,Third Party insurance,Petrol,30000.0,5,29.0,200000,10
5656,Hatchback,Manual,1,Tata Tiago,2018,1.2 Revotron XZ Plus Dual Tone,Bangalore,Third Party insurance,Petrol,20000.0,5,29.0,400000,6
5657,SUV,Automatic,1,Kia Sonet,2023,GTX Plus Turbo DCT BSVI,Bangalore,Third Party insurance,Petrol,10000.0,5,29.0,1200000,1
5658,Hatchback,Manual,1,Tata Tiago NRG,2019,XZ BSVI,Bangalore,Third Party insurance,Petrol,20000.0,5,29.0,500000,5
5659,Sedan,Manual,1,Honda Amaze,2019,S Petrol BSIV,Bangalore,Third Party insurance,Petrol,30000.0,5,29.0,600000,5
5660,Hatchback,Manual,2,Hyundai i20,2010,1.2 Magna,Bangalore,Third Party insurance,Petrol,30000.0,5,29.0,230000,14
5661,Hatchback,Manual,1,Maruti Alto 800,2015,VXI,Bangalore,Third Party insurance,Petrol,40000.0,5,29.0,210000,9
5662,SUV,Manual,1,Hyundai Creta,2019,1.6 SX,Bangalore,Third Party insurance,Petrol,20000.0,5,29.0,1000000,5
5663,Sedan,Manual,1,Maruti Swift Dzire,2019,VXI 1.2,Bangalore,Third Party insurance,Petrol,40000.0,5,29.0,550000,5
5664,Sedan,Manual,1,Maruti Swift Dzire,2019,VXI 1.2,Bangalore,Third Party insurance,Petrol,40000.0,5,29.0,550000,5
5665,Sedan,Manual,1,Honda City,2023,VX,Bangalore,Third Party insurance,Petrol,20000.0,5,29.0,1200000,1
5666,Hatchback,Manual,1,Hyundai i10,2010,Sportz 1.2,Bangalore,Third Party insurance,Petrol,120000.0,5,29.0,160000,14
5667,Hatchback,Manual,2,Volkswagen Polo,2011,Petrol Comfortline 1.2L,Bangalore,Third Party insurance,Petrol,150000.0,5,29.0,180000,13
5668,Hatchback,Manual,1,Hyundai i10,2011,Sportz,Bangalore,Third Party insurance,Petrol,38000.0,5,29.0,225000,13
5669,SUV,Manual,1,Tata Nexon,2022,XE BSVI,Bangalore,Third Party insurance,Petrol,20000.0,5,29.0,674000,2
5670,Hatchback,Manual,1,Hyundai EON,2012,Magna Plus,Bangalore,Third Party insurance,Petrol,30000.0,5,29.0,200000,12
5671,Hatchback,Manual,1,Maruti Wagon R,2015,VXI BS IV,Bangalore,Third Party insurance,Petrol,50000.0,5,29.0,290000,9
5672,Sedan,Manual,1,Maruti Swift Dzire,2010,VXi,Bangalore,Third Party insurance,Petrol,60000.0,5,29.0,250000,14
5673,Sedan,Manual,1,Honda City,2013,V MT,Bangalore,Third Party insurance,Petrol,60000.0,5,29.0,400000,11
5674,Hatchback,Manual,1,Volkswagen Polo,2015,1.2 MPI Comfortline,Bangalore,Third Party insurance,Petrol,70000.0,5,29.0,360000,9
5675,Hatchback,Manual,1,Hyundai Santro Xing,2009,GL,Bangalore,Third Party insurance,Petrol,30000.0,5,29.0,150000,15
5676,Hatchback,Manual,1,Maruti Celerio,2022,ZXI BSVI,Bangalore,Third Party insurance,Petrol,10000.0,5,29.0,510000,2
5677,Hatchback,Manual,1,Maruti Alto 800,2014,LXI,Bangalore,Third Party insurance,Petrol,120000.0,5,29.0,180000,10
5678,Sedan,Automatic,3,Mercedes-Benz C-Class,2011,C 200 CGI Elegance,Bangalore,Third Party insurance,Petrol,50000.0,5,29.0,550000,13
5679,Hatchback,Manual,1,Maruti Ritz,2012,ZXi,Bangalore,Third Party insurance,Petrol,40000.0,5,29.0,140000,12
5680,SUV,Manual,2,Renault Duster,2017,110PS Diesel RxZ AWD,Bangalore,Third Party insurance,Diesel,120000.0,5,29.0,500000,7
